destSlug,fieldPath,oldUrl,newUrl,confidence,provider,dryRun,appliedAt
kanatal,gallery[0],https://images.pexels.com/photos/16871285/pexels-photo-16871285.jpeg?auto=compress&cs=tinysrgb&dpr=2&h=650&w=940,https://images.unsplash.com/photo-1588305665522-1c6af1f69b09?crop=entropy&cs=srgb&fm=jpg&ixid=M3wxMDMzNjUxfDB8MXxzZWFyY2h8MXx8S2FuYXRhbCUyMFV0dGFyYWtoYW5kJTIwSW5kaWElMjB0cmF2ZWx8ZW58MHwwfHx8MTc4NzAwMzQ2NXww&ixlib=rb-4.1.0&q=85,100,unsplash,no,2026-08-18T18:17:47.327Z
kanatal,topPlaces[1].photos[0],https://images.pexels.com/photos/9290337/pexels-photo-9290337.jpeg?auto=compress&cs=tinysrgb&dpr=2&h=650&w=940,https://images.unsplash.com/photo-1737739661164-17c46362641f?crop=entropy&cs=srgb&fm=jpg&ixid=M3wxMDMzNjUxfDB8MXxzZWFyY2h8MXx8VGVocmklMjBMYWtlJTIwVXR0YXJha2hhbmQlMjBJbmRpYXxlbnwwfDB8fHwxNzg3MDc0MzUwfDA&ixlib=rb-4.1.0&q=85,100,unsplash,no,2026-08-18T18:17:49.085Z
kanatal,topPlaces[1].photos[1],https://images.pexels.com/photos/8055260/pexels-photo-8055260.jpeg?auto=compress&cs=tinysrgb&dpr=2&h=650&w=940,https://images.pexels.com/photos/9290337/pexels-photo-9290337.jpeg?auto=compress&cs=tinysrgb&dpr=2&h=650&w=940,98,pexels,no,2026-08-18T18:17:49.108Z
kanatal,topPlaces[1].photos[2],https://images.pexels.com/photos/1036914/pexels-photo-1036914.jpeg?auto=compress&cs=tinysrgb&dpr=2&h=650&w=940,https://images.pexels.com/photos/8055260/pexels-photo-8055260.jpeg?auto=compress&cs=tinysrgb&dpr=2&h=650&w=940,98,pexels,no,2026-08-18T18:17:49.132Z
kanatal,topPlaces[3].image,https://images.pexels.com/photos/34121475/pexels-photo-34121475.jpeg?auto=compress&cs=tinysrgb&dpr=2&h=650&w=940,https://images.unsplash.com/photo-1689676452888-c9ccc1896e96?crop=entropy&cs=srgb&fm=jpg&ixid=M3wxMDMzNjUxfDB8MXxzZWFyY2h8MXx8RGhhbmF1bHRpJTIwVXR0YXJha2hhbmQlMjBJbmRpYXxlbnwwfDB8fHwxNzg3MDc0MzU0fDA&ixlib=rb-4.1.0&q=85,100,unsplash,no,2026-08-18T18:17:50.899Z
kanatal,topPlaces[3].photos[2],https://images.pexels.com/photos/13353126/pexels-photo-13353126.jpeg?auto=compress&cs=tinysrgb&dpr=2&h=650&w=940,https://images.unsplash.com/photo-1689676474552-3c5df0ec6b56?crop=entropy&cs=srgb&fm=jpg&ixid=M3wxMDMzNjUxfDB8MXxzZWFyY2h8Mnx8RGhhbmF1bHRpJTIwVXR0YXJha2hhbmQlMjBJbmRpYXxlbnwwfDB8fHwxNzg3MDc0MzU0fDA&ixlib=rb-4.1.0&q=85,100,unsplash,no,2026-08-18T18:17:50.923Z
kanatal,topPlaces[4].image,https://images.pexels.com/photos/36908034/pexels-photo-36908034.jpeg?auto=compress&cs=tinysrgb&dpr=2&h=650&w=940,https://images.pexels.com/photos/36908034/pexels-photo-36908034.jpeg?auto=compress&cs=tinysrgb&dpr=2&h=650&w=940,98,pexels,no,2026-08-18T18:17:53.259Z
kanatal,topPlaces[4].photos[1],https://images.pexels.com/photos/33753775/pexels-photo-33753775.jpeg?auto=compress&cs=tinysrgb&dpr=2&h=650&w=940,https://images.pexels.com/photos/13353126/pexels-photo-13353126.jpeg?auto=compress&cs=tinysrgb&dpr=2&h=650&w=940,98,pexels,no,2026-08-18T18:17:53.283Z
kanatal,topPlaces[4].photos[2],https://images.pexels.com/photos/19010046/pexels-photo-19010046.jpeg?auto=compress&cs=tinysrgb&dpr=2&h=650&w=940,https://images.pexels.com/photos/33753775/pexels-photo-33753775.jpeg?auto=compress&cs=tinysrgb&dpr=2&h=650&w=940,98,pexels,no,2026-08-18T18:17:53.309Z
kanatal,topPlaces[5].photos[2],https://images.pexels.com/photos/23534120/pexels-photo-23534120.jpeg?auto=compress&cs=tinysrgb&dpr=2&h=650&w=940,https://images.pexels.com/photos/23534120/pexels-photo-23534120.jpeg?auto=compress&cs=tinysrgb&dpr=2&h=650&w=940,98,pexels,no,2026-08-18T18:17:55.530Z
kanatal,topPlaces[6].photos[0],https://images.pexels.com/photos/1155084/pexels-photo-1155084.jpeg?auto=compress&cs=tinysrgb&dpr=2&h=650&w=940,https://images.unsplash.com/photo-1689676452888-c9ccc1896e96?crop=entropy&cs=srgb&fm=jpg&ixid=M3wxMDMzNjUxfDB8MXxzZWFyY2h8MXx8RWNvJTIwUGFyayUyMERoYW5hdWx0aSUyMFV0dGFyYWtoYW5kJTIwSW5kaWF8ZW58MHwwfHx8MTc4NzA3NDM2N3ww&ixlib=rb-4.1.0&q=85,100,unsplash,no,2026-08-18T18:17:57.347Z
kanatal,topPlaces[6].photos[1],https://images.pexels.com/photos/36096905/pexels-photo-36096905.jpeg?auto=compress&cs=tinysrgb&dpr=2&h=650&w=940,https://images.unsplash.com/photo-1689676474552-3c5df0ec6b56?crop=entropy&cs=srgb&fm=jpg&ixid=M3wxMDMzNjUxfDB8MXxzZWFyY2h8Mnx8RWNvJTIwUGFyayUyMERoYW5hdWx0aSUyMFV0dGFyYWtoYW5kJTIwSW5kaWF8ZW58MHwwfHx8MTc4NzA3NDM2N3ww&ixlib=rb-4.1.0&q=85,100,unsplash,no,2026-08-18T18:17:57.373Z
kanatal,topPlaces[6].photos[2],https://images.pexels.com/photos/36908048/pexels-photo-36908048.jpeg?auto=compress&cs=tinysrgb&dpr=2&h=650&w=940,https://images.unsplash.com/photo-1723126622362-c29ec78235e9?crop=entropy&cs=srgb&fm=jpg&ixid=M3wxMDMzNjUxfDB8MXxzZWFyY2h8M3x8RWNvJTIwUGFyayUyMERoYW5hdWx0aSUyMFV0dGFyYWtoYW5kJTIwSW5kaWF8ZW58MHwwfHx8MTc4NzA3NDM2N3ww&ixlib=rb-4.1.0&q=85,100,unsplash,no,2026-08-18T18:17:57.398Z
kanatal,topPlaces[7].photos[0],https://images.pexels.com/photos/37911658/pexels-photo-37911658.jpeg?auto=compress&cs=tinysrgb&dpr=2&h=650&w=940,https://images.unsplash.com/photo-1608942025318-1191eeade556?crop=entropy&cs=srgb&fm=jpg&ixid=M3wxMDMzNjUxfDB8MXxzZWFyY2h8MXx8TmFnJTIwVGliYmElMjBUcmVrJTIwVXR0YXJha2hhbmQlMjBJbmRpYXxlbnwwfDB8fHwxNzg3MDc0MzcxfDA&ixlib=rb-4.1.0&q=85,100,unsplash,no,2026-08-18T18:17:58.998Z
kanatal,topPlaces[7].photos[1],https://images.pexels.com/photos/37898606/pexels-photo-37898606.jpeg?auto=compress&cs=tinysrgb&dpr=2&h=650&w=940,https://images.unsplash.com/photo-1689676474552-3c5df0ec6b56?crop=entropy&cs=srgb&fm=jpg&ixid=M3wxMDMzNjUxfDB8MXxzZWFyY2h8Mnx8TmFnJTIwVGliYmElMjBUcmVrJTIwVXR0YXJha2hhbmQlMjBJbmRpYXxlbnwwfDB8fHwxNzg3MDc0MzcxfDA&ixlib=rb-4.1.0&q=85,100,unsplash,no,2026-08-18T18:17:59.022Z
kanatal,topPlaces[7].photos[2],https://images.pexels.com/photos/37911660/pexels-photo-37911660.jpeg?auto=compress&cs=tinysrgb&dpr=2&h=650&w=940,https://images.unsplash.com/photo-1608497582272-627e105265ab?crop=entropy&cs=srgb&fm=jpg&ixid=M3wxMDMzNjUxfDB8MXxzZWFyY2h8M3x8TmFnJTIwVGliYmElMjBUcmVrJTIwVXR0YXJha2hhbmQlMjBJbmRpYXxlbnwwfDB8fHwxNzg3MDc0MzcxfDA&ixlib=rb-4.1.0&q=85,100,unsplash,no,2026-08-18T18:17:59.046Z
kanatal,topPlaces[8].image,https://images.pexels.com/photos/16090413/pexels-photo-16090413.jpeg?auto=compress&cs=tinysrgb&dpr=2&h=650&w=940,https://images.unsplash.com/photo-1670563545031-2266dec5a0bf?crop=entropy&cs=srgb&fm=jpg&ixid=M3wxMDMzNjUxfDB8MXxzZWFyY2h8MXx8VGVocmklMjBEYW0lMjBWaWV3cG9pbnQlMjBVdHRhcmFraGFuZCUyMEluZGlhfGVufDB8MHx8fDE3ODcwNzQzNzV8MA&ixlib=rb-4.1.0&q=85,100,unsplash,no,2026-08-18T18:18:00.073Z
kanatal,topPlaces[8].photos[1],https://images.pexels.com/photos/32126841/pexels-photo-32126841.jpeg?auto=compress&cs=tinysrgb&dpr=2&h=650&w=940,https://images.unsplash.com/photo-1603474203129-fc5763b04ef5?crop=entropy&cs=srgb&fm=jpg&ixid=M3wxMDMzNjUxfDB8MXxzZWFyY2h8Mnx8VGVocmklMjBEYW0lMjBWaWV3cG9pbnQlMjBVdHRhcmFraGFuZCUyMEluZGlhfGVufDB8MHx8fDE3ODcwNzQzNzV8MA&ixlib=rb-4.1.0&q=85,100,unsplash,no,2026-08-18T18:18:00.100Z
kanatal,topPlaces[9].photos[0],https://images.pexels.com/photos/36908033/pexels-photo-36908033.jpeg?auto=compress&cs=tinysrgb&dpr=2&h=650&w=940,https://images.unsplash.com/photo-1667694140865-0afefb32e6e6?crop=entropy&cs=srgb&fm=jpg&ixid=M3wxMDMzNjUxfDB8MXxzZWFyY2h8MXx8S2F1ZGlhJTIwRm9yZXN0JTIwWmlwbGluZSUyMFV0dGFyYWtoYW5kJTIwSW5kaWF8ZW58MHwwfHx8MTc4NzA3NDM3OXww&ixlib=rb-4.1.0&q=85,100,unsplash,no,2026-08-18T18:18:01.372Z
kanatal,topPlaces[9].photos[1],https://images.pexels.com/photos/36096938/pexels-photo-36096938.jpeg?auto=compress&cs=tinysrgb&dpr=2&h=650&w=940,https://images.unsplash.com/photo-1722705201945-5cdcb86e59ac?crop=entropy&cs=srgb&fm=jpg&ixid=M3wxMDMzNjUxfDB8MXxzZWFyY2h8Mnx8S2F1ZGlhJTIwRm9yZXN0JTIwWmlwbGluZSUyMFV0dGFyYWtoYW5kJTIwSW5kaWF8ZW58MHwwfHx8MTc4NzA3NDM3OXww&ixlib=rb-4.1.0&q=85,100,unsplash,no,2026-08-18T18:18:01.396Z
kanatal,topPlaces[9].photos[2],https://images.pexels.com/photos/33452256/pexels-photo-33452256.jpeg?auto=compress&cs=tinysrgb&dpr=2&h=650&w=940,https://images.unsplash.com/photo-1742281415980-136b65d3724b?crop=entropy&cs=srgb&fm=jpg&ixid=M3wxMDMzNjUxfDB8MXxzZWFyY2h8M3x8S2F1ZGlhJTIwRm9yZXN0JTIwWmlwbGluZSUyMFV0dGFyYWtoYW5kJTIwSW5kaWF8ZW58MHwwfHx8MTc4NzA3NDM3OXww&ixlib=rb-4.1.0&q=85,100,unsplash,no,2026-08-18T18:18:01.420Z
kanatal,topPlaces[10].photos[0],https://images.pexels.com/photos/36908076/pexels-photo-36908076.jpeg?auto=compress&cs=tinysrgb&dpr=2&h=650&w=940,https://images.pexels.com/photos/36908076/pexels-photo-36908076.jpeg?auto=compress&cs=tinysrgb&dpr=2&h=650&w=940,98,pexels,no,2026-08-18T18:18:03.327Z
kanatal,topPlaces[10].photos[1],https://images.pexels.com/photos/36908071/pexels-photo-36908071.jpeg?auto=compress&cs=tinysrgb&dpr=2&h=650&w=940,https://images.pexels.com/photos/36908071/pexels-photo-36908071.jpeg?auto=compress&cs=tinysrgb&dpr=2&h=650&w=940,98,pexels,no,2026-08-18T18:18:03.351Z
kanatal,topPlaces[10].photos[2],https://images.pexels.com/photos/36908061/pexels-photo-36908061.jpeg?auto=compress&cs=tinysrgb&dpr=2&h=650&w=940,https://images.pexels.com/photos/36908061/pexels-photo-36908061.jpeg?auto=compress&cs=tinysrgb&dpr=2&h=650&w=940,98,pexels,no,2026-08-18T18:18:03.375Z
kanatal,topPlaces[11].image,https://images.pexels.com/photos/18607500/pexels-photo-18607500.jpeg?auto=compress&cs=tinysrgb&dpr=2&h=650&w=940,https://images.unsplash.com/photo-1653545709914-cbb1b2748e13?crop=entropy&cs=srgb&fm=jpg&ixid=M3wxMDMzNjUxfDB8MXxzZWFyY2h8MXx8QXBwbGUlMjBPcmNoYXJkJTIwV2FsayUyMFV0dGFyYWtoYW5kJTIwSW5kaWF8ZW58MHwwfHx8MTc4NzA3NDM4OHww&ixlib=rb-4.1.0&q=85,100,unsplash,no,2026-08-18T18:18:05.498Z
kanatal,topPlaces[11].photos[1],https://images.pexels.com/photos/5528999/pexels-photo-5528999.jpeg?auto=compress&cs=tinysrgb&dpr=2&h=650&w=940,https://images.unsplash.com/photo-1723126617455-f59f8a277995?crop=entropy&cs=srgb&fm=jpg&ixid=M3wxMDMzNjUxfDB8MXxzZWFyY2h8Mnx8QXBwbGUlMjBPcmNoYXJkJTIwV2FsayUyMFV0dGFyYWtoYW5kJTIwSW5kaWF8ZW58MHwwfHx8MTc4NzA3NDM4OHww&ixlib=rb-4.1.0&q=85,100,unsplash,no,2026-08-18T18:18:05.520Z
kanatal,topPlaces[11].photos[2],https://images.pexels.com/photos/28589186/pexels-photo-28589186.jpeg?auto=compress&cs=tinysrgb&dpr=2&h=650&w=940,https://images.unsplash.com/photo-1724347360302-6130237ca75b?crop=entropy&cs=srgb&fm=jpg&ixid=M3wxMDMzNjUxfDB8MXxzZWFyY2h8M3x8QXBwbGUlMjBPcmNoYXJkJTIwV2FsayUyMFV0dGFyYWtoYW5kJTIwSW5kaWF8ZW58MHwwfHx8MTc4NzA3NDM4OHww&ixlib=rb-4.1.0&q=85,100,unsplash,no,2026-08-18T18:18:05.544Z
manali,gallery[1],https://images.pexels.com/photos/29494184/pexels-photo-29494184.jpeg?auto=compress&cs=tinysrgb&dpr=2&h=650&w=940,https://images.unsplash.com/photo-1597167231350-d057a45dc868?crop=entropy&cs=srgb&fm=jpg&ixid=M3wxMDMzNjUxfDB8MXxzZWFyY2h8MXx8TWFuYWxpJTIwSGltYWNoYWwlMjBQcmFkZXNoJTIwSW5kaWElMjB0cmF2ZWx8ZW58MHwwfHx8MTc4NzA3NDQzNnww&ixlib=rb-4.1.0&q=85,100,unsplash,no,2026-08-18T18:18:06.586Z
manali,gallery[5],https://images.pexels.com/photos/38884319/pexels-photo-38884319.jpeg?auto=compress&cs=tinysrgb&dpr=2&h=650&w=940,https://images.unsplash.com/photo-1706696435436-200ba23cda35?crop=entropy&cs=srgb&fm=jpg&ixid=M3wxMDMzNjUxfDB8MXxzZWFyY2h8Mnx8TWFuYWxpJTIwSGltYWNoYWwlMjBQcmFkZXNoJTIwSW5kaWElMjB0cmF2ZWx8ZW58MHwwfHx8MTc4NzA3NDQzNnww&ixlib=rb-4.1.0&q=85,100,unsplash,no,2026-08-18T18:18:06.622Z
manali,topPlaces[0].image,https://images.pexels.com/photos/18731332/pexels-photo-18731332.jpeg?auto=compress&cs=tinysrgb&dpr=2&h=650&w=940,https://images.unsplash.com/photo-1651955670895-9aa2e9243b66?crop=entropy&cs=srgb&fm=jpg&ixid=M3wxMDMzNjUxfDB8MXxzZWFyY2h8MXx8Um9odGFuZyUyMFBhc3MlMjBIaW1hY2hhbCUyMFByYWRlc2glMjBJbmRpYXxlbnwwfDB8fHwxNzg3MDc0NDQxfDA&ixlib=rb-4.1.0&q=85,100,unsplash,no,2026-08-18T18:18:08.656Z
manali,topPlaces[0].photos[1],https://images.pexels.com/photos/39003887/pexels-photo-39003887.jpeg?auto=compress&cs=tinysrgb&dpr=2&h=650&w=940,https://images.unsplash.com/photo-1660645056288-d8b288963c6c?crop=entropy&cs=srgb&fm=jpg&ixid=M3wxMDMzNjUxfDB8MXxzZWFyY2h8Mnx8Um9odGFuZyUyMFBhc3MlMjBIaW1hY2hhbCUyMFByYWRlc2glMjBJbmRpYXxlbnwwfDB8fHwxNzg3MDc0NDQxfDA&ixlib=rb-4.1.0&q=85,100,unsplash,no,2026-08-18T18:18:08.679Z
manali,topPlaces[0].photos[2],https://images.pexels.com/photos/37078220/pexels-photo-37078220.jpeg?auto=compress&cs=tinysrgb&dpr=2&h=650&w=940,https://images.unsplash.com/photo-1660308421609-02df8b6c892f?crop=entropy&cs=srgb&fm=jpg&ixid=M3wxMDMzNjUxfDB8MXxzZWFyY2h8M3x8Um9odGFuZyUyMFBhc3MlMjBIaW1hY2hhbCUyMFByYWRlc2glMjBJbmRpYXxlbnwwfDB8fHwxNzg3MDc0NDQxfDA&ixlib=rb-4.1.0&q=85,100,unsplash,no,2026-08-18T18:18:08.703Z
manali,topPlaces[1].photos[0],https://images.pexels.com/photos/5205541/pexels-photo-5205541.jpeg?auto=compress&cs=tinysrgb&dpr=2&h=650&w=940,https://images.unsplash.com/photo-1713063968789-adf139c4a1eb?crop=entropy&cs=srgb&fm=jpg&ixid=M3wxMDMzNjUxfDB8MXxzZWFyY2h8MXx8U29sYW5nJTIwVmFsbGV5JTIwSGltYWNoYWwlMjBQcmFkZXNoJTIwSW5kaWF8ZW58MHwwfHx8MTc4NzA3NDQ0NXww&ixlib=rb-4.1.0&q=85,100,unsplash,no,2026-08-18T18:18:10.379Z
manali,topPlaces[1].photos[1],https://images.pexels.com/photos/28680808/pexels-photo-28680808.jpeg?auto=compress&cs=tinysrgb&dpr=2&h=650&w=940,https://images.unsplash.com/photo-1616942986550-ea6469c08530?crop=entropy&cs=srgb&fm=jpg&ixid=M3wxMDMzNjUxfDB8MXxzZWFyY2h8Mnx8U29sYW5nJTIwVmFsbGV5JTIwSGltYWNoYWwlMjBQcmFkZXNoJTIwSW5kaWF8ZW58MHwwfHx8MTc4NzA3NDQ0NXww&ixlib=rb-4.1.0&q=85,100,unsplash,no,2026-08-18T18:18:10.402Z
manali,topPlaces[1].photos[2],https://images.pexels.com/photos/38520177/pexels-photo-38520177.jpeg?auto=compress&cs=tinysrgb&dpr=2&h=650&w=940,https://images.unsplash.com/photo-1677821243506-0fa5cd8abdcb?crop=entropy&cs=srgb&fm=jpg&ixid=M3wxMDMzNjUxfDB8MXxzZWFyY2h8M3x8U29sYW5nJTIwVmFsbGV5JTIwSGltYWNoYWwlMjBQcmFkZXNoJTIwSW5kaWF8ZW58MHwwfHx8MTc4NzA3NDQ0NXww&ixlib=rb-4.1.0&q=85,100,unsplash,no,2026-08-18T18:18:10.427Z
manali,topPlaces[2].image,https://images.pexels.com/photos/32690108/pexels-photo-32690108.jpeg?auto=compress&cs=tinysrgb&dpr=2&h=650&w=940,https://images.unsplash.com/photo-1655470062377-ef3f5161960a?crop=entropy&cs=srgb&fm=jpg&ixid=M3wxMDMzNjUxfDB8MXxzZWFyY2h8MXx8SGFkaW1iYSUyMFRlbXBsZSUyMEhpbWFjaGFsJTIwUHJhZGVzaCUyMEluZGlhfGVufDB8MHx8fDE3ODcwNzQ0NDl8MA&ixlib=rb-4.1.0&q=85,100,unsplash,no,2026-08-18T18:18:12.619Z
manali,topPlaces[2].photos[1],https://images.pexels.com/photos/32437436/pexels-photo-32437436.jpeg?auto=compress&cs=tinysrgb&dpr=2&h=650&w=940,https://images.unsplash.com/photo-1655470062196-c37e923fc4c1?crop=entropy&cs=srgb&fm=jpg&ixid=M3wxMDMzNjUxfDB8MXxzZWFyY2h8Mnx8SGFkaW1iYSUyMFRlbXBsZSUyMEhpbWFjaGFsJTIwUHJhZGVzaCUyMEluZGlhfGVufDB8MHx8fDE3ODcwNzQ0NDl8MA&ixlib=rb-4.1.0&q=85,100,unsplash,no,2026-08-18T18:18:12.643Z
manali,topPlaces[2].photos[2],https://images.pexels.com/photos/28933384/pexels-photo-28933384.jpeg?auto=compress&cs=tinysrgb&dpr=2&h=650&w=940,https://images.unsplash.com/photo-1670290339658-e246d3137229?crop=entropy&cs=srgb&fm=jpg&ixid=M3wxMDMzNjUxfDB8MXxzZWFyY2h8M3x8SGFkaW1iYSUyMFRlbXBsZSUyMEhpbWFjaGFsJTIwUHJhZGVzaCUyMEluZGlhfGVufDB8MHx8fDE3ODcwNzQ0NDl8MA&ixlib=rb-4.1.0&q=85,100,unsplash,no,2026-08-18T18:18:12.667Z
manali,topPlaces[3].photos[1],https://images.pexels.com/photos/15119473/pexels-photo-15119473.jpeg?auto=compress&cs=tinysrgb&dpr=2&h=650&w=940,https://images.unsplash.com/photo-1628699543232-dc241b48a4b3?crop=entropy&cs=srgb&fm=jpg&ixid=M3wxMDMzNjUxfDB8MXxzZWFyY2h8MXx8T2xkJTIwTWFuYWxpJTIwSGltYWNoYWwlMjBQcmFkZXNoJTIwSW5kaWF8ZW58MHwwfHx8MTc4NzA3NDQ1M3ww&ixlib=rb-4.1.0&q=85,100,unsplash,no,2026-08-18T18:18:15.108Z
manali,topPlaces[3].photos[2],https://images.pexels.com/photos/16172055/pexels-photo-16172055.jpeg?auto=compress&cs=tinysrgb&dpr=2&h=650&w=940,https://images.unsplash.com/photo-1652543393067-281cea9b8c02?crop=entropy&cs=srgb&fm=jpg&ixid=M3wxMDMzNjUxfDB8MXxzZWFyY2h8Mnx8T2xkJTIwTWFuYWxpJTIwSGltYWNoYWwlMjBQcmFkZXNoJTIwSW5kaWF8ZW58MHwwfHx8MTc4NzA3NDQ1M3ww&ixlib=rb-4.1.0&q=85,100,unsplash,no,2026-08-18T18:18:15.851Z
manali,topPlaces[4].photos[0],https://images.pexels.com/photos/17094109/pexels-photo-17094109.jpeg?auto=compress&cs=tinysrgb&dpr=2&h=650&w=940,https://images.unsplash.com/photo-1731159017141-0abda40473df?crop=entropy&cs=srgb&fm=jpg&ixid=M3wxMDMzNjUxfDB8MXxzZWFyY2h8MXx8TmFnZ2FyJTIwQ2FzdGxlJTIwSGltYWNoYWwlMjBQcmFkZXNoJTIwSW5kaWF8ZW58MHwwfHx8MTc4NzA3NzA5Nnww&ixlib=rb-4.1.0&q=85,100,unsplash,no,2026-08-18T18:18:17.972Z
manali,topPlaces[4].photos[1],https://images.pexels.com/photos/38992913/pexels-photo-38992913.jpeg?auto=compress&cs=tinysrgb&dpr=2&h=650&w=940,https://images.unsplash.com/photo-1731160705565-199f16ae4351?crop=entropy&cs=srgb&fm=jpg&ixid=M3wxMDMzNjUxfDB8MXxzZWFyY2h8Mnx8TmFnZ2FyJTIwQ2FzdGxlJTIwSGltYWNoYWwlMjBQcmFkZXNoJTIwSW5kaWF8ZW58MHwwfHx8MTc4NzA3NzA5Nnww&ixlib=rb-4.1.0&q=85,100,unsplash,no,2026-08-18T18:18:19.372Z
manali,topPlaces[4].photos[2],https://images.pexels.com/photos/38549326/pexels-photo-38549326.jpeg?auto=compress&cs=tinysrgb&dpr=2&h=650&w=940,https://images.unsplash.com/photo-1731158961990-9359c01d443c?crop=entropy&cs=srgb&fm=jpg&ixid=M3wxMDMzNjUxfDB8MXxzZWFyY2h8M3x8TmFnZ2FyJTIwQ2FzdGxlJTIwSGltYWNoYWwlMjBQcmFkZXNoJTIwSW5kaWF8ZW58MHwwfHx8MTc4NzA3NzA5Nnww&ixlib=rb-4.1.0&q=85,100,unsplash,no,2026-08-18T18:18:19.964Z
manali,topPlaces[5].image,https://images.pexels.com/photos/37484259/pexels-photo-37484259.jpeg?auto=compress&cs=tinysrgb&dpr=2&h=650&w=940,https://images.unsplash.com/photo-1615552713642-73c367c8915c?crop=entropy&cs=srgb&fm=jpg&ixid=M3wxMDMzNjUxfDB8MXxzZWFyY2h8MXx8QmVhcyUyMEt1bmQlMjBUcmVrJTIwSGltYWNoYWwlMjBQcmFkZXNoJTIwSW5kaWF8ZW58MHwwfHx8MTc4NzA3NzEwMHww&ixlib=rb-4.1.0&q=85,100,unsplash,no,2026-08-18T18:18:21.675Z
manali,topPlaces[6].photos[0],https://images.pexels.com/photos/8020071/pexels-photo-8020071.jpeg?auto=compress&cs=tinysrgb&dpr=2&h=650&w=940,https://images.unsplash.com/photo-1719644584139-6b998fcaad27?crop=entropy&cs=srgb&fm=jpg&ixid=M3wxMDMzNjUxfDB8MXxzZWFyY2h8MXx8S2Fzb2wlMjAlMjYlMjBLaGVlcmdhbmdhJTIwVHJlayUyMEhpbWFjaGFsJTIwUHJhZGVzaCUyMEluZGlhfGVufDB8MHx8fDE3ODcwNzcxMDJ8MA&ixlib=rb-4.1.0&q=85,100,unsplash,no,2026-08-18T18:18:23.495Z
manali,topPlaces[6].photos[1],https://images.pexels.com/photos/7846490/pexels-photo-7846490.jpeg?auto=compress&cs=tinysrgb&dpr=2&h=650&w=940,https://images.unsplash.com/photo-1719065299629-0dd63e998353?crop=entropy&cs=srgb&fm=jpg&ixid=M3wxMDMzNjUxfDB8MXxzZWFyY2h8Mnx8S2Fzb2wlMjAlMjYlMjBLaGVlcmdhbmdhJTIwVHJlayUyMEhpbWFjaGFsJTIwUHJhZGVzaCUyMEluZGlhfGVufDB8MHx8fDE3ODcwNzcxMDJ8MA&ixlib=rb-4.1.0&q=85,100,unsplash,no,2026-08-18T18:18:24.460Z
manali,topPlaces[6].photos[2],https://images.pexels.com/photos/38086300/pexels-photo-38086300.jpeg?auto=compress&cs=tinysrgb&dpr=2&h=650&w=940,https://images.unsplash.com/photo-1484026127540-d8fe960b53d4?crop=entropy&cs=srgb&fm=jpg&ixid=M3wxMDMzNjUxfDB8MXxzZWFyY2h8M3x8S2Fzb2wlMjAlMjYlMjBLaGVlcmdhbmdhJTIwVHJlayUyMEhpbWFjaGFsJTIwUHJhZGVzaCUyMEluZGlhfGVufDB8MHx8fDE3ODcwNzcxMDJ8MA&ixlib=rb-4.1.0&q=85,100,unsplash,no,2026-08-18T18:18:25.186Z
manali,topPlaces[7].photos[0],https://images.pexels.com/photos/31776507/pexels-photo-31776507.jpeg?auto=compress&cs=tinysrgb&dpr=2&h=650&w=940,https://images.unsplash.com/photo-1655470062377-ef3f5161960a?crop=entropy&cs=srgb&fm=jpg&ixid=M3wxMDMzNjUxfDB8MXxzZWFyY2h8MXx8TWFudSUyMFRlbXBsZSUyME9sZCUyME1hbmFsaSUyMEhpbWFjaGFsJTIwUHJhZGVzaCUyMEluZGlhfGVufDB8MHx8fDE3ODcwNzcxMDV8MA&ixlib=rb-4.1.0&q=85,100,unsplash,no,2026-08-18T18:18:26.761Z
manali,topPlaces[7].photos[1],https://images.pexels.com/photos/38703962/pexels-photo-38703962.jpeg?auto=compress&cs=tinysrgb&dpr=2&h=650&w=940,https://images.unsplash.com/photo-1655470062196-c37e923fc4c1?crop=entropy&cs=srgb&fm=jpg&ixid=M3wxMDMzNjUxfDB8MXxzZWFyY2h8Mnx8TWFudSUyMFRlbXBsZSUyME9sZCUyME1hbmFsaSUyMEhpbWFjaGFsJTIwUHJhZGVzaCUyMEluZGlhfGVufDB8MHx8fDE3ODcwNzcxMDV8MA&ixlib=rb-4.1.0&q=85,100,unsplash,no,2026-08-18T18:18:27.873Z
manali,topPlaces[7].photos[2],https://images.pexels.com/photos/12771998/pexels-photo-12771998.jpeg?auto=compress&cs=tinysrgb&dpr=2&h=650&w=940,https://images.unsplash.com/photo-1738482223579-16dd97813741?crop=entropy&cs=srgb&fm=jpg&ixid=M3wxMDMzNjUxfDB8MXxzZWFyY2h8M3x8TWFudSUyMFRlbXBsZSUyME9sZCUyME1hbmFsaSUyMEhpbWFjaGFsJTIwUHJhZGVzaCUyMEluZGlhfGVufDB8MHx8fDE3ODcwNzcxMDV8MA&ixlib=rb-4.1.0&q=85,100,unsplash,no,2026-08-18T18:18:28.562Z
manali,topPlaces[8].image,https://images.pexels.com/photos/32848744/pexels-photo-32848744.jpeg?auto=compress&cs=tinysrgb&dpr=2&h=650&w=940,https://images.unsplash.com/photo-1655470062377-ef3f5161960a?crop=entropy&cs=srgb&fm=jpg&ixid=M3wxMDMzNjUxfDB8MXxzZWFyY2h8MXx8S3VsbHUlMjBEdXNzZWhyYSUyMEZlc3RpdmFsJTIwSGltYWNoYWwlMjBQcmFkZXNoJTIwSW5kaWF8ZW58MHwwfHx8MTc4NzA3NzEwOXww&ixlib=rb-4.1.0&q=85,100,unsplash,no,2026-08-18T18:18:30.469Z
manali,topPlaces[8].photos[1],https://images.pexels.com/photos/12531011/pexels-photo-12531011.jpeg?auto=compress&cs=tinysrgb&dpr=2&h=650&w=940,https://images.unsplash.com/photo-1717049887318-9b80628d2cea?crop=entropy&cs=srgb&fm=jpg&ixid=M3wxMDMzNjUxfDB8MXxzZWFyY2h8Mnx8S3VsbHUlMjBEdXNzZWhyYSUyMEZlc3RpdmFsJTIwSGltYWNoYWwlMjBQcmFkZXNoJTIwSW5kaWF8ZW58MHwwfHx8MTc4NzA3NzEwOXww&ixlib=rb-4.1.0&q=85,100,unsplash,no,2026-08-18T18:18:31.185Z
manali,topPlaces[8].photos[2],https://images.pexels.com/photos/9913866/pexels-photo-9913866.jpeg?auto=compress&cs=tinysrgb&dpr=2&h=650&w=940,https://images.unsplash.com/photo-1642146965431-314fd0fe8339?crop=entropy&cs=srgb&fm=jpg&ixid=M3wxMDMzNjUxfDB8MXxzZWFyY2h8M3x8S3VsbHUlMjBEdXNzZWhyYSUyMEZlc3RpdmFsJTIwSGltYWNoYWwlMjBQcmFkZXNoJTIwSW5kaWF8ZW58MHwwfHx8MTc4NzA3NzEwOXww&ixlib=rb-4.1.0&q=85,100,unsplash,no,2026-08-18T18:18:31.917Z
manali,topPlaces[9].photos[0],https://images.pexels.com/photos/5205245/pexels-photo-5205245.jpeg?auto=compress&cs=tinysrgb&dpr=2&h=650&w=940,https://images.pexels.com/photos/5205245/pexels-photo-5205245.jpeg?auto=compress&cs=tinysrgb&dpr=2&h=650&w=940,100,pexels,no,2026-08-18T18:18:34.942Z
manali,topPlaces[9].photos[1],https://images.pexels.com/photos/32840607/pexels-photo-32840607.jpeg?auto=compress&cs=tinysrgb&dpr=2&h=650&w=940,https://images.pexels.com/photos/5205541/pexels-photo-5205541.jpeg?auto=compress&cs=tinysrgb&dpr=2&h=650&w=940,100,pexels,no,2026-08-18T18:18:35.540Z
manali,topPlaces[9].photos[2],https://images.pexels.com/photos/11382644/pexels-photo-11382644.jpeg?auto=compress&cs=tinysrgb&dpr=2&h=650&w=940,https://images.pexels.com/photos/15146122/pexels-photo-15146122.jpeg?auto=compress&cs=tinysrgb&dpr=2&h=650&w=940,100,pexels,no,2026-08-18T18:18:35.565Z
manali,topPlaces[10].photos[0],https://images.pexels.com/photos/34789594/pexels-photo-34789594.jpeg?auto=compress&cs=tinysrgb&dpr=2&h=650&w=940,https://images.pexels.com/photos/29494184/pexels-photo-29494184.jpeg?auto=compress&cs=tinysrgb&dpr=2&h=650&w=940,100,pexels,no,2026-08-18T18:18:37.631Z
manali,topPlaces[10].photos[1],https://images.pexels.com/photos/38520176/pexels-photo-38520176.jpeg?auto=compress&cs=tinysrgb&dpr=2&h=650&w=940,https://images.pexels.com/photos/14572857/pexels-photo-14572857.jpeg?auto=compress&cs=tinysrgb&dpr=2&h=650&w=940,100,pexels,no,2026-08-18T18:18:38.187Z
manali,topPlaces[11].photos[0],https://images.pexels.com/photos/37454900/pexels-photo-37454900.jpeg?auto=compress&cs=tinysrgb&dpr=2&h=650&w=940,https://images.pexels.com/photos/14161885/pexels-photo-14161885.png?auto=compress&cs=tinysrgb&dpr=2&h=650&w=940,100,pexels,no,2026-08-18T18:18:40.809Z
manali,topPlaces[11].photos[2],https://images.pexels.com/photos/2314983/pexels-photo-2314983.jpeg?auto=compress&cs=tinysrgb&dpr=2&h=650&w=940,https://images.pexels.com/photos/17094108/pexels-photo-17094108.jpeg?auto=compress&cs=tinysrgb&dpr=2&h=650&w=940,100,pexels,no,2026-08-18T18:18:41.391Z
manali,topPlaces[12].photos[0],https://images.pexels.com/photos/30723537/pexels-photo-30723537.jpeg?auto=compress&cs=tinysrgb&dpr=2&h=650&w=940,https://images.pexels.com/photos/16889248/pexels-photo-16889248.jpeg?auto=compress&cs=tinysrgb&dpr=2&h=650&w=940,100,pexels,no,2026-08-18T18:18:43.255Z
manali,topPlaces[12].photos[1],https://images.pexels.com/photos/6549482/pexels-photo-6549482.jpeg?auto=compress&cs=tinysrgb&dpr=2&h=650&w=940,https://images.pexels.com/photos/38884319/pexels-photo-38884319.jpeg?auto=compress&cs=tinysrgb&dpr=2&h=650&w=940,100,pexels,no,2026-08-18T18:18:43.799Z
manali,topPlaces[12].photos[2],https://images.pexels.com/photos/10635167/pexels-photo-10635167.jpeg?auto=compress&cs=tinysrgb&dpr=2&h=650&w=940,https://images.pexels.com/photos/8020071/pexels-photo-8020071.jpeg?auto=compress&cs=tinysrgb&dpr=2&h=650&w=940,100,pexels,no,2026-08-18T18:18:43.823Z
manali,topPlaces[13].image,https://images.pexels.com/photos/2275285/pexels-photo-2275285.jpeg?auto=compress&cs=tinysrgb&dpr=2&h=650&w=940,https://images.pexels.com/photos/28680808/pexels-photo-28680808.jpeg?auto=compress&cs=tinysrgb&dpr=2&h=650&w=940,100,pexels,no,2026-08-18T18:18:46.851Z
manali,topPlaces[13].photos[1],https://images.pexels.com/photos/37835756/pexels-photo-37835756.jpeg?auto=compress&cs=tinysrgb&dpr=2&h=650&w=940,https://images.pexels.com/photos/2275285/pexels-photo-2275285.jpeg?auto=compress&cs=tinysrgb&dpr=2&h=650&w=940,98,pexels,no,2026-08-18T18:18:47.393Z
manali,topPlaces[13].photos[2],https://images.pexels.com/photos/546256/pexels-photo-546256.jpeg?auto=compress&cs=tinysrgb&dpr=2&h=650&w=940,https://images.pexels.com/photos/37835756/pexels-photo-37835756.jpeg?auto=compress&cs=tinysrgb&dpr=2&h=650&w=940,98,pexels,no,2026-08-18T18:18:47.416Z
manali,topPlaces[14].image,https://images.pexels.com/photos/8568201/pexels-photo-8568201.jpeg?auto=compress&cs=tinysrgb&dpr=2&h=650&w=940,https://images.pexels.com/photos/8568201/pexels-photo-8568201.jpeg?auto=compress&cs=tinysrgb&dpr=2&h=650&w=940,100,pexels,no,2026-08-18T18:19:01.644Z
manali,topPlaces[14].photos[1],https://images.pexels.com/photos/35918317/pexels-photo-35918317.jpeg?auto=compress&cs=tinysrgb&dpr=2&h=650&w=940,https://images.pexels.com/photos/8568202/pexels-photo-8568202.jpeg?auto=compress&cs=tinysrgb&dpr=2&h=650&w=940,100,pexels,no,2026-08-18T18:19:02.324Z
manali,topPlaces[14].photos[2],https://images.pexels.com/photos/8568202/pexels-photo-8568202.jpeg?auto=compress&cs=tinysrgb&dpr=2&h=650&w=940,https://images.pexels.com/photos/31776507/pexels-photo-31776507.jpeg?auto=compress&cs=tinysrgb&dpr=2&h=650&w=940,100,pexels,no,2026-08-18T18:19:02.348Z
goa,gallery[1],https://images.pexels.com/photos/11438923/pexels-photo-11438923.jpeg?auto=compress&cs=tinysrgb&dpr=2&h=650&w=940,https://images.unsplash.com/photo-1512343879784-a960bf40e7f2?crop=entropy&cs=srgb&fm=jpg&ixid=M3wxMDMzNjUxfDB8MXxzZWFyY2h8MXx8R29hJTIwR29hJTIwSW5kaWElMjB0cmF2ZWx8ZW58MHwwfHx8MTc4NzAwNDM1M3ww&ixlib=rb-4.1.0&q=85,100,unsplash,no,2026-08-18T18:19:02.382Z
goa,gallery[5],https://images.pexels.com/photos/4428274/pexels-photo-4428274.jpeg?auto=compress&cs=tinysrgb&dpr=2&h=650&w=940,https://images.unsplash.com/photo-1652820330085-82a0c2b88d78?crop=entropy&cs=srgb&fm=jpg&ixid=M3wxMDMzNjUxfDB8MXxzZWFyY2h8Mnx8R29hJTIwR29hJTIwSW5kaWElMjB0cmF2ZWx8ZW58MHwwfHx8MTc4NzAwNDM1M3ww&ixlib=rb-4.1.0&q=85,100,unsplash,no,2026-08-18T18:19:02.447Z
goa,topPlaces[0].photos[0],https://images.pexels.com/photos/32262451/pexels-photo-32262451.jpeg?auto=compress&cs=tinysrgb&dpr=2&h=650&w=940,https://images.unsplash.com/photo-1687544966259-54cf9aaa6c79?crop=entropy&cs=srgb&fm=jpg&ixid=M3wxMDMzNjUxfDB8MXxzZWFyY2h8MXx8QmFnYSUyMEJlYWNoJTIwR29hJTIwSW5kaWF8ZW58MHwwfHx8MTc4NzA3NzE0Mnww&ixlib=rb-4.1.0&q=85,100,unsplash,no,2026-08-18T18:19:03.886Z
goa,topPlaces[0].photos[2],https://images.pexels.com/photos/27869489/pexels-photo-27869489.jpeg?auto=compress&cs=tinysrgb&dpr=2&h=650&w=940,https://images.unsplash.com/photo-1719555793391-aad31b144e61?crop=entropy&cs=srgb&fm=jpg&ixid=M3wxMDMzNjUxfDB8MXxzZWFyY2h8Mnx8QmFnYSUyMEJlYWNoJTIwR29hJTIwSW5kaWF8ZW58MHwwfHx8MTc4NzA3NzE0Mnww&ixlib=rb-4.1.0&q=85,100,unsplash,no,2026-08-18T18:19:03.937Z
goa,topPlaces[1].image,https://images.pexels.com/photos/38383614/pexels-photo-38383614.jpeg?auto=compress&cs=tinysrgb&dpr=2&h=650&w=940,https://images.unsplash.com/photo-1567005753256-c0529035b300?crop=entropy&cs=srgb&fm=jpg&ixid=M3wxMDMzNjUxfDB8MXxzZWFyY2h8MXx8T2xkJTIwR29hJTIwQ2h1cmNoZXMlMjBHb2ElMjBJbmRpYXxlbnwwfDB8fHwxNzg3MDc3MTQ0fDA&ixlib=rb-4.1.0&q=85,100,unsplash,no,2026-08-18T18:19:05.382Z
goa,topPlaces[1].photos[1],https://images.pexels.com/photos/6320394/pexels-photo-6320394.jpeg?auto=compress&cs=tinysrgb&dpr=2&h=650&w=940,https://images.unsplash.com/photo-1702799464761-29b1200c9549?crop=entropy&cs=srgb&fm=jpg&ixid=M3wxMDMzNjUxfDB8MXxzZWFyY2h8Mnx8T2xkJTIwR29hJTIwQ2h1cmNoZXMlMjBHb2ElMjBJbmRpYXxlbnwwfDB8fHwxNzg3MDc3MTQ0fDA&ixlib=rb-4.1.0&q=85,100,unsplash,no,2026-08-18T18:19:05.420Z
goa,topPlaces[1].photos[2],https://images.pexels.com/photos/35213134/pexels-photo-35213134.jpeg?auto=compress&cs=tinysrgb&dpr=2&h=650&w=940,https://images.unsplash.com/photo-1706940119696-38bb16490ed0?crop=entropy&cs=srgb&fm=jpg&ixid=M3wxMDMzNjUxfDB8MXxzZWFyY2h8M3x8T2xkJTIwR29hJTIwQ2h1cmNoZXMlMjBHb2ElMjBJbmRpYXxlbnwwfDB8fHwxNzg3MDc3MTQ0fDA&ixlib=rb-4.1.0&q=85,100,unsplash,no,2026-08-18T18:19:06.245Z
goa,topPlaces[2].photos[1],https://images.pexels.com/photos/27869485/pexels-photo-27869485.jpeg?auto=compress&cs=tinysrgb&dpr=2&h=650&w=940,https://images.unsplash.com/photo-1590393275627-0c48482c60e3?crop=entropy&cs=srgb&fm=jpg&ixid=M3wxMDMzNjUxfDB8MXxzZWFyY2h8MXx8UGFsb2xlbSUyMEJlYWNoJTIwR29hJTIwSW5kaWF8ZW58MHwwfHx8MTc4NzA3NzE0Nnww&ixlib=rb-4.1.0&q=85,100,unsplash,no,2026-08-18T18:19:08.036Z
goa,topPlaces[3].image,https://images.pexels.com/photos/12650023/pexels-photo-12650023.jpeg?auto=compress&cs=tinysrgb&dpr=2&h=650&w=940,https://images.pexels.com/photos/12650023/pexels-photo-12650023.jpeg?auto=compress&cs=tinysrgb&dpr=2&h=650&w=940,98,pexels,no,2026-08-18T18:19:09.459Z
goa,topPlaces[3].photos[1],https://images.pexels.com/photos/11229841/pexels-photo-11229841.jpeg?auto=compress&cs=tinysrgb&dpr=2&h=650&w=940,https://images.pexels.com/photos/32262444/pexels-photo-32262444.jpeg?auto=compress&cs=tinysrgb&dpr=2&h=650&w=940,98,pexels,no,2026-08-18T18:19:10.216Z
goa,topPlaces[3].photos[2],https://images.pexels.com/photos/2789026/pexels-photo-2789026.jpeg?auto=compress&cs=tinysrgb&dpr=2&h=650&w=940,https://images.pexels.com/photos/11229841/pexels-photo-11229841.jpeg?auto=compress&cs=tinysrgb&dpr=2&h=650&w=940,98,pexels,no,2026-08-18T18:19:11.256Z
goa,topPlaces[4].photos[0],https://images.pexels.com/photos/27948285/pexels-photo-27948285.jpeg?auto=compress&cs=tinysrgb&dpr=2&h=650&w=940,https://images.pexels.com/photos/31542728/pexels-photo-31542728.jpeg?auto=compress&cs=tinysrgb&dpr=2&h=650&w=940,100,pexels,no,2026-08-18T18:19:12.668Z
goa,topPlaces[4].photos[1],https://images.pexels.com/photos/35964977/pexels-photo-35964977.jpeg?auto=compress&cs=tinysrgb&dpr=2&h=650&w=940,https://images.pexels.com/photos/27948285/pexels-photo-27948285.jpeg?auto=compress&cs=tinysrgb&dpr=2&h=650&w=940,100,pexels,no,2026-08-18T18:19:13.447Z
goa,topPlaces[4].photos[2],https://images.pexels.com/photos/28688386/pexels-photo-28688386.jpeg?auto=compress&cs=tinysrgb&dpr=2&h=650&w=940,https://images.pexels.com/photos/4428274/pexels-photo-4428274.jpeg?auto=compress&cs=tinysrgb&dpr=2&h=650&w=940,100,pexels,no,2026-08-18T18:19:14.018Z
goa,topPlaces[5].photos[0],https://images.pexels.com/photos/13808031/pexels-photo-13808031.jpeg?auto=compress&cs=tinysrgb&dpr=2&h=650&w=940,https://images.unsplash.com/photo-1713777072955-f9e9d0657df4?crop=entropy&cs=srgb&fm=jpg&ixid=M3wxMDMzNjUxfDB8MXxzZWFyY2h8MXx8U3BpY2UlMjBQbGFudGF0aW9uJTIwVG91ciUyMEdvYSUyMEluZGlhfGVufDB8MHx8fDE3ODcwNzcxNTR8MA&ixlib=rb-4.1.0&q=85,100,unsplash,no,2026-08-18T18:19:15.995Z
goa,topPlaces[5].photos[1],https://images.pexels.com/photos/18861235/pexels-photo-18861235.jpeg?auto=compress&cs=tinysrgb&dpr=2&h=650&w=940,https://images.unsplash.com/photo-1605015238843-121882b1796b?crop=entropy&cs=srgb&fm=jpg&ixid=M3wxMDMzNjUxfDB8MXxzZWFyY2h8Mnx8U3BpY2UlMjBQbGFudGF0aW9uJTIwVG91ciUyMEdvYSUyMEluZGlhfGVufDB8MHx8fDE3ODcwNzcxNTR8MA&ixlib=rb-4.1.0&q=85,100,unsplash,no,2026-08-18T18:19:16.034Z
goa,topPlaces[5].photos[2],https://images.pexels.com/photos/18861238/pexels-photo-18861238.jpeg?auto=compress&cs=tinysrgb&dpr=2&h=650&w=940,https://images.unsplash.com/photo-1756797171579-a18cc61c75e4?crop=entropy&cs=srgb&fm=jpg&ixid=M3wxMDMzNjUxfDB8MXxzZWFyY2h8M3x8U3BpY2UlMjBQbGFudGF0aW9uJTIwVG91ciUyMEdvYSUyMEluZGlhfGVufDB8MHx8fDE3ODcwNzcxNTR8MA&ixlib=rb-4.1.0&q=85,100,unsplash,no,2026-08-18T18:19:18.373Z
goa,topPlaces[6].image,https://images.pexels.com/photos/4427644/pexels-photo-4427644.jpeg?auto=compress&cs=tinysrgb&dpr=2&h=650&w=940,https://images.pexels.com/photos/4427644/pexels-photo-4427644.jpeg?auto=compress&cs=tinysrgb&dpr=2&h=650&w=940,100,pexels,no,2026-08-18T18:19:19.951Z
goa,topPlaces[6].photos[1],https://images.pexels.com/photos/13921126/pexels-photo-13921126.jpeg?auto=compress&cs=tinysrgb&dpr=2&h=650&w=940,https://images.pexels.com/photos/4427641/pexels-photo-4427641.jpeg?auto=compress&cs=tinysrgb&dpr=2&h=650&w=940,100,pexels,no,2026-08-18T18:19:20.841Z
goa,topPlaces[6].photos[2],https://images.pexels.com/photos/33803666/pexels-photo-33803666.jpeg?auto=compress&cs=tinysrgb&dpr=2&h=650&w=940,https://images.pexels.com/photos/4428292/pexels-photo-4428292.jpeg?auto=compress&cs=tinysrgb&dpr=2&h=650&w=940,100,pexels,no,2026-08-18T18:19:21.486Z
goa,topPlaces[7].photos[0],https://images.pexels.com/photos/35401276/pexels-photo-35401276.jpeg?auto=compress&cs=tinysrgb&dpr=2&h=650&w=940,https://images.pexels.com/photos/35401276/pexels-photo-35401276.jpeg?auto=compress&cs=tinysrgb&dpr=2&h=650&w=940,100,pexels,no,2026-08-18T18:19:23.121Z
goa,topPlaces[7].photos[1],https://images.pexels.com/photos/4428276/pexels-photo-4428276.jpeg?auto=compress&cs=tinysrgb&dpr=2&h=650&w=940,https://images.pexels.com/photos/4428276/pexels-photo-4428276.jpeg?auto=compress&cs=tinysrgb&dpr=2&h=650&w=940,100,pexels,no,2026-08-18T18:19:24.020Z
goa,topPlaces[7].photos[2],https://images.pexels.com/photos/13208189/pexels-photo-13208189.jpeg?auto=compress&cs=tinysrgb&dpr=2&h=650&w=940,https://images.pexels.com/photos/27869489/pexels-photo-27869489.jpeg?auto=compress&cs=tinysrgb&dpr=2&h=650&w=940,98,pexels,no,2026-08-18T18:19:24.588Z
goa,topPlaces[8].image,https://images.pexels.com/photos/32262431/pexels-photo-32262431.jpeg?auto=compress&cs=tinysrgb&dpr=2&h=650&w=940,https://images.pexels.com/photos/4427658/pexels-photo-4427658.jpeg?auto=compress&cs=tinysrgb&dpr=2&h=650&w=940,100,pexels,no,2026-08-18T18:19:26.136Z
goa,topPlaces[8].photos[1],https://images.pexels.com/photos/4427658/pexels-photo-4427658.jpeg?auto=compress&cs=tinysrgb&dpr=2&h=650&w=940,https://images.pexels.com/photos/1260802/pexels-photo-1260802.jpeg?auto=compress&cs=tinysrgb&dpr=2&h=650&w=940,100,pexels,no,2026-08-18T18:19:27.065Z
goa,topPlaces[8].photos[2],https://images.pexels.com/photos/32262432/pexels-photo-32262432.jpeg?auto=compress&cs=tinysrgb&dpr=2&h=650&w=940,https://images.pexels.com/photos/28688386/pexels-photo-28688386.jpeg?auto=compress&cs=tinysrgb&dpr=2&h=650&w=940,98,pexels,no,2026-08-18T18:19:27.634Z
goa,topPlaces[9].image,https://images.pexels.com/photos/35213124/pexels-photo-35213124.jpeg?auto=compress&cs=tinysrgb&dpr=2&h=650&w=940,https://images.unsplash.com/photo-1605591514039-5f8cdda13287?crop=entropy&cs=srgb&fm=jpg&ixid=M3wxMDMzNjUxfDB8MXxzZWFyY2h8MXx8Rm9ydCUyMEFndWFkYSUyMEdvYSUyMEluZGlhfGVufDB8MHx8fDE3ODcwNzcxNjh8MA&ixlib=rb-4.1.0&q=85,100,unsplash,no,2026-08-18T18:19:29.925Z
goa,topPlaces[9].photos[1],https://images.pexels.com/photos/35213132/pexels-photo-35213132.jpeg?auto=compress&cs=tinysrgb&dpr=2&h=650&w=940,https://images.unsplash.com/photo-1713777072955-f9e9d0657df4?crop=entropy&cs=srgb&fm=jpg&ixid=M3wxMDMzNjUxfDB8MXxzZWFyY2h8Mnx8Rm9ydCUyMEFndWFkYSUyMEdvYSUyMEluZGlhfGVufDB8MHx8fDE3ODcwNzcxNjh8MA&ixlib=rb-4.1.0&q=85,100,unsplash,no,2026-08-18T18:19:29.965Z
goa,topPlaces[9].photos[2],https://images.pexels.com/photos/12529679/pexels-photo-12529679.jpeg?auto=compress&cs=tinysrgb&dpr=2&h=650&w=940,https://images.unsplash.com/photo-1736961453451-0a3640498a37?crop=entropy&cs=srgb&fm=jpg&ixid=M3wxMDMzNjUxfDB8MXxzZWFyY2h8M3x8Rm9ydCUyMEFndWFkYSUyMEdvYSUyMEluZGlhfGVufDB8MHx8fDE3ODcwNzcxNjh8MA&ixlib=rb-4.1.0&q=85,100,unsplash,no,2026-08-18T18:19:30.917Z
goa,topPlaces[10].photos[0],https://images.pexels.com/photos/1260802/pexels-photo-1260802.jpeg?auto=compress&cs=tinysrgb&dpr=2&h=650&w=940,https://images.unsplash.com/photo-1723141614224-4148b475310e?crop=entropy&cs=srgb&fm=jpg&ixid=M3wxMDMzNjUxfDB8MXxzZWFyY2h8MXx8VmFnYXRvciUyMEJlYWNoJTIwR29hJTIwSW5kaWF8ZW58MHwwfHx8MTc4NzA3NzE3MXww&ixlib=rb-4.1.0&q=85,100,unsplash,no,2026-08-18T18:19:32.882Z
goa,topPlaces[10].photos[1],https://images.pexels.com/photos/12529675/pexels-photo-12529675.jpeg?auto=compress&cs=tinysrgb&dpr=2&h=650&w=940,https://images.unsplash.com/photo-1583727638625-8ab3ee2b8a25?crop=entropy&cs=srgb&fm=jpg&ixid=M3wxMDMzNjUxfDB8MXxzZWFyY2h8Mnx8VmFnYXRvciUyMEJlYWNoJTIwR29hJTIwSW5kaWF8ZW58MHwwfHx8MTc4NzA3NzE3MXww&ixlib=rb-4.1.0&q=85,100,unsplash,no,2026-08-18T18:19:32.928Z
goa,topPlaces[10].photos[2],https://images.pexels.com/photos/35060111/pexels-photo-35060111.jpeg?auto=compress&cs=tinysrgb&dpr=2&h=650&w=940,https://images.unsplash.com/photo-1736961430582-52032d18215b?crop=entropy&cs=srgb&fm=jpg&ixid=M3wxMDMzNjUxfDB8MXxzZWFyY2h8M3x8VmFnYXRvciUyMEJlYWNoJTIwR29hJTIwSW5kaWF8ZW58MHwwfHx8MTc4NzA3NzE3MXww&ixlib=rb-4.1.0&q=85,100,unsplash,no,2026-08-18T18:19:34.194Z
goa,topPlaces[11].image,https://images.pexels.com/photos/4429323/pexels-photo-4429323.jpeg?auto=compress&cs=tinysrgb&dpr=2&h=650&w=940,https://images.unsplash.com/photo-1652820330085-82a0c2b88d78?crop=entropy&cs=srgb&fm=jpg&ixid=M3wxMDMzNjUxfDB8MXxzZWFyY2h8MXx8QXJhbWJvbCUyMEJlYWNoJTIwR29hJTIwSW5kaWF8ZW58MHwwfHx8MTc4NzA3NzE3NHww&ixlib=rb-4.1.0&q=85,100,unsplash,no,2026-08-18T18:19:35.929Z
goa,topPlaces[11].photos[1],https://images.pexels.com/photos/32262441/pexels-photo-32262441.jpeg?auto=compress&cs=tinysrgb&dpr=2&h=650&w=940,https://images.unsplash.com/photo-1609169038317-1af7b0038c76?crop=entropy&cs=srgb&fm=jpg&ixid=M3wxMDMzNjUxfDB8MXxzZWFyY2h8Mnx8QXJhbWJvbCUyMEJlYWNoJTIwR29hJTIwSW5kaWF8ZW58MHwwfHx8MTc4NzA3NzE3NHww&ixlib=rb-4.1.0&q=85,100,unsplash,no,2026-08-18T18:19:35.967Z
goa,topPlaces[11].photos[2],https://images.pexels.com/photos/4428291/pexels-photo-4428291.jpeg?auto=compress&cs=tinysrgb&dpr=2&h=650&w=940,https://images.unsplash.com/photo-1727499031382-407906c7e208?crop=entropy&cs=srgb&fm=jpg&ixid=M3wxMDMzNjUxfDB8MXxzZWFyY2h8M3x8QXJhbWJvbCUyMEJlYWNoJTIwR29hJTIwSW5kaWF8ZW58MHwwfHx8MTc4NzA3NzE3NHww&ixlib=rb-4.1.0&q=85,100,unsplash,no,2026-08-18T18:19:37.045Z
goa,topPlaces[12].photos[0],https://images.pexels.com/photos/2539787/pexels-photo-2539787.jpeg?auto=compress&cs=tinysrgb&dpr=2&h=650&w=940,https://images.pexels.com/photos/4427650/pexels-photo-4427650.jpeg?auto=compress&cs=tinysrgb&dpr=2&h=650&w=940,100,pexels,no,2026-08-18T18:19:38.951Z
goa,topPlaces[12].photos[1],https://images.pexels.com/photos/37998271/pexels-photo-37998271.jpeg?auto=compress&cs=tinysrgb&dpr=2&h=650&w=940,https://images.pexels.com/photos/38383614/pexels-photo-38383614.jpeg?auto=compress&cs=tinysrgb&dpr=2&h=650&w=940,98,pexels,no,2026-08-18T18:19:40.294Z
goa,topPlaces[12].photos[2],https://images.pexels.com/photos/37998270/pexels-photo-37998270.jpeg?auto=compress&cs=tinysrgb&dpr=2&h=650&w=940,https://images.pexels.com/photos/2539787/pexels-photo-2539787.jpeg?auto=compress&cs=tinysrgb&dpr=2&h=650&w=940,98,pexels,no,2026-08-18T18:19:41.001Z
goa,topPlaces[13].image,https://images.pexels.com/photos/4427652/pexels-photo-4427652.jpeg?auto=compress&cs=tinysrgb&dpr=2&h=650&w=940,https://images.unsplash.com/photo-1728325444513-f6f7bdd0950a?crop=entropy&cs=srgb&fm=jpg&ixid=M3wxMDMzNjUxfDB8MXxzZWFyY2h8MXx8TWFwdXNhJTIwRnJpZGF5JTIwTWFya2V0JTIwR29hJTIwSW5kaWF8ZW58MHwwfHx8MTc4NzA3NzE4MXww&ixlib=rb-4.1.0&q=85,100,unsplash,no,2026-08-18T18:19:42.386Z
goa,topPlaces[13].photos[1],https://images.pexels.com/photos/4428270/pexels-photo-4428270.jpeg?auto=compress&cs=tinysrgb&dpr=2&h=650&w=940,https://images.unsplash.com/photo-1581420515590-cee76de451b5?crop=entropy&cs=srgb&fm=jpg&ixid=M3wxMDMzNjUxfDB8MXxzZWFyY2h8Mnx8TWFwdXNhJTIwRnJpZGF5JTIwTWFya2V0JTIwR29hJTIwSW5kaWF8ZW58MHwwfHx8MTc4NzA3NzE4MXww&ixlib=rb-4.1.0&q=85,100,unsplash,no,2026-08-18T18:19:42.438Z
goa,topPlaces[13].photos[2],https://images.pexels.com/photos/4427637/pexels-photo-4427637.jpeg?auto=compress&cs=tinysrgb&dpr=2&h=650&w=940,https://images.unsplash.com/photo-1768518354632-e4ec4b89f310?crop=entropy&cs=srgb&fm=jpg&ixid=M3wxMDMzNjUxfDB8MXxzZWFyY2h8M3x8TWFwdXNhJTIwRnJpZGF5JTIwTWFya2V0JTIwR29hJTIwSW5kaWF8ZW58MHwwfHx8MTc4NzA3NzE4MXww&ixlib=rb-4.1.0&q=85,100,unsplash,no,2026-08-18T18:19:43.892Z
goa,topPlaces[14].photos[0],https://images.pexels.com/photos/16443133/pexels-photo-16443133.jpeg?auto=compress&cs=tinysrgb&dpr=2&h=650&w=940,https://images.unsplash.com/photo-1512343879784-a960bf40e7f2?crop=entropy&cs=srgb&fm=jpg&ixid=M3wxMDMzNjUxfDB8MXxzZWFyY2h8MXx8RGl2YXIlMjBJc2xhbmQlMjBHb2ElMjBJbmRpYXxlbnwwfDB8fHwxNzg3MDc3MTg5fDA&ixlib=rb-4.1.0&q=85,100,unsplash,no,2026-08-18T18:19:50.586Z
goa,topPlaces[14].photos[1],https://images.pexels.com/photos/29336095/pexels-photo-29336095.jpeg?auto=compress&cs=tinysrgb&dpr=2&h=650&w=940,https://images.unsplash.com/photo-1652820330085-82a0c2b88d78?crop=entropy&cs=srgb&fm=jpg&ixid=M3wxMDMzNjUxfDB8MXxzZWFyY2h8Mnx8RGl2YXIlMjBJc2xhbmQlMjBHb2ElMjBJbmRpYXxlbnwwfDB8fHwxNzg3MDc3MTg5fDA&ixlib=rb-4.1.0&q=85,100,unsplash,no,2026-08-18T18:19:50.674Z
goa,topPlaces[14].photos[2],https://images.pexels.com/photos/30188165/pexels-photo-30188165.jpeg?auto=compress&cs=tinysrgb&dpr=2&h=650&w=940,https://images.unsplash.com/photo-1541738679621-172e4575a81d?crop=entropy&cs=srgb&fm=jpg&ixid=M3wxMDMzNjUxfDB8MXxzZWFyY2h8M3x8RGl2YXIlMjBJc2xhbmQlMjBHb2ElMjBJbmRpYXxlbnwwfDB8fHwxNzg3MDc3MTg5fDA&ixlib=rb-4.1.0&q=85,100,unsplash,no,2026-08-18T18:19:51.630Z
coorg,gallery[4],https://images.pexels.com/photos/36523750/pexels-photo-36523750.jpeg?auto=compress&cs=tinysrgb&dpr=2&h=650&w=940,https://images.unsplash.com/photo-1730621697273-233e874a7f88?crop=entropy&cs=srgb&fm=jpg&ixid=M3wxMDMzNjUxfDB8MXxzZWFyY2h8MXx8Q29vcmclMjBLYXJuYXRha2ElMjBJbmRpYSUyMHRyYXZlbHxlbnwwfDB8fHwxNzg3MDc3MTkxfDA&ixlib=rb-4.1.0&q=85,100,unsplash,no,2026-08-18T18:19:52.283Z
coorg,gallery[5],https://images.pexels.com/photos/35766053/pexels-photo-35766053.jpeg?auto=compress&cs=tinysrgb&dpr=2&h=650&w=940,https://images.unsplash.com/photo-1731243164728-8f26447f554d?crop=entropy&cs=srgb&fm=jpg&ixid=M3wxMDMzNjUxfDB8MXxzZWFyY2h8Mnx8Q29vcmclMjBLYXJuYXRha2ElMjBJbmRpYSUyMHRyYXZlbHxlbnwwfDB8fHwxNzg3MDc3MTkxfDA&ixlib=rb-4.1.0&q=85,100,unsplash,no,2026-08-18T18:19:52.328Z
coorg,topPlaces[0].photos[0],https://images.pexels.com/photos/38988034/pexels-photo-38988034.jpeg?auto=compress&cs=tinysrgb&dpr=2&h=650&w=940,https://images.unsplash.com/photo-1553679813-b437b57c08f1?crop=entropy&cs=srgb&fm=jpg&ixid=M3wxMDMzNjUxfDB8MXxzZWFyY2h8MXx8QWJiZXklMjBGYWxscyUyMEthcm5hdGFrYSUyMEluZGlhfGVufDB8MHx8fDE3ODcwNzcxOTN8MA&ixlib=rb-4.1.0&q=85,100,unsplash,no,2026-08-18T18:19:54.420Z
coorg,topPlaces[0].photos[2],https://images.pexels.com/photos/9144156/pexels-photo-9144156.jpeg?auto=compress&cs=tinysrgb&dpr=2&h=650&w=940,https://images.unsplash.com/photo-1567532740068-973e9c6b358e?crop=entropy&cs=srgb&fm=jpg&ixid=M3wxMDMzNjUxfDB8MXxzZWFyY2h8Mnx8QWJiZXklMjBGYWxscyUyMEthcm5hdGFrYSUyMEluZGlhfGVufDB8MHx8fDE3ODcwNzcxOTN8MA&ixlib=rb-4.1.0&q=85,100,unsplash,no,2026-08-18T18:19:54.457Z
coorg,topPlaces[1].photos[2],https://images.pexels.com/photos/31872111/pexels-photo-31872111.jpeg?auto=compress&cs=tinysrgb&dpr=2&h=650&w=940,https://images.unsplash.com/photo-1634874723221-7f0585c308ca?crop=entropy&cs=srgb&fm=jpg&ixid=M3wxMDMzNjUxfDB8MXxzZWFyY2h8MXx8UmFqYSUyN3MlMjBTZWF0JTIwS2FybmF0YWthJTIwSW5kaWF8ZW58MHwwfHx8MTc4NzA3NzE5NXww&ixlib=rb-4.1.0&q=85,100,unsplash,no,2026-08-18T18:19:56.587Z
coorg,topPlaces[2].photos[2],https://images.pexels.com/photos/36530918/pexels-photo-36530918.jpeg?auto=compress&cs=tinysrgb&dpr=2&h=650&w=940,https://images.pexels.com/photos/35668007/pexels-photo-35668007.jpeg?auto=compress&cs=tinysrgb&dpr=2&h=650&w=940,98,pexels,no,2026-08-18T18:20:00.126Z
coorg,topPlaces[3].image,https://images.pexels.com/photos/34292548/pexels-photo-34292548.jpeg?auto=compress&cs=tinysrgb&dpr=2&h=650&w=940,https://images.pexels.com/photos/38999700/pexels-photo-38999700.jpeg?auto=compress&cs=tinysrgb&dpr=2&h=650&w=940,98,pexels,no,2026-08-18T18:20:01.861Z
coorg,topPlaces[3].photos[1],https://images.pexels.com/photos/20617282/pexels-photo-20617282.jpeg?auto=compress&cs=tinysrgb&dpr=2&h=650&w=940,https://images.pexels.com/photos/34292548/pexels-photo-34292548.jpeg?auto=compress&cs=tinysrgb&dpr=2&h=650&w=940,98,pexels,no,2026-08-18T18:20:02.728Z
coorg,topPlaces[3].photos[2],https://images.pexels.com/photos/12203066/pexels-photo-12203066.jpeg?auto=compress&cs=tinysrgb&dpr=2&h=650&w=940,https://images.pexels.com/photos/35652355/pexels-photo-35652355.jpeg?auto=compress&cs=tinysrgb&dpr=2&h=650&w=940,98,pexels,no,2026-08-18T18:20:03.305Z
coorg,topPlaces[4].photos[0],https://images.pexels.com/photos/12661595/pexels-photo-12661595.jpeg?auto=compress&cs=tinysrgb&dpr=2&h=650&w=940,https://images.pexels.com/photos/36523844/pexels-photo-36523844.jpeg?auto=compress&cs=tinysrgb&dpr=2&h=650&w=940,98,pexels,no,2026-08-18T18:20:04.596Z
coorg,topPlaces[4].photos[1],https://images.pexels.com/photos/35396168/pexels-photo-35396168.jpeg?auto=compress&cs=tinysrgb&dpr=2&h=650&w=940,https://images.pexels.com/photos/12690705/pexels-photo-12690705.jpeg?auto=compress&cs=tinysrgb&dpr=2&h=650&w=940,98,pexels,no,2026-08-18T18:20:05.478Z
coorg,topPlaces[4].photos[2],https://images.pexels.com/photos/36398650/pexels-photo-36398650.jpeg?auto=compress&cs=tinysrgb&dpr=2&h=650&w=940,https://images.pexels.com/photos/12661595/pexels-photo-12661595.jpeg?auto=compress&cs=tinysrgb&dpr=2&h=650&w=940,98,pexels,no,2026-08-18T18:20:06.220Z
coorg,topPlaces[5].image,https://images.pexels.com/photos/5363254/pexels-photo-5363254.jpeg?auto=compress&cs=tinysrgb&dpr=2&h=650&w=940,https://images.pexels.com/photos/12311221/pexels-photo-12311221.jpeg?auto=compress&cs=tinysrgb&dpr=2&h=650&w=940,98,pexels,no,2026-08-18T18:20:07.004Z
coorg,topPlaces[5].photos[1],https://images.pexels.com/photos/20617277/pexels-photo-20617277.jpeg?auto=compress&cs=tinysrgb&dpr=2&h=650&w=940,https://images.pexels.com/photos/35766053/pexels-photo-35766053.jpeg?auto=compress&cs=tinysrgb&dpr=2&h=650&w=940,98,pexels,no,2026-08-18T18:20:07.595Z
coorg,topPlaces[6].image,https://images.pexels.com/photos/30858644/pexels-photo-30858644.jpeg?auto=compress&cs=tinysrgb&dpr=2&h=650&w=940,https://images.pexels.com/photos/36523750/pexels-photo-36523750.jpeg?auto=compress&cs=tinysrgb&dpr=2&h=650&w=940,98,pexels,no,2026-08-18T18:20:09.195Z
coorg,topPlaces[6].photos[1],https://images.pexels.com/photos/38150531/pexels-photo-38150531.jpeg?auto=compress&cs=tinysrgb&dpr=2&h=650&w=940,https://images.pexels.com/photos/30858644/pexels-photo-30858644.jpeg?auto=compress&cs=tinysrgb&dpr=2&h=650&w=940,98,pexels,no,2026-08-18T18:20:10.553Z
coorg,topPlaces[6].photos[2],https://images.pexels.com/photos/4977223/pexels-photo-4977223.jpeg?auto=compress&cs=tinysrgb&dpr=2&h=650&w=940,https://images.pexels.com/photos/19119711/pexels-photo-19119711.jpeg?auto=compress&cs=tinysrgb&dpr=2&h=650&w=940,98,pexels,no,2026-08-18T18:20:11.152Z
coorg,topPlaces[7].photos[0],https://images.pexels.com/photos/17668511/pexels-photo-17668511.jpeg?auto=compress&cs=tinysrgb&dpr=2&h=650&w=940,https://images.pexels.com/photos/12926174/pexels-photo-12926174.jpeg?auto=compress&cs=tinysrgb&dpr=2&h=650&w=940,98,pexels,no,2026-08-18T18:20:12.541Z
coorg,topPlaces[7].photos[1],https://images.pexels.com/photos/17668509/pexels-photo-17668509.jpeg?auto=compress&cs=tinysrgb&dpr=2&h=650&w=940,https://images.pexels.com/photos/17668511/pexels-photo-17668511.jpeg?auto=compress&cs=tinysrgb&dpr=2&h=650&w=940,98,pexels,no,2026-08-18T18:20:13.641Z
coorg,topPlaces[7].photos[2],https://images.pexels.com/photos/38910028/pexels-photo-38910028.jpeg?auto=compress&cs=tinysrgb&dpr=2&h=650&w=940,https://images.pexels.com/photos/17668509/pexels-photo-17668509.jpeg?auto=compress&cs=tinysrgb&dpr=2&h=650&w=940,98,pexels,no,2026-08-18T18:20:14.343Z
coorg,topPlaces[8].image,https://images.pexels.com/photos/36523871/pexels-photo-36523871.jpeg?auto=compress&cs=tinysrgb&dpr=2&h=650&w=940,https://images.pexels.com/photos/36523871/pexels-photo-36523871.jpeg?auto=compress&cs=tinysrgb&dpr=2&h=650&w=940,98,pexels,no,2026-08-18T18:20:16.195Z
coorg,topPlaces[8].photos[1],https://images.pexels.com/photos/36523870/pexels-photo-36523870.jpeg?auto=compress&cs=tinysrgb&dpr=2&h=650&w=940,https://images.pexels.com/photos/36568503/pexels-photo-36568503.jpeg?auto=compress&cs=tinysrgb&dpr=2&h=650&w=940,98,pexels,no,2026-08-18T18:20:17.129Z
coorg,topPlaces[8].photos[2],https://images.pexels.com/photos/36523872/pexels-photo-36523872.jpeg?auto=compress&cs=tinysrgb&dpr=2&h=650&w=940,https://images.pexels.com/photos/36568506/pexels-photo-36568506.jpeg?auto=compress&cs=tinysrgb&dpr=2&h=650&w=940,98,pexels,no,2026-08-18T18:20:17.843Z
coorg,topPlaces[9].image,https://images.pexels.com/photos/37584298/pexels-photo-37584298.jpeg?auto=compress&cs=tinysrgb&dpr=2&h=650&w=940,https://images.pexels.com/photos/37584293/pexels-photo-37584293.jpeg?auto=compress&cs=tinysrgb&dpr=2&h=650&w=940,100,pexels,no,2026-08-18T18:20:19.723Z
coorg,topPlaces[9].photos[1],https://images.pexels.com/photos/37584293/pexels-photo-37584293.jpeg?auto=compress&cs=tinysrgb&dpr=2&h=650&w=940,https://images.pexels.com/photos/37584298/pexels-photo-37584298.jpeg?auto=compress&cs=tinysrgb&dpr=2&h=650&w=940,98,pexels,no,2026-08-18T18:20:20.929Z
coorg,topPlaces[9].photos[2],https://images.pexels.com/photos/37584308/pexels-photo-37584308.jpeg?auto=compress&cs=tinysrgb&dpr=2&h=650&w=940,https://images.pexels.com/photos/19834809/pexels-photo-19834809.jpeg?auto=compress&cs=tinysrgb&dpr=2&h=650&w=940,100,pexels,no,2026-08-18T18:20:21.749Z
coorg,topPlaces[10].photos[0],https://images.pexels.com/photos/20617275/pexels-photo-20617275.jpeg?auto=compress&cs=tinysrgb&dpr=2&h=650&w=940,https://images.pexels.com/photos/35710118/pexels-photo-35710118.jpeg?auto=compress&cs=tinysrgb&dpr=2&h=650&w=940,98,pexels,no,2026-08-18T18:20:23.873Z
coorg,topPlaces[10].photos[1],https://images.pexels.com/photos/10574299/pexels-photo-10574299.jpeg?auto=compress&cs=tinysrgb&dpr=2&h=650&w=940,https://images.pexels.com/photos/5363254/pexels-photo-5363254.jpeg?auto=compress&cs=tinysrgb&dpr=2&h=650&w=940,98,pexels,no,2026-08-18T18:20:25.078Z
coorg,topPlaces[10].photos[2],https://images.pexels.com/photos/12299257/pexels-photo-12299257.jpeg?auto=compress&cs=tinysrgb&dpr=2&h=650&w=940,https://images.pexels.com/photos/35766052/pexels-photo-35766052.jpeg?auto=compress&cs=tinysrgb&dpr=2&h=650&w=940,98,pexels,no,2026-08-18T18:20:25.654Z
coorg,topPlaces[12].photos[0],https://images.pexels.com/photos/34420577/pexels-photo-34420577.jpeg?auto=compress&cs=tinysrgb&dpr=2&h=650&w=940,https://images.pexels.com/photos/14847155/pexels-photo-14847155.jpeg?auto=compress&cs=tinysrgb&dpr=2&h=650&w=940,98,pexels,no,2026-08-18T18:20:26.941Z
coorg,topPlaces[12].photos[1],https://images.pexels.com/photos/8260047/pexels-photo-8260047.jpeg?auto=compress&cs=tinysrgb&dpr=2&h=650&w=940,https://images.pexels.com/photos/34420577/pexels-photo-34420577.jpeg?auto=compress&cs=tinysrgb&dpr=2&h=650&w=940,98,pexels,no,2026-08-18T18:20:28.422Z
coorg,topPlaces[12].photos[2],https://images.pexels.com/photos/8260043/pexels-photo-8260043.jpeg?auto=compress&cs=tinysrgb&dpr=2&h=650&w=940,https://images.pexels.com/photos/8260047/pexels-photo-8260047.jpeg?auto=compress&cs=tinysrgb&dpr=2&h=650&w=940,98,pexels,no,2026-08-18T18:20:28.972Z
coorg,topPlaces[13].image,https://images.pexels.com/photos/30108252/pexels-photo-30108252.jpeg?auto=compress&cs=tinysrgb&dpr=2&h=650&w=940,https://images.pexels.com/photos/30108252/pexels-photo-30108252.jpeg?auto=compress&cs=tinysrgb&dpr=2&h=650&w=940,98,pexels,no,2026-08-18T18:20:29.693Z
coorg,topPlaces[13].photos[1],https://images.pexels.com/photos/25381296/pexels-photo-25381296.jpeg?auto=compress&cs=tinysrgb&dpr=2&h=650&w=940,https://images.pexels.com/photos/37776428/pexels-photo-37776428.jpeg?auto=compress&cs=tinysrgb&dpr=2&h=650&w=940,98,pexels,no,2026-08-18T18:20:30.359Z
coorg,topPlaces[13].photos[2],https://images.pexels.com/photos/34226372/pexels-photo-34226372.jpeg?auto=compress&cs=tinysrgb&dpr=2&h=650&w=940,https://images.pexels.com/photos/25381296/pexels-photo-25381296.jpeg?auto=compress&cs=tinysrgb&dpr=2&h=650&w=940,98,pexels,no,2026-08-18T18:20:31.011Z
coorg,topPlaces[14].photos[0],https://images.pexels.com/photos/37138134/pexels-photo-37138134.jpeg?auto=compress&cs=tinysrgb&dpr=2&h=650&w=940,https://images.pexels.com/photos/37048105/pexels-photo-37048105.jpeg?auto=compress&cs=tinysrgb&dpr=2&h=650&w=940,98,pexels,no,2026-08-18T18:20:32.230Z
coorg,topPlaces[14].photos[1],https://images.pexels.com/photos/35668009/pexels-photo-35668009.jpeg?auto=compress&cs=tinysrgb&dpr=2&h=650&w=940,https://images.pexels.com/photos/37138134/pexels-photo-37138134.jpeg?auto=compress&cs=tinysrgb&dpr=2&h=650&w=940,98,pexels,no,2026-08-18T18:20:33.555Z
coorg,topPlaces[14].photos[2],https://images.pexels.com/photos/35652356/pexels-photo-35652356.jpeg?auto=compress&cs=tinysrgb&dpr=2&h=650&w=940,https://images.pexels.com/photos/35668009/pexels-photo-35668009.jpeg?auto=compress&cs=tinysrgb&dpr=2&h=650&w=940,98,pexels,no,2026-08-18T18:20:34.509Z
coorg,hotels[10].image,https://images.pexels.com/photos/35331933/pexels-photo-35331933.jpeg?auto=compress&cs=tinysrgb&dpr=2&h=650&w=940,https://images.pexels.com/photos/33046721/pexels-photo-33046721.png?auto=compress&cs=tinysrgb&dpr=2&h=650&w=940,100,pexels,no,2026-08-18T18:20:34.556Z
udaipur,gallery[5],https://images.pexels.com/photos/33658449/pexels-photo-33658449.jpeg?auto=compress&cs=tinysrgb&dpr=2&h=650&w=940,https://images.pexels.com/photos/33658452/pexels-photo-33658452.jpeg?auto=compress&cs=tinysrgb&dpr=2&h=650&w=940,100,pexels,no,2026-08-18T18:20:34.603Z
udaipur,topPlaces[0].photos[2],https://images.pexels.com/photos/32261804/pexels-photo-32261804.jpeg?auto=compress&cs=tinysrgb&dpr=2&h=650&w=940,https://images.pexels.com/photos/32261804/pexels-photo-32261804.jpeg?auto=compress&cs=tinysrgb&dpr=2&h=650&w=940,100,pexels,no,2026-08-18T18:20:36.010Z
udaipur,topPlaces[1].photos[0],https://images.pexels.com/photos/21382502/pexels-photo-21382502.jpeg?auto=compress&cs=tinysrgb&dpr=2&h=650&w=940,https://images.pexels.com/photos/27960110/pexels-photo-27960110.jpeg?auto=compress&cs=tinysrgb&dpr=2&h=650&w=940,100,pexels,no,2026-08-18T18:20:37.461Z
udaipur,topPlaces[1].photos[1],https://images.pexels.com/photos/4291428/pexels-photo-4291428.jpeg?auto=compress&cs=tinysrgb&dpr=2&h=650&w=940,https://images.pexels.com/photos/33658451/pexels-photo-33658451.jpeg?auto=compress&cs=tinysrgb&dpr=2&h=650&w=940,100,pexels,no,2026-08-18T18:20:38.538Z
udaipur,topPlaces[1].photos[2],https://images.pexels.com/photos/27960113/pexels-photo-27960113.jpeg?auto=compress&cs=tinysrgb&dpr=2&h=650&w=940,https://images.pexels.com/photos/21382502/pexels-photo-21382502.jpeg?auto=compress&cs=tinysrgb&dpr=2&h=650&w=940,100,pexels,no,2026-08-18T18:20:39.289Z
udaipur,topPlaces[2].photos[0],https://images.pexels.com/photos/36963355/pexels-photo-36963355.jpeg?auto=compress&cs=tinysrgb&dpr=2&h=650&w=940,https://images.pexels.com/photos/4291428/pexels-photo-4291428.jpeg?auto=compress&cs=tinysrgb&dpr=2&h=650&w=940,100,pexels,no,2026-08-18T18:20:40.593Z
udaipur,topPlaces[2].photos[2],https://images.pexels.com/photos/37591275/pexels-photo-37591275.jpeg?auto=compress&cs=tinysrgb&dpr=2&h=650&w=940,https://images.pexels.com/photos/36818397/pexels-photo-36818397.jpeg?auto=compress&cs=tinysrgb&dpr=2&h=650&w=940,100,pexels,no,2026-08-18T18:20:41.636Z
udaipur,topPlaces[3].image,https://images.pexels.com/photos/33658455/pexels-photo-33658455.jpeg?auto=compress&cs=tinysrgb&dpr=2&h=650&w=940,https://images.pexels.com/photos/33658455/pexels-photo-33658455.jpeg?auto=compress&cs=tinysrgb&dpr=2&h=650&w=940,100,pexels,no,2026-08-18T18:20:43.089Z
udaipur,topPlaces[3].photos[1],https://images.pexels.com/photos/36454346/pexels-photo-36454346.jpeg?auto=compress&cs=tinysrgb&dpr=2&h=650&w=940,https://images.pexels.com/photos/27960113/pexels-photo-27960113.jpeg?auto=compress&cs=tinysrgb&dpr=2&h=650&w=940,100,pexels,no,2026-08-18T18:20:44.161Z
udaipur,topPlaces[3].photos[2],https://images.pexels.com/photos/9209318/pexels-photo-9209318.jpeg?auto=compress&cs=tinysrgb&dpr=2&h=650&w=940,https://images.pexels.com/photos/35086309/pexels-photo-35086309.jpeg?auto=compress&cs=tinysrgb&dpr=2&h=650&w=940,100,pexels,no,2026-08-18T18:20:44.912Z
udaipur,topPlaces[4].photos[0],https://images.pexels.com/photos/37310835/pexels-photo-37310835.jpeg?auto=compress&cs=tinysrgb&dpr=2&h=650&w=940,https://images.pexels.com/photos/37310832/pexels-photo-37310832.jpeg?auto=compress&cs=tinysrgb&dpr=2&h=650&w=940,100,pexels,no,2026-08-18T18:20:45.920Z
udaipur,topPlaces[4].photos[1],https://images.pexels.com/photos/19149570/pexels-photo-19149570.jpeg?auto=compress&cs=tinysrgb&dpr=2&h=650&w=940,https://images.pexels.com/photos/37310835/pexels-photo-37310835.jpeg?auto=compress&cs=tinysrgb&dpr=2&h=650&w=940,100,pexels,no,2026-08-18T18:20:46.991Z
udaipur,topPlaces[4].photos[2],https://images.pexels.com/photos/19149584/pexels-photo-19149584.jpeg?auto=compress&cs=tinysrgb&dpr=2&h=650&w=940,https://images.pexels.com/photos/37310834/pexels-photo-37310834.jpeg?auto=compress&cs=tinysrgb&dpr=2&h=650&w=940,100,pexels,no,2026-08-18T18:20:47.559Z
udaipur,topPlaces[5].photos[0],https://images.pexels.com/photos/37415397/pexels-photo-37415397.jpeg?auto=compress&cs=tinysrgb&dpr=2&h=650&w=940,https://images.pexels.com/photos/35086321/pexels-photo-35086321.jpeg?auto=compress&cs=tinysrgb&dpr=2&h=650&w=940,100,pexels,no,2026-08-18T18:20:49.671Z
udaipur,topPlaces[5].photos[1],https://images.pexels.com/photos/37415377/pexels-photo-37415377.jpeg?auto=compress&cs=tinysrgb&dpr=2&h=650&w=940,https://images.pexels.com/photos/34878209/pexels-photo-34878209.jpeg?auto=compress&cs=tinysrgb&dpr=2&h=650&w=940,100,pexels,no,2026-08-18T18:20:51.415Z
udaipur,topPlaces[5].photos[2],https://images.pexels.com/photos/32485754/pexels-photo-32485754.jpeg?auto=compress&cs=tinysrgb&dpr=2&h=650&w=940,https://images.pexels.com/photos/37415398/pexels-photo-37415398.jpeg?auto=compress&cs=tinysrgb&dpr=2&h=650&w=940,98,pexels,no,2026-08-18T18:20:52.107Z
udaipur,topPlaces[6].photos[0],https://images.pexels.com/photos/35266936/pexels-photo-35266936.jpeg?auto=compress&cs=tinysrgb&dpr=2&h=650&w=940,https://images.pexels.com/photos/33658449/pexels-photo-33658449.jpeg?auto=compress&cs=tinysrgb&dpr=2&h=650&w=940,100,pexels,no,2026-08-18T18:20:53.417Z
udaipur,topPlaces[6].photos[1],https://images.pexels.com/photos/13709223/pexels-photo-13709223.jpeg?auto=compress&cs=tinysrgb&dpr=2&h=650&w=940,https://images.pexels.com/photos/33779657/pexels-photo-33779657.jpeg?auto=compress&cs=tinysrgb&dpr=2&h=650&w=940,100,pexels,no,2026-08-18T18:20:54.419Z
udaipur,topPlaces[6].photos[2],https://images.pexels.com/photos/8143397/pexels-photo-8143397.jpeg?auto=compress&cs=tinysrgb&dpr=2&h=650&w=940,https://images.pexels.com/photos/8143397/pexels-photo-8143397.jpeg?auto=compress&cs=tinysrgb&dpr=2&h=650&w=940,100,pexels,no,2026-08-18T18:20:55.096Z
udaipur,topPlaces[7].photos[0],https://images.pexels.com/photos/37475174/pexels-photo-37475174.jpeg?auto=compress&cs=tinysrgb&dpr=2&h=650&w=940,https://images.pexels.com/photos/31029997/pexels-photo-31029997.jpeg?auto=compress&cs=tinysrgb&dpr=2&h=650&w=940,100,pexels,no,2026-08-18T18:20:56.499Z
udaipur,topPlaces[7].photos[1],https://images.pexels.com/photos/13944524/pexels-photo-13944524.jpeg?auto=compress&cs=tinysrgb&dpr=2&h=650&w=940,https://images.pexels.com/photos/20754100/pexels-photo-20754100.jpeg?auto=compress&cs=tinysrgb&dpr=2&h=650&w=940,100,pexels,no,2026-08-18T18:20:57.505Z
udaipur,topPlaces[7].photos[2],https://images.pexels.com/photos/24871801/pexels-photo-24871801.jpeg?auto=compress&cs=tinysrgb&dpr=2&h=650&w=940,https://images.pexels.com/photos/37310836/pexels-photo-37310836.jpeg?auto=compress&cs=tinysrgb&dpr=2&h=650&w=940,100,pexels,no,2026-08-18T18:20:58.162Z
udaipur,topPlaces[8].photos[1],https://images.pexels.com/photos/38095229/pexels-photo-38095229.jpeg?auto=compress&cs=tinysrgb&dpr=2&h=650&w=940,https://images.pexels.com/photos/38095229/pexels-photo-38095229.jpeg?auto=compress&cs=tinysrgb&dpr=2&h=650&w=940,100,pexels,no,2026-08-18T18:20:59.387Z
udaipur,topPlaces[8].photos[2],https://images.pexels.com/photos/4511745/pexels-photo-4511745.jpeg?auto=compress&cs=tinysrgb&dpr=2&h=650&w=940,https://images.pexels.com/photos/38067205/pexels-photo-38067205.jpeg?auto=compress&cs=tinysrgb&dpr=2&h=650&w=940,100,pexels,no,2026-08-18T18:21:00.788Z
udaipur,topPlaces[9].image,https://images.pexels.com/photos/1588031/pexels-photo-1588031.jpeg?auto=compress&cs=tinysrgb&dpr=2&h=650&w=940,https://images.pexels.com/photos/36352989/pexels-photo-36352989.jpeg?auto=compress&cs=tinysrgb&dpr=2&h=650&w=940,100,pexels,no,2026-08-18T18:21:02.169Z
udaipur,topPlaces[9].photos[1],https://images.pexels.com/photos/21922269/pexels-photo-21922269.jpeg?auto=compress&cs=tinysrgb&dpr=2&h=650&w=940,https://images.pexels.com/photos/18435526/pexels-photo-18435526.jpeg?auto=compress&cs=tinysrgb&dpr=2&h=650&w=940,100,pexels,no,2026-08-18T18:21:03.167Z
udaipur,topPlaces[9].photos[2],https://images.pexels.com/photos/35259341/pexels-photo-35259341.png?auto=compress&cs=tinysrgb&dpr=2&h=650&w=940,https://images.pexels.com/photos/1588031/pexels-photo-1588031.jpeg?auto=compress&cs=tinysrgb&dpr=2&h=650&w=940,98,pexels,no,2026-08-18T18:21:03.772Z
udaipur,topPlaces[10].photos[0],https://images.pexels.com/photos/14940419/pexels-photo-14940419.jpeg?auto=compress&cs=tinysrgb&dpr=2&h=650&w=940,https://images.pexels.com/photos/14897206/pexels-photo-14897206.jpeg?auto=compress&cs=tinysrgb&dpr=2&h=650&w=940,100,pexels,no,2026-08-18T18:21:05.105Z
udaipur,topPlaces[10].photos[1],https://images.pexels.com/photos/14897206/pexels-photo-14897206.jpeg?auto=compress&cs=tinysrgb&dpr=2&h=650&w=940,https://images.pexels.com/photos/37798735/pexels-photo-37798735.jpeg?auto=compress&cs=tinysrgb&dpr=2&h=650&w=940,98,pexels,no,2026-08-18T18:21:06.189Z
udaipur,topPlaces[10].photos[2],https://images.pexels.com/photos/6060946/pexels-photo-6060946.jpeg?auto=compress&cs=tinysrgb&dpr=2&h=650&w=940,https://images.pexels.com/photos/14940419/pexels-photo-14940419.jpeg?auto=compress&cs=tinysrgb&dpr=2&h=650&w=940,98,pexels,no,2026-08-18T18:21:06.868Z
udaipur,topPlaces[11].image,https://images.pexels.com/photos/19160104/pexels-photo-19160104.jpeg?auto=compress&cs=tinysrgb&dpr=2&h=650&w=940,https://images.pexels.com/photos/19149570/pexels-photo-19149570.jpeg?auto=compress&cs=tinysrgb&dpr=2&h=650&w=940,98,pexels,no,2026-08-18T18:21:08.087Z
udaipur,topPlaces[11].photos[1],https://images.pexels.com/photos/19160111/pexels-photo-19160111.jpeg?auto=compress&cs=tinysrgb&dpr=2&h=650&w=940,https://images.pexels.com/photos/19149584/pexels-photo-19149584.jpeg?auto=compress&cs=tinysrgb&dpr=2&h=650&w=940,98,pexels,no,2026-08-18T18:21:09.120Z
udaipur,topPlaces[11].photos[2],https://images.pexels.com/photos/19195938/pexels-photo-19195938.jpeg?auto=compress&cs=tinysrgb&dpr=2&h=650&w=940,https://images.pexels.com/photos/19160104/pexels-photo-19160104.jpeg?auto=compress&cs=tinysrgb&dpr=2&h=650&w=940,98,pexels,no,2026-08-18T18:21:09.670Z
udaipur,topPlaces[12].photos[0],https://images.pexels.com/photos/15041488/pexels-photo-15041488.jpeg?auto=compress&cs=tinysrgb&dpr=2&h=650&w=940,https://images.pexels.com/photos/27960115/pexels-photo-27960115.jpeg?auto=compress&cs=tinysrgb&dpr=2&h=650&w=940,100,pexels,no,2026-08-18T18:21:11.051Z
udaipur,topPlaces[12].photos[1],https://images.pexels.com/photos/35350344/pexels-photo-35350344.jpeg?auto=compress&cs=tinysrgb&dpr=2&h=650&w=940,https://images.pexels.com/photos/35266937/pexels-photo-35266937.jpeg?auto=compress&cs=tinysrgb&dpr=2&h=650&w=940,98,pexels,no,2026-08-18T18:21:11.777Z
udaipur,topPlaces[12].photos[2],https://images.pexels.com/photos/36778192/pexels-photo-36778192.jpeg?auto=compress&cs=tinysrgb&dpr=2&h=650&w=940,https://images.pexels.com/photos/15041488/pexels-photo-15041488.jpeg?auto=compress&cs=tinysrgb&dpr=2&h=650&w=940,98,pexels,no,2026-08-18T18:21:12.354Z
udaipur,topPlaces[13].image,https://images.pexels.com/photos/10596860/pexels-photo-10596860.jpeg?auto=compress&cs=tinysrgb&dpr=2&h=650&w=940,https://images.pexels.com/photos/4511745/pexels-photo-4511745.jpeg?auto=compress&cs=tinysrgb&dpr=2&h=650&w=940,98,pexels,no,2026-08-18T18:21:16.799Z
udaipur,topPlaces[13].photos[1],https://images.pexels.com/photos/19160128/pexels-photo-19160128.jpeg?auto=compress&cs=tinysrgb&dpr=2&h=650&w=940,https://images.pexels.com/photos/10596860/pexels-photo-10596860.jpeg?auto=compress&cs=tinysrgb&dpr=2&h=650&w=940,98,pexels,no,2026-08-18T18:21:18.886Z
udaipur,hotels[0].image,https://upload.wikimedia.org/wikipedia/commons/thumb/e/ed/Udaipur%2C_India%2C_Taj_Lake_Palace.jpg/960px-Udaipur%2C_India%2C_Taj_Lake_Palace.jpg,https://images.pexels.com/photos/35455625/pexels-photo-35455625.jpeg?auto=compress&cs=tinysrgb&dpr=2&h=650&w=940,100,pexels,no,2026-08-18T18:21:19.732Z
udaipur,hotels[2].image,https://images.pexels.com/photos/1719173/pexels-photo-1719173.jpeg?auto=compress&cs=tinysrgb&dpr=2&h=650&w=940,https://images.pexels.com/photos/1719173/pexels-photo-1719173.jpeg?auto=compress&cs=tinysrgb&dpr=2&h=650&w=940,100,pexels,no,2026-08-18T18:21:19.783Z
udaipur,hotels[10].image,https://images.pexels.com/photos/35455626/pexels-photo-35455626.jpeg?auto=compress&cs=tinysrgb&dpr=2&h=650&w=940,https://images.pexels.com/photos/35455626/pexels-photo-35455626.jpeg?auto=compress&cs=tinysrgb&dpr=2&h=650&w=940,100,pexels,no,2026-08-18T18:21:19.833Z
rishikesh,topPlaces[4].photos[1],https://images.pexels.com/photos/5205768/pexels-photo-5205768.jpeg?auto=compress&cs=tinysrgb&dpr=2&h=650&w=940,https://images.pexels.com/photos/36941720/pexels-photo-36941720.jpeg?auto=compress&cs=tinysrgb&dpr=2&h=650&w=940,100,pexels,no,2026-08-18T18:21:20.607Z
rishikesh,topPlaces[4].photos[2],https://images.pexels.com/photos/36737801/pexels-photo-36737801.jpeg?auto=compress&cs=tinysrgb&dpr=2&h=650&w=940,https://images.pexels.com/photos/5205768/pexels-photo-5205768.jpeg?auto=compress&cs=tinysrgb&dpr=2&h=650&w=940,98,pexels,no,2026-08-18T18:21:21.319Z
rishikesh,topPlaces[6].photos[1],https://images.pexels.com/photos/29666812/pexels-photo-29666812.png?auto=compress&cs=tinysrgb&dpr=2&h=650&w=940,https://images.pexels.com/photos/29666812/pexels-photo-29666812.png?auto=compress&cs=tinysrgb&dpr=2&h=650&w=940,98,pexels,no,2026-08-18T18:21:22.001Z
rishikesh,topPlaces[6].photos[2],https://images.pexels.com/photos/29666809/pexels-photo-29666809.png?auto=compress&cs=tinysrgb&dpr=2&h=650&w=940,https://images.pexels.com/photos/29666809/pexels-photo-29666809.png?auto=compress&cs=tinysrgb&dpr=2&h=650&w=940,98,pexels,no,2026-08-18T18:21:22.709Z
rishikesh,topPlaces[7].photos[1],https://images.pexels.com/photos/35133217/pexels-photo-35133217.jpeg?auto=compress&cs=tinysrgb&dpr=2&h=650&w=940,https://images.pexels.com/photos/10620256/pexels-photo-10620256.jpeg?auto=compress&cs=tinysrgb&dpr=2&h=650&w=940,100,pexels,no,2026-08-18T18:21:23.427Z
rishikesh,topPlaces[7].photos[2],https://images.pexels.com/photos/31580154/pexels-photo-31580154.jpeg?auto=compress&cs=tinysrgb&dpr=2&h=650&w=940,https://images.pexels.com/photos/18859341/pexels-photo-18859341.jpeg?auto=compress&cs=tinysrgb&dpr=2&h=650&w=940,100,pexels,no,2026-08-18T18:21:24.153Z
rishikesh,topPlaces[8].photos[1],https://images.pexels.com/photos/34198399/pexels-photo-34198399.jpeg?auto=compress&cs=tinysrgb&dpr=2&h=650&w=940,https://images.pexels.com/photos/34198399/pexels-photo-34198399.jpeg?auto=compress&cs=tinysrgb&dpr=2&h=650&w=940,98,pexels,no,2026-08-18T18:21:27.133Z
rishikesh,topPlaces[8].photos[2],https://images.pexels.com/photos/12495840/pexels-photo-12495840.jpeg?auto=compress&cs=tinysrgb&dpr=2&h=650&w=940,https://images.pexels.com/photos/36737801/pexels-photo-36737801.jpeg?auto=compress&cs=tinysrgb&dpr=2&h=650&w=940,98,pexels,no,2026-08-18T18:21:28.341Z
rishikesh,topPlaces[11].photos[1],https://images.pexels.com/photos/12584382/pexels-photo-12584382.jpeg?auto=compress&cs=tinysrgb&dpr=2&h=650&w=940,https://images.pexels.com/photos/12584382/pexels-photo-12584382.jpeg?auto=compress&cs=tinysrgb&dpr=2&h=650&w=940,98,pexels,no,2026-08-18T18:21:29.642Z
rishikesh,topPlaces[11].photos[2],https://images.pexels.com/photos/16115291/pexels-photo-16115291.jpeg?auto=compress&cs=tinysrgb&dpr=2&h=650&w=940,https://images.pexels.com/photos/16115291/pexels-photo-16115291.jpeg?auto=compress&cs=tinysrgb&dpr=2&h=650&w=940,98,pexels,no,2026-08-18T18:21:30.651Z
rishikesh,topPlaces[12].photos[1],https://images.pexels.com/photos/20035472/pexels-photo-20035472.jpeg?auto=compress&cs=tinysrgb&dpr=2&h=650&w=940,https://images.pexels.com/photos/20035528/pexels-photo-20035528.jpeg?auto=compress&cs=tinysrgb&dpr=2&h=650&w=940,100,pexels,no,2026-08-18T18:21:32.003Z
rishikesh,topPlaces[12].photos[2],https://images.pexels.com/photos/20035528/pexels-photo-20035528.jpeg?auto=compress&cs=tinysrgb&dpr=2&h=650&w=940,https://images.pexels.com/photos/20035465/pexels-photo-20035465.jpeg?auto=compress&cs=tinysrgb&dpr=2&h=650&w=940,100,pexels,no,2026-08-18T18:21:33.529Z
rishikesh,topPlaces[13].photos[1],https://images.pexels.com/photos/18221637/pexels-photo-18221637.jpeg?auto=compress&cs=tinysrgb&dpr=2&h=650&w=940,https://images.pexels.com/photos/18221637/pexels-photo-18221637.jpeg?auto=compress&cs=tinysrgb&dpr=2&h=650&w=940,100,pexels,no,2026-08-18T18:21:35.163Z
darjeeling,topPlaces[0].photos[2],https://images.pexels.com/photos/36696153/pexels-photo-36696153.jpeg?auto=compress&cs=tinysrgb&dpr=2&h=650&w=940,https://images.pexels.com/photos/3878609/pexels-photo-3878609.jpeg?auto=compress&cs=tinysrgb&dpr=2&h=650&w=940,100,pexels,no,2026-08-18T18:21:36.982Z
darjeeling,topPlaces[1].photos[2],https://images.pexels.com/photos/6741747/pexels-photo-6741747.jpeg?auto=compress&cs=tinysrgb&dpr=2&h=650&w=940,https://images.pexels.com/photos/29252357/pexels-photo-29252357.jpeg?auto=compress&cs=tinysrgb&dpr=2&h=650&w=940,100,pexels,no,2026-08-18T18:21:38.561Z
darjeeling,topPlaces[2].photos[2],https://images.pexels.com/photos/3878609/pexels-photo-3878609.jpeg?auto=compress&cs=tinysrgb&dpr=2&h=650&w=940,https://images.pexels.com/photos/33565207/pexels-photo-33565207.jpeg?auto=compress&cs=tinysrgb&dpr=2&h=650&w=940,100,pexels,no,2026-08-18T18:21:39.662Z
darjeeling,topPlaces[3].photos[1],https://images.pexels.com/photos/36678916/pexels-photo-36678916.jpeg?auto=compress&cs=tinysrgb&dpr=2&h=650&w=940,https://images.pexels.com/photos/36678916/pexels-photo-36678916.jpeg?auto=compress&cs=tinysrgb&dpr=2&h=650&w=940,100,pexels,no,2026-08-18T18:21:41.626Z
darjeeling,topPlaces[3].photos[2],https://images.pexels.com/photos/38426620/pexels-photo-38426620.jpeg?auto=compress&cs=tinysrgb&dpr=2&h=650&w=940,https://images.pexels.com/photos/38426620/pexels-photo-38426620.jpeg?auto=compress&cs=tinysrgb&dpr=2&h=650&w=940,100,pexels,no,2026-08-18T18:21:42.866Z
darjeeling,topPlaces[4].photos[1],https://images.pexels.com/photos/38005473/pexels-photo-38005473.jpeg?auto=compress&cs=tinysrgb&dpr=2&h=650&w=940,https://images.pexels.com/photos/37248514/pexels-photo-37248514.jpeg?auto=compress&cs=tinysrgb&dpr=2&h=650&w=940,100,pexels,no,2026-08-18T18:21:44.103Z
darjeeling,topPlaces[4].photos[2],https://images.pexels.com/photos/38005474/pexels-photo-38005474.jpeg?auto=compress&cs=tinysrgb&dpr=2&h=650&w=940,https://images.pexels.com/photos/37205307/pexels-photo-37205307.jpeg?auto=compress&cs=tinysrgb&dpr=2&h=650&w=940,100,pexels,no,2026-08-18T18:21:45.121Z
darjeeling,topPlaces[5].photos[1],https://upload.wikimedia.org/wikipedia/commons/thumb/6/6f/Padmaja_Naidu_Himalayan_Zoological_Park_known_as_Darjeeling_Zoo_04.jpg/1280px-Padmaja_Naidu_Himalayan_Zoological_Park_known_as_Darjeeling_Zoo_04.jpg,https://images.pexels.com/photos/3109734/pexels-photo-3109734.jpeg?auto=compress&cs=tinysrgb&dpr=2&h=650&w=940,98,pexels,no,2026-08-18T18:21:47.658Z
darjeeling,topPlaces[5].photos[2],https://upload.wikimedia.org/wikipedia/commons/thumb/1/1f/Padmaja_Naidu_Himalayan_Zoological_Park_known_as_Darjeeling_Zoo_05.jpg/1280px-Padmaja_Naidu_Himalayan_Zoological_Park_known_as_Darjeeling_Zoo_05.jpg,https://images.pexels.com/photos/37113277/pexels-photo-37113277.jpeg?auto=compress&cs=tinysrgb&dpr=2&h=650&w=940,98,pexels,no,2026-08-18T18:21:49.783Z
darjeeling,topPlaces[6].photos[1],https://upload.wikimedia.org/wikipedia/commons/thumb/a/a0/Barbatia_Rock_Garden%2C_Darjeeling.jpg/1280px-Barbatia_Rock_Garden%2C_Darjeeling.jpg,https://images.pexels.com/photos/35152200/pexels-photo-35152200.jpeg?auto=compress&cs=tinysrgb&dpr=2&h=650&w=940,100,pexels,no,2026-08-18T18:21:51.730Z
darjeeling,topPlaces[6].photos[2],https://upload.wikimedia.org/wikipedia/commons/thumb/f/fd/Waterfall_in_Rock_Garden%2C_Darjeeling.jpg/1280px-Waterfall_in_Rock_Garden%2C_Darjeeling.jpg,https://images.pexels.com/photos/35393276/pexels-photo-35393276.jpeg?auto=compress&cs=tinysrgb&dpr=2&h=650&w=940,98,pexels,no,2026-08-18T18:21:52.616Z
darjeeling,topPlaces[7].photos[1],https://upload.wikimedia.org/wikipedia/commons/thumb/d/d7/Mirik_park.JPG/1280px-Mirik_park.JPG,https://images.pexels.com/photos/35187648/pexels-photo-35187648.jpeg?auto=compress&cs=tinysrgb&dpr=2&h=650&w=940,100,pexels,no,2026-08-18T18:21:54.709Z
darjeeling,topPlaces[7].photos[2],https://upload.wikimedia.org/wikipedia/commons/thumb/6/63/Mirik_Lake1.jpg/1280px-Mirik_Lake1.jpg,https://images.pexels.com/photos/35187650/pexels-photo-35187650.jpeg?auto=compress&cs=tinysrgb&dpr=2&h=650&w=940,100,pexels,no,2026-08-18T18:21:55.734Z
darjeeling,topPlaces[8].photos[1],https://upload.wikimedia.org/wikipedia/commons/thumb/a/a1/Japanese_Peace_Pagoda%2C_Darjeeling%2C_West_Bengal_11.jpg/1280px-Japanese_Peace_Pagoda%2C_Darjeeling%2C_West_Bengal_11.jpg,https://images.pexels.com/photos/29301694/pexels-photo-29301694.jpeg?auto=compress&cs=tinysrgb&dpr=2&h=650&w=940,98,pexels,no,2026-08-18T18:21:57.737Z
darjeeling,topPlaces[8].photos[2],https://upload.wikimedia.org/wikipedia/commons/thumb/4/42/Japanese_Peace_Pagoda%2C_Darjeeling%2C_West_Bengal_13.jpg/1280px-Japanese_Peace_Pagoda%2C_Darjeeling%2C_West_Bengal_13.jpg,https://images.pexels.com/photos/20488888/pexels-photo-20488888.jpeg?auto=compress&cs=tinysrgb&dpr=2&h=650&w=940,98,pexels,no,2026-08-18T18:22:00.412Z
darjeeling,topPlaces[9].photos[1],https://upload.wikimedia.org/wikipedia/commons/thumb/b/ba/Himalayan_Mountaineering_Institute_campus_in_Darjeeling_01.jpg/1280px-Himalayan_Mountaineering_Institute_campus_in_Darjeeling_01.jpg,https://images.pexels.com/photos/33237706/pexels-photo-33237706.jpeg?auto=compress&cs=tinysrgb&dpr=2&h=650&w=940,100,pexels,no,2026-08-18T18:22:02.739Z
darjeeling,topPlaces[9].photos[2],https://upload.wikimedia.org/wikipedia/commons/thumb/d/d7/Himalayan_Mountaineering_Institute_campus_in_Darjeeling_07.jpg/1280px-Himalayan_Mountaineering_Institute_campus_in_Darjeeling_07.jpg,https://images.pexels.com/photos/36778192/pexels-photo-36778192.jpeg?auto=compress&cs=tinysrgb&dpr=2&h=650&w=940,100,pexels,no,2026-08-18T18:22:04.172Z
darjeeling,topPlaces[10].photos[1],https://upload.wikimedia.org/wikipedia/commons/thumb/4/4f/Tenzing_Gombu_Rock_in_Darjeeling_%2842377261571%29.jpg/1280px-Tenzing_Gombu_Rock_in_Darjeeling_%2842377261571%29.jpg,https://images.pexels.com/photos/35187617/pexels-photo-35187617.jpeg?auto=compress&cs=tinysrgb&dpr=2&h=650&w=940,100,pexels,no,2026-08-18T18:22:05.875Z
darjeeling,topPlaces[10].photos[2],https://upload.wikimedia.org/wikipedia/commons/thumb/e/ed/Gombu_Rock_of_Darjeeling.jpg/1280px-Gombu_Rock_of_Darjeeling.jpg,https://images.pexels.com/photos/36672890/pexels-photo-36672890.jpeg?auto=compress&cs=tinysrgb&dpr=2&h=650&w=940,98,pexels,no,2026-08-18T18:22:07.306Z
darjeeling,topPlaces[11].photos[1],https://upload.wikimedia.org/wikipedia/commons/thumb/1/17/Mahakal_Temple%2C_Darjeeling_02.jpg/1280px-Mahakal_Temple%2C_Darjeeling_02.jpg,https://images.pexels.com/photos/33572707/pexels-photo-33572707.jpeg?auto=compress&cs=tinysrgb&dpr=2&h=650&w=940,98,pexels,no,2026-08-18T18:22:09.259Z
darjeeling,topPlaces[11].photos[2],https://upload.wikimedia.org/wikipedia/commons/thumb/0/0d/Mahakaal_Temple_-_Observatory_Hill_-_Darjeeling_15.jpg/1280px-Mahakaal_Temple_-_Observatory_Hill_-_Darjeeling_15.jpg,https://images.pexels.com/photos/16171882/pexels-photo-16171882.jpeg?auto=compress&cs=tinysrgb&dpr=2&h=650&w=940,98,pexels,no,2026-08-18T18:22:10.981Z
darjeeling,topPlaces[13].photos[1],https://upload.wikimedia.org/wikipedia/commons/thumb/7/7d/Lamahatta_Eco-park%2C_Darjeeling%2C_West_Bengal.jpg/1280px-Lamahatta_Eco-park%2C_Darjeeling%2C_West_Bengal.jpg,https://images.pexels.com/photos/29066706/pexels-photo-29066706.jpeg?auto=compress&cs=tinysrgb&dpr=2&h=650&w=940,98,pexels,no,2026-08-18T18:22:13.672Z
darjeeling,hotels[5].image,https://images.unsplash.com/photo-1561501878-aabd62234533?auto=format&fit=crop&w=1280&q=80,https://images.pexels.com/photos/32924711/pexels-photo-32924711.jpeg?auto=compress&cs=tinysrgb&dpr=2&h=650&w=940,100,pexels,no,2026-08-18T18:22:14.391Z
darjeeling,hotels[6].image,https://upload.wikimedia.org/wikipedia/commons/thumb/f/f5/Directory_of_the_City_of_Wilmington%2C_North_Carolina_%281889%29_-_DPLA_-_581c954b55a7c5265dc4de365f28e267.pdf/page1-500px-Directory_of_the_City_of_Wilmington%2C_North_Carolina_%281889%29_-_DPLA_-_581c954b55a7c5265dc4de365f28e267.pdf.jpg,https://images.pexels.com/photos/7821349/pexels-photo-7821349.jpeg?auto=compress&cs=tinysrgb&dpr=2&h=650&w=940,100,pexels,no,2026-08-18T18:22:15.005Z
munnar,topPlaces[0].photos[1],https://upload.wikimedia.org/wikipedia/commons/thumb/e/e5/Eravikulam_National_Park%2C_Munnar_-_panoramio_%288%29.jpg/1280px-Eravikulam_National_Park%2C_Munnar_-_panoramio_%288%29.jpg,https://images.pexels.com/photos/770635/pexels-photo-770635.jpeg?auto=compress&cs=tinysrgb&dpr=2&h=650&w=940,100,pexels,no,2026-08-18T18:22:17.261Z
munnar,topPlaces[1].photos[2],https://upload.wikimedia.org/wikipedia/commons/thumb/9/98/Stepwise_processing_of_tea_in_Tea_Museum_%2C_Munnar_06.jpg/1280px-Stepwise_processing_of_tea_in_Tea_Museum_%2C_Munnar_06.jpg,https://images.pexels.com/photos/392100/pexels-photo-392100.jpeg?auto=compress&cs=tinysrgb&dpr=2&h=650&w=940,100,pexels,no,2026-08-18T18:22:18.933Z
munnar,topPlaces[2].photos[1],https://upload.wikimedia.org/wikipedia/commons/thumb/1/1a/Mattupetty_Dam%2C_Munnar_views_%2835%29.jpg/1280px-Mattupetty_Dam%2C_Munnar_views_%2835%29.jpg,https://images.pexels.com/photos/37633371/pexels-photo-37633371.jpeg?auto=compress&cs=tinysrgb&dpr=2&h=650&w=940,100,pexels,no,2026-08-18T18:22:21.254Z
munnar,topPlaces[2].photos[2],https://upload.wikimedia.org/wikipedia/commons/thumb/9/98/Mattupetty_Dam_reservoir%2C_Munnar_%2819%29.jpg/1280px-Mattupetty_Dam_reservoir%2C_Munnar_%2819%29.jpg,https://images.pexels.com/photos/32807880/pexels-photo-32807880.jpeg?auto=compress&cs=tinysrgb&dpr=2&h=650&w=940,100,pexels,no,2026-08-18T18:22:22.654Z
munnar,topPlaces[3].photos[1],https://upload.wikimedia.org/wikipedia/commons/thumb/f/ff/Munnar_Top_Station.jpg/1280px-Munnar_Top_Station.jpg,https://images.pexels.com/photos/34058934/pexels-photo-34058934.jpeg?auto=compress&cs=tinysrgb&dpr=2&h=650&w=940,100,pexels,no,2026-08-18T18:22:25.147Z
munnar,topPlaces[3].photos[2],https://upload.wikimedia.org/wikipedia/commons/thumb/6/6f/Munnar-Pothupara_Waterfalls-WUS07067.jpg/1280px-Munnar-Pothupara_Waterfalls-WUS07067.jpg,https://images.pexels.com/photos/32262506/pexels-photo-32262506.jpeg?auto=compress&cs=tinysrgb&dpr=2&h=650&w=940,100,pexels,no,2026-08-18T18:22:26.617Z
munnar,topPlaces[5].photos[1],https://upload.wikimedia.org/wikipedia/commons/6/6f/Chinnar_Wildlife_Sanctuary%2C_Munnar_-_panoramio_%281%29.jpg,https://images.pexels.com/photos/12249487/pexels-photo-12249487.jpeg?auto=compress&cs=tinysrgb&dpr=2&h=650&w=940,100,pexels,no,2026-08-18T18:22:29.131Z
munnar,topPlaces[5].photos[2],https://upload.wikimedia.org/wikipedia/commons/f/fa/Chinnar_Wildlife_Sanctuary%2C_Munnar_-_panoramio_%282%29.jpg,https://images.pexels.com/photos/12903514/pexels-photo-12903514.jpeg?auto=compress&cs=tinysrgb&dpr=2&h=650&w=940,100,pexels,no,2026-08-18T18:22:30.581Z
munnar,topPlaces[6].photos[1],https://upload.wikimedia.org/wikipedia/commons/thumb/6/65/NOMINATIONS_OF_SHELIA_BAIR%2C_JAMES_B._LOCKHART%2C_III%2C_DONALD_L._KOHN%2C_AND_KATHLEEN_L._CASEY_%28IA_gov.gpo.fdsys.CHRG-109shrg28558%29.pdf/page1-960px-NOMINATIONS_OF_SHELIA_BAIR%2C_JAMES_B._LOCKHART%2C_III%2C_DONALD_L._KOHN%2C_AND_KATHLEEN_L._CASEY_%28IA_gov.gpo.fdsys.CHRG-109shrg28558%29.pdf.jpg,https://images.pexels.com/photos/13586931/pexels-photo-13586931.jpeg?auto=compress&cs=tinysrgb&dpr=2&h=650&w=940,100,pexels,no,2026-08-18T18:22:33.480Z
munnar,topPlaces[6].photos[2],https://upload.wikimedia.org/wikipedia/commons/thumb/e/e0/The_alleged_increase_of_lunacy_%28electronic_resource%29_-_a_farther_note_%28IA_b21479768%29.pdf/page1-500px-The_alleged_increase_of_lunacy_%28electronic_resource%29_-_a_farther_note_%28IA_b21479768%29.pdf.jpg,https://images.pexels.com/photos/34865188/pexels-photo-34865188.jpeg?auto=compress&cs=tinysrgb&dpr=2&h=650&w=940,100,pexels,no,2026-08-18T18:22:35.794Z
munnar,topPlaces[8].photos[1],https://upload.wikimedia.org/wikipedia/commons/c/cd/KundalaLake2%2CMunnar.JPG,https://images.pexels.com/photos/14730457/pexels-photo-14730457.jpeg?auto=compress&cs=tinysrgb&dpr=2&h=650&w=940,100,pexels,no,2026-08-18T18:22:37.975Z
munnar,topPlaces[8].photos[2],https://upload.wikimedia.org/wikipedia/commons/f/fb/MattupettyLake%2CMunnar.JPG,https://images.pexels.com/photos/36717711/pexels-photo-36717711.jpeg?auto=compress&cs=tinysrgb&dpr=2&h=650&w=940,98,pexels,no,2026-08-18T18:22:39.421Z
munnar,topPlaces[9].photos[1],https://upload.wikimedia.org/wikipedia/commons/thumb/1/1b/Anaimudi_Peak.jpg/1280px-Anaimudi_Peak.jpg,https://images.pexels.com/photos/28617619/pexels-photo-28617619.jpeg?auto=compress&cs=tinysrgb&dpr=2&h=650&w=940,100,pexels,no,2026-08-18T18:22:40.683Z
munnar,topPlaces[9].photos[2],https://upload.wikimedia.org/wikipedia/commons/thumb/8/86/A_peak_view_of_munnar._near_anamudi._kerala.jpg/1280px-A_peak_view_of_munnar._near_anamudi._kerala.jpg,https://images.pexels.com/photos/25489548/pexels-photo-25489548.jpeg?auto=compress&cs=tinysrgb&dpr=2&h=650&w=940,98,pexels,no,2026-08-18T18:22:41.263Z
munnar,topPlaces[10].photos[1],https://upload.wikimedia.org/wikipedia/commons/thumb/d/d2/Echo_Point_Munnar-Kerala.jpg/1280px-Echo_Point_Munnar-Kerala.jpg,https://images.pexels.com/photos/30444576/pexels-photo-30444576.jpeg?auto=compress&cs=tinysrgb&dpr=2&h=650&w=940,100,pexels,no,2026-08-18T18:22:43.228Z
munnar,topPlaces[10].photos[2],https://upload.wikimedia.org/wikipedia/commons/thumb/f/f5/Echo_Point%2C_Munnar.jpg/1280px-Echo_Point%2C_Munnar.jpg,https://images.pexels.com/photos/32066842/pexels-photo-32066842.jpeg?auto=compress&cs=tinysrgb&dpr=2&h=650&w=940,98,pexels,no,2026-08-18T18:22:44.705Z
munnar,topPlaces[13].photos[1],https://upload.wikimedia.org/wikipedia/commons/thumb/5/51/Munnar_25-10-10_13-52-43-764.jpg/1280px-Munnar_25-10-10_13-52-43-764.jpg,https://images.pexels.com/photos/3714923/pexels-photo-3714923.jpeg?auto=compress&cs=tinysrgb&dpr=2&h=650&w=940,100,pexels,no,2026-08-18T18:22:46.642Z
munnar,topPlaces[13].photos[2],https://upload.wikimedia.org/wikipedia/commons/thumb/e/e7/Tea_plantation_hills_at_sunrise_near_Kolukkumalai%2C_Kerala.jpg/1280px-Tea_plantation_hills_at_sunrise_near_Kolukkumalai%2C_Kerala.jpg,https://images.pexels.com/photos/14115661/pexels-photo-14115661.jpeg?auto=compress&cs=tinysrgb&dpr=2&h=650&w=940,100,pexels,no,2026-08-18T18:22:47.894Z
munnar,hotels[6].image,https://images.unsplash.com/photo-1561501878-aabd62234533?auto=format&fit=crop&w=1280&q=80,https://images.pexels.com/photos/12893060/pexels-photo-12893060.jpeg?auto=compress&cs=tinysrgb&dpr=2&h=650&w=940,100,pexels,no,2026-08-18T18:22:48.729Z
ladakh,topPlaces[0].photos[2],https://upload.wikimedia.org/wikipedia/commons/thumb/d/da/Pangong_Tso_Lake%2C_Ladakh%2C_India.png/1280px-Pangong_Tso_Lake%2C_Ladakh%2C_India.png,https://images.pexels.com/photos/18014641/pexels-photo-18014641.jpeg?auto=compress&cs=tinysrgb&dpr=2&h=650&w=940,100,pexels,no,2026-08-18T18:22:50.499Z
ladakh,topPlaces[1].photos[2],https://upload.wikimedia.org/wikipedia/commons/thumb/5/55/Khardung_La_%28pass%29%2C_Checkpoint%2C_Ladakh%2C_North_India.jpg/1280px-Khardung_La_%28pass%29%2C_Checkpoint%2C_Ladakh%2C_North_India.jpg,https://images.pexels.com/photos/34994528/pexels-photo-34994528.jpeg?auto=compress&cs=tinysrgb&dpr=2&h=650&w=940,100,pexels,no,2026-08-18T18:22:52.382Z
ladakh,topPlaces[2].photos[2],https://upload.wikimedia.org/wikipedia/commons/thumb/0/0e/Thiksey_Monastery%2C_Ladakh_04.jpg/1280px-Thiksey_Monastery%2C_Ladakh_04.jpg,https://images.pexels.com/photos/6576275/pexels-photo-6576275.jpeg?auto=compress&cs=tinysrgb&dpr=2&h=650&w=940,100,pexels,no,2026-08-18T18:22:57.147Z
ladakh,topPlaces[3].photos[1],https://upload.wikimedia.org/wikipedia/commons/thumb/d/da/En_route_Nubra_Valley_from_Leh%2C_Ladakh%2C_India_%282015%29.jpg/1280px-En_route_Nubra_Valley_from_Leh%2C_Ladakh%2C_India_%282015%29.jpg,https://images.pexels.com/photos/38087449/pexels-photo-38087449.jpeg?auto=compress&cs=tinysrgb&dpr=2&h=650&w=940,100,pexels,no,2026-08-18T18:22:58.961Z
ladakh,topPlaces[3].photos[2],https://upload.wikimedia.org/wikipedia/commons/thumb/2/2a/Bridge_in_Nubra_Valley%2C_Ladakh.jpg/1280px-Bridge_in_Nubra_Valley%2C_Ladakh.jpg,https://images.pexels.com/photos/38087450/pexels-photo-38087450.jpeg?auto=compress&cs=tinysrgb&dpr=2&h=650&w=940,100,pexels,no,2026-08-18T18:23:00.240Z
ladakh,topPlaces[4].photos[1],https://upload.wikimedia.org/wikipedia/commons/thumb/b/bf/Gold_plated_Buddha%2C_Shanti_Stupa%2C_Leh%2C_Ladakh.jpg/1280px-Gold_plated_Buddha%2C_Shanti_Stupa%2C_Leh%2C_Ladakh.jpg,https://images.pexels.com/photos/18488206/pexels-photo-18488206.jpeg?auto=compress&cs=tinysrgb&dpr=2&h=650&w=940,100,pexels,no,2026-08-18T18:23:02.368Z
ladakh,topPlaces[4].photos[2],https://upload.wikimedia.org/wikipedia/commons/thumb/d/d3/Shanti_Stupa_%28Ladakh%29.jpg/1280px-Shanti_Stupa_%28Ladakh%29.jpg,https://images.pexels.com/photos/5015235/pexels-photo-5015235.jpeg?auto=compress&cs=tinysrgb&dpr=2&h=650&w=940,100,pexels,no,2026-08-18T18:23:03.844Z
ladakh,topPlaces[5].photos[1],https://upload.wikimedia.org/wikipedia/commons/thumb/c/c8/Hemis_Monastery_01.jpg/1280px-Hemis_Monastery_01.jpg,https://images.pexels.com/photos/17650346/pexels-photo-17650346.jpeg?auto=compress&cs=tinysrgb&dpr=2&h=650&w=940,100,pexels,no,2026-08-18T18:23:06.724Z
ladakh,topPlaces[5].photos[2],https://upload.wikimedia.org/wikipedia/commons/thumb/e/ea/Hemis_Monastery_02.jpg/1280px-Hemis_Monastery_02.jpg,https://images.pexels.com/photos/5015002/pexels-photo-5015002.jpeg?auto=compress&cs=tinysrgb&dpr=2&h=650&w=940,100,pexels,no,2026-08-18T18:23:07.643Z
ladakh,topPlaces[6].photos[1],https://upload.wikimedia.org/wikipedia/commons/thumb/d/da/Magnetic_Hill%2C_Ladakh.jpg/1280px-Magnetic_Hill%2C_Ladakh.jpg,https://images.pexels.com/photos/34998368/pexels-photo-34998368.jpeg?auto=compress&cs=tinysrgb&dpr=2&h=650&w=940,100,pexels,no,2026-08-18T18:23:09.677Z
ladakh,topPlaces[7].photos[1],https://upload.wikimedia.org/wikipedia/commons/thumb/7/7d/India_-_Ladakh_-_Trekking_-_113_-_final_river_valley_towards_Tso_Moriri_%283906559436%29.jpg/1280px-India_-_Ladakh_-_Trekking_-_113_-_final_river_valley_towards_Tso_Moriri_%283906559436%29.jpg,https://images.pexels.com/photos/34998356/pexels-photo-34998356.jpeg?auto=compress&cs=tinysrgb&dpr=2&h=650&w=940,100,pexels,no,2026-08-18T18:23:11.718Z
ladakh,topPlaces[7].photos[2],https://upload.wikimedia.org/wikipedia/commons/thumb/9/94/India_-_Ladakh_-_Trekking_-_106_-_amazing_view_over_Tso_Moriri_%283895810531%29.jpg/1280px-India_-_Ladakh_-_Trekking_-_106_-_amazing_view_over_Tso_Moriri_%283895810531%29.jpg,https://images.pexels.com/photos/34998308/pexels-photo-34998308.jpeg?auto=compress&cs=tinysrgb&dpr=2&h=650&w=940,100,pexels,no,2026-08-18T18:23:13.367Z
ladakh,topPlaces[8].photos[1],https://upload.wikimedia.org/wikipedia/commons/thumb/4/46/Shey_Palace%2C_Ladakh_04.jpg/1280px-Shey_Palace%2C_Ladakh_04.jpg,https://images.pexels.com/photos/38325528/pexels-photo-38325528.jpeg?auto=compress&cs=tinysrgb&dpr=2&h=650&w=940,100,pexels,no,2026-08-18T18:23:15.206Z
ladakh,topPlaces[9].photos[1],https://upload.wikimedia.org/wikipedia/commons/b/bd/Diskit_Monastery%2C_Leh.jpg,https://images.pexels.com/photos/17033866/pexels-photo-17033866.jpeg?auto=compress&cs=tinysrgb&dpr=2&h=650&w=940,100,pexels,no,2026-08-18T18:23:18.845Z
ladakh,topPlaces[9].photos[2],https://upload.wikimedia.org/wikipedia/commons/thumb/1/11/Diskit_Monastery_Ladakh_%285%29.jpg/1280px-Diskit_Monastery_Ladakh_%285%29.jpg,https://images.pexels.com/photos/12900282/pexels-photo-12900282.jpeg?auto=compress&cs=tinysrgb&dpr=2&h=650&w=940,100,pexels,no,2026-08-18T18:23:20.845Z
ladakh,topPlaces[10].photos[1],https://upload.wikimedia.org/wikipedia/commons/thumb/4/48/Landscape_of_Ladakh_02.jpg/1280px-Landscape_of_Ladakh_02.jpg,https://images.pexels.com/photos/10841375/pexels-photo-10841375.jpeg?auto=compress&cs=tinysrgb&dpr=2&h=650&w=940,100,pexels,no,2026-08-18T18:23:22.940Z
ladakh,topPlaces[10].photos[2],https://upload.wikimedia.org/wikipedia/commons/thumb/9/95/Lamayuru_Moonland_-_1.jpg/1280px-Lamayuru_Moonland_-_1.jpg,https://images.pexels.com/photos/5015055/pexels-photo-5015055.jpeg?auto=compress&cs=tinysrgb&dpr=2&h=650&w=940,100,pexels,no,2026-08-18T18:23:23.982Z
ladakh,topPlaces[11].photos[1],https://upload.wikimedia.org/wikipedia/commons/thumb/8/82/Spituk_Gompa_View_-_1.jpg/1280px-Spituk_Gompa_View_-_1.jpg,https://images.pexels.com/photos/5014921/pexels-photo-5014921.jpeg?auto=compress&cs=tinysrgb&dpr=2&h=650&w=940,100,pexels,no,2026-08-18T18:23:26.080Z
ladakh,topPlaces[11].photos[2],https://upload.wikimedia.org/wikipedia/commons/thumb/6/60/Spituk_Gompa_-_Shrine.jpg/1280px-Spituk_Gompa_-_Shrine.jpg,https://images.pexels.com/photos/5015219/pexels-photo-5015219.jpeg?auto=compress&cs=tinysrgb&dpr=2&h=650&w=940,100,pexels,no,2026-08-18T18:23:27.655Z
ladakh,topPlaces[12].photos[1],https://upload.wikimedia.org/wikipedia/commons/thumb/1/14/13-10-08_217_CONFLUENCE_OF_INDUS_RIVER_N.jpg/1280px-13-10-08_217_CONFLUENCE_OF_INDUS_RIVER_N.jpg,https://images.pexels.com/photos/13905849/pexels-photo-13905849.jpeg?auto=compress&cs=tinysrgb&dpr=2&h=650&w=940,100,pexels,no,2026-08-18T18:23:30.318Z
ladakh,topPlaces[12].photos[2],https://upload.wikimedia.org/wikipedia/commons/thumb/2/2d/Sangam_of_two_rivers.jpg/1280px-Sangam_of_two_rivers.jpg,https://images.pexels.com/photos/34293906/pexels-photo-34293906.jpeg?auto=compress&cs=tinysrgb&dpr=2&h=650&w=940,100,pexels,no,2026-08-18T18:23:31.641Z
ladakh,topPlaces[13].photos[1],https://upload.wikimedia.org/wikipedia/commons/thumb/4/4f/Leh_hall_of_fame_flag.jpg/1280px-Leh_hall_of_fame_flag.jpg,https://images.pexels.com/photos/6650442/pexels-photo-6650442.jpeg?auto=compress&cs=tinysrgb&dpr=2&h=650&w=940,100,pexels,no,2026-08-18T18:23:33.720Z
ladakh,topPlaces[13].photos[2],https://upload.wikimedia.org/wikipedia/commons/thumb/4/4c/Leh_-_Hall_of_Fame_Museum_%2811%29.jpg/1280px-Leh_-_Hall_of_Fame_Museum_%2811%29.jpg,https://images.pexels.com/photos/5015007/pexels-photo-5015007.jpeg?auto=compress&cs=tinysrgb&dpr=2&h=650&w=940,100,pexels,no,2026-08-18T18:23:34.985Z
ladakh,topPlaces[14].photos[1],https://upload.wikimedia.org/wikipedia/commons/thumb/1/17/Alchi_Monastery_01.jpg/1280px-Alchi_Monastery_01.jpg,https://images.pexels.com/photos/17033855/pexels-photo-17033855.jpeg?auto=compress&cs=tinysrgb&dpr=2&h=650&w=940,100,pexels,no,2026-08-18T18:23:36.779Z
ladakh,topPlaces[14].photos[2],https://upload.wikimedia.org/wikipedia/commons/thumb/7/7f/Alchi_Monastery_02.jpg/1280px-Alchi_Monastery_02.jpg,https://images.pexels.com/photos/5015042/pexels-photo-5015042.jpeg?auto=compress&cs=tinysrgb&dpr=2&h=650&w=940,100,pexels,no,2026-08-18T18:23:38.416Z
hampi,topPlaces[0].photos[1],https://upload.wikimedia.org/wikipedia/commons/thumb/f/f2/The_Mystical_Musical_Pillars_of_Vittala_Temple%2CHampi.jpg/1280px-The_Mystical_Musical_Pillars_of_Vittala_Temple%2CHampi.jpg,https://images.pexels.com/photos/37040437/pexels-photo-37040437.jpeg?auto=compress&cs=tinysrgb&dpr=2&h=650&w=940,100,pexels,no,2026-08-18T18:23:41.582Z
hampi,topPlaces[1].photos[2],https://upload.wikimedia.org/wikipedia/commons/thumb/7/7b/Wide_angle_of_Galigopuram_of_Virupaksha_Temple%2C_Hampi_%2803%29.jpg/1280px-Wide_angle_of_Galigopuram_of_Virupaksha_Temple%2C_Hampi_%2803%29.jpg,https://images.pexels.com/photos/14721497/pexels-photo-14721497.jpeg?auto=compress&cs=tinysrgb&dpr=2&h=650&w=940,100,pexels,no,2026-08-18T18:23:44.072Z
hampi,topPlaces[2].photos[2],https://upload.wikimedia.org/wikipedia/commons/thumb/b/b9/Tungabhadra_river_as_seen_from_Matanga_Hill.jpg/1280px-Tungabhadra_river_as_seen_from_Matanga_Hill.jpg,https://images.pexels.com/photos/5273412/pexels-photo-5273412.jpeg?auto=compress&cs=tinysrgb&dpr=2&h=650&w=940,100,pexels,no,2026-08-18T18:23:46.129Z
hampi,topPlaces[3].photos[1],https://upload.wikimedia.org/wikipedia/commons/thumb/8/89/Grate_Lotus_Palace.jpg/1280px-Grate_Lotus_Palace.jpg,https://images.pexels.com/photos/18331990/pexels-photo-18331990.jpeg?auto=compress&cs=tinysrgb&dpr=2&h=650&w=940,100,pexels,no,2026-08-18T18:23:49.528Z
hampi,topPlaces[3].photos[2],https://upload.wikimedia.org/wikipedia/commons/thumb/0/0a/Lotus_Palace_at_Hampi.jpg/1280px-Lotus_Palace_at_Hampi.jpg,https://images.pexels.com/photos/18320287/pexels-photo-18320287.jpeg?auto=compress&cs=tinysrgb&dpr=2&h=650&w=940,100,pexels,no,2026-08-18T18:23:50.892Z
hampi,topPlaces[4].photos[1],https://upload.wikimedia.org/wikipedia/commons/thumb/f/f7/Queen%27s_Bath_in_Hampi_-_Rupesh_Sarkar_-1.jpg/1280px-Queen%27s_Bath_in_Hampi_-_Rupesh_Sarkar_-1.jpg,https://images.pexels.com/photos/33722556/pexels-photo-33722556.jpeg?auto=compress&cs=tinysrgb&dpr=2&h=650&w=940,100,pexels,no,2026-08-18T18:23:52.853Z
hampi,topPlaces[4].photos[2],https://upload.wikimedia.org/wikipedia/commons/thumb/f/fb/Hampi_Queen%27s_Bath_-_hamvrvb102k22_%2812%29.jpg/1280px-Hampi_Queen%27s_Bath_-_hamvrvb102k22_%2812%29.jpg,https://images.pexels.com/photos/34292548/pexels-photo-34292548.jpeg?auto=compress&cs=tinysrgb&dpr=2&h=650&w=940,98,pexels,no,2026-08-18T18:23:53.946Z
hampi,topPlaces[6].photos[1],https://upload.wikimedia.org/wikipedia/commons/thumb/2/2b/Hampi_-_Hemakuta_Hill_-_Rocks_-_1.jpg/1280px-Hampi_-_Hemakuta_Hill_-_Rocks_-_1.jpg,https://images.pexels.com/photos/28656056/pexels-photo-28656056.jpeg?auto=compress&cs=tinysrgb&dpr=2&h=650&w=940,100,pexels,no,2026-08-18T18:23:55.945Z
hampi,topPlaces[6].photos[2],https://upload.wikimedia.org/wikipedia/commons/thumb/f/f4/Hampi_-_Hemakuta_Hill_-_Shrine_-_1.jpg/1280px-Hampi_-_Hemakuta_Hill_-_Shrine_-_1.jpg,https://images.pexels.com/photos/14721496/pexels-photo-14721496.jpeg?auto=compress&cs=tinysrgb&dpr=2&h=650&w=940,100,pexels,no,2026-08-18T18:23:57.063Z
hampi,topPlaces[8].photos[2],https://upload.wikimedia.org/wikipedia/commons/thumb/6/6b/Hampi_Bazaar%2C_India.jpg/1280px-Hampi_Bazaar%2C_India.jpg,https://images.pexels.com/photos/18320349/pexels-photo-18320349.jpeg?auto=compress&cs=tinysrgb&dpr=2&h=650&w=940,100,pexels,no,2026-08-18T18:23:59.196Z
hampi,topPlaces[9].photos[1],https://upload.wikimedia.org/wikipedia/commons/thumb/e/e1/Tungabhadra_Dam_10-31-2008_5-03-44_PM.JPG/1280px-Tungabhadra_Dam_10-31-2008_5-03-44_PM.JPG,https://images.pexels.com/photos/35305006/pexels-photo-35305006.jpeg?auto=compress&cs=tinysrgb&dpr=2&h=650&w=940,100,pexels,no,2026-08-18T18:24:01.334Z
hampi,topPlaces[9].photos[2],https://upload.wikimedia.org/wikipedia/commons/thumb/8/8f/Tungabhadra_Dam_10-31-2008_5-03-54_PM.JPG/1280px-Tungabhadra_Dam_10-31-2008_5-03-54_PM.JPG,https://images.pexels.com/photos/12203066/pexels-photo-12203066.jpeg?auto=compress&cs=tinysrgb&dpr=2&h=650&w=940,98,pexels,no,2026-08-18T18:24:02.444Z
hampi,topPlaces[10].photos[1],https://upload.wikimedia.org/wikipedia/commons/thumb/c/c9/Achyutaraya_Temple_-_Mandapa.jpg/1280px-Achyutaraya_Temple_-_Mandapa.jpg,https://images.pexels.com/photos/14721494/pexels-photo-14721494.jpeg?auto=compress&cs=tinysrgb&dpr=2&h=650&w=940,100,pexels,no,2026-08-18T18:24:04.106Z
hampi,topPlaces[10].photos[2],https://upload.wikimedia.org/wikipedia/commons/thumb/f/f1/Achyutaraya_Temple_-_Relief_-_2.jpg/1280px-Achyutaraya_Temple_-_Relief_-_2.jpg,https://images.pexels.com/photos/31969428/pexels-photo-31969428.jpeg?auto=compress&cs=tinysrgb&dpr=2&h=650&w=940,98,pexels,no,2026-08-18T18:24:06.127Z
hampi,topPlaces[11].photos[1],https://upload.wikimedia.org/wikipedia/commons/thumb/6/6c/Royal_Enclosure_Hampi_Karnataka_IMG_20190831_173513.jpg/1280px-Royal_Enclosure_Hampi_Karnataka_IMG_20190831_173513.jpg,https://images.pexels.com/photos/36568503/pexels-photo-36568503.jpeg?auto=compress&cs=tinysrgb&dpr=2&h=650&w=940,98,pexels,no,2026-08-18T18:24:11.634Z
hampi,topPlaces[11].photos[2],https://upload.wikimedia.org/wikipedia/commons/thumb/b/b8/Royal_Enclosure_Hampi_Karnataka_IMG_20190831_172938.jpg/1280px-Royal_Enclosure_Hampi_Karnataka_IMG_20190831_172938.jpg,https://images.pexels.com/photos/34962788/pexels-photo-34962788.jpeg?auto=compress&cs=tinysrgb&dpr=2&h=650&w=940,98,pexels,no,2026-08-18T18:24:13.844Z
hampi,topPlaces[12].photos[1],https://upload.wikimedia.org/wikipedia/commons/thumb/d/d2/Hampi_-_Hazara_Rama_Temple_-_Mandapa_-_Outside_Reliefs_-_3.jpg/1280px-Hampi_-_Hazara_Rama_Temple_-_Mandapa_-_Outside_Reliefs_-_3.jpg,https://images.pexels.com/photos/32216131/pexels-photo-32216131.jpeg?auto=compress&cs=tinysrgb&dpr=2&h=650&w=940,98,pexels,no,2026-08-18T18:24:15.876Z
hampi,topPlaces[12].photos[2],https://upload.wikimedia.org/wikipedia/commons/thumb/1/10/Hampi_-_Hazara_Rama_Temple_-_Water_Outlet.jpg/1280px-Hampi_-_Hazara_Rama_Temple_-_Water_Outlet.jpg,https://images.pexels.com/photos/32547442/pexels-photo-32547442.jpeg?auto=compress&cs=tinysrgb&dpr=2&h=650&w=940,98,pexels,no,2026-08-18T18:24:16.877Z
hampi,topPlaces[13].photos[1],https://upload.wikimedia.org/wikipedia/commons/thumb/1/16/Anjanadri_Hanuman_shrine_Hampi._Birth_place_of_Lord_Hanuman.jpg/1280px-Anjanadri_Hanuman_shrine_Hampi._Birth_place_of_Lord_Hanuman.jpg,https://images.pexels.com/photos/34429831/pexels-photo-34429831.jpeg?auto=compress&cs=tinysrgb&dpr=2&h=650&w=940,98,pexels,no,2026-08-18T18:24:20.669Z
hampi,topPlaces[13].photos[2],https://upload.wikimedia.org/wikipedia/commons/thumb/d/d8/Anjanadri_Hanuman%27s_birthplace_Hampi.jpg/1280px-Anjanadri_Hanuman%27s_birthplace_Hampi.jpg,https://images.pexels.com/photos/24515926/pexels-photo-24515926.jpeg?auto=compress&cs=tinysrgb&dpr=2&h=650&w=940,98,pexels,no,2026-08-18T18:24:21.991Z
hampi,hotels[9].image,https://upload.wikimedia.org/wikipedia/commons/thumb/e/ee/CISA2KTTT17_-_Rama_Krishna_Reddy_Palagiri_01.jpg/960px-CISA2KTTT17_-_Rama_Krishna_Reddy_Palagiri_01.jpg,https://images.pexels.com/photos/31037208/pexels-photo-31037208.jpeg?auto=compress&cs=tinysrgb&dpr=2&h=650&w=940,100,pexels,no,2026-08-18T18:24:22.953Z
ooty,gallery[1],https://upload.wikimedia.org/wikipedia/commons/thumb/8/8a/Plants_from_Government_Botanical_Garden%2C_Ooty_IMG20250629101059.jpg/1280px-Plants_from_Government_Botanical_Garden%2C_Ooty_IMG20250629101059.jpg,https://images.pexels.com/photos/9411142/pexels-photo-9411142.jpeg?auto=compress&cs=tinysrgb&dpr=2&h=650&w=940,100,pexels,no,2026-08-18T18:24:23.766Z
ooty,topPlaces[0].photos[1],https://upload.wikimedia.org/wikipedia/commons/2/27/Flowers_from_Government_Botanical_Garden%2C_Ooty_IMG20250629095941.jpg,https://images.pexels.com/photos/6076231/pexels-photo-6076231.jpeg?auto=compress&cs=tinysrgb&dpr=2&h=650&w=940,98,pexels,no,2026-08-18T18:24:25.453Z
ooty,topPlaces[0].photos[2],https://upload.wikimedia.org/wikipedia/commons/thumb/0/02/Flowers_from_Government_Botanical_Garden%2C_Ooty_IMG20250629095757.jpg/1280px-Flowers_from_Government_Botanical_Garden%2C_Ooty_IMG20250629095757.jpg,https://images.pexels.com/photos/16081096/pexels-photo-16081096.jpeg?auto=compress&cs=tinysrgb&dpr=2&h=650&w=940,98,pexels,no,2026-08-18T18:24:27.208Z
ooty,topPlaces[1].photos[2],https://upload.wikimedia.org/wikipedia/commons/thumb/b/be/Nilgiri_Biosphere_Reserve-Nilgiri_Mountain_Railway-WUS05716.jpg/1280px-Nilgiri_Biosphere_Reserve-Nilgiri_Mountain_Railway-WUS05716.jpg,https://images.pexels.com/photos/38204462/pexels-photo-38204462.jpeg?auto=compress&cs=tinysrgb&dpr=2&h=650&w=940,100,pexels,no,2026-08-18T18:24:29.220Z
ooty,topPlaces[2].photos[2],https://upload.wikimedia.org/wikipedia/commons/thumb/c/cc/Doddabetta_Peak_View_Point_in_Ooty%2CTamil_Nadu.JPG/1280px-Doddabetta_Peak_View_Point_in_Ooty%2CTamil_Nadu.JPG,https://images.pexels.com/photos/25946627/pexels-photo-25946627.jpeg?auto=compress&cs=tinysrgb&dpr=2&h=650&w=940,100,pexels,no,2026-08-18T18:24:31.567Z
ooty,topPlaces[3].photos[1],https://upload.wikimedia.org/wikipedia/commons/thumb/d/d4/Boating_in_ooty_lake..JPG/1280px-Boating_in_ooty_lake..JPG,https://images.pexels.com/photos/9411178/pexels-photo-9411178.jpeg?auto=compress&cs=tinysrgb&dpr=2&h=650&w=940,100,pexels,no,2026-08-18T18:24:33.972Z
ooty,topPlaces[3].photos[2],https://upload.wikimedia.org/wikipedia/commons/thumb/e/ef/Boating_in_Ooty_Lake%2C_Ooty_-_Tamil_Nadu.JPG/1280px-Boating_in_Ooty_Lake%2C_Ooty_-_Tamil_Nadu.JPG,https://images.pexels.com/photos/13257014/pexels-photo-13257014.jpeg?auto=compress&cs=tinysrgb&dpr=2&h=650&w=940,100,pexels,no,2026-08-18T18:24:35.328Z
ooty,topPlaces[4].photos[2],https://upload.wikimedia.org/wikipedia/commons/thumb/d/db/Rose_Garden%2C_Ooty_2.jpg/1280px-Rose_Garden%2C_Ooty_2.jpg,https://images.pexels.com/photos/39081782/pexels-photo-39081782.jpeg?auto=compress&cs=tinysrgb&dpr=2&h=650&w=940,98,pexels,no,2026-08-18T18:24:37.496Z
ooty,topPlaces[5].photos[1],https://upload.wikimedia.org/wikipedia/commons/thumb/d/d9/Avalanche_lake_ooty_2.jpg/1280px-Avalanche_lake_ooty_2.jpg,https://images.pexels.com/photos/9411180/pexels-photo-9411180.jpeg?auto=compress&cs=tinysrgb&dpr=2&h=650&w=940,100,pexels,no,2026-08-18T18:24:39.686Z
ooty,topPlaces[5].photos[2],https://upload.wikimedia.org/wikipedia/commons/thumb/2/2f/Avalanche_Lake_Ooty.jpg/1280px-Avalanche_Lake_Ooty.jpg,https://images.pexels.com/photos/9411139/pexels-photo-9411139.jpeg?auto=compress&cs=tinysrgb&dpr=2&h=650&w=940,100,pexels,no,2026-08-18T18:24:41.540Z
ooty,topPlaces[6].photos[1],https://upload.wikimedia.org/wikipedia/commons/thumb/a/af/Mudumalai_national_park.jpg/1280px-Mudumalai_national_park.jpg,https://images.pexels.com/photos/8465212/pexels-photo-8465212.jpeg?auto=compress&cs=tinysrgb&dpr=2&h=650&w=940,100,pexels,no,2026-08-18T18:24:43.522Z
ooty,topPlaces[6].photos[2],https://upload.wikimedia.org/wikipedia/commons/thumb/f/fc/Mudumalai_National_Park.jpg/1280px-Mudumalai_National_Park.jpg,https://images.pexels.com/photos/13257031/pexels-photo-13257031.jpeg?auto=compress&cs=tinysrgb&dpr=2&h=650&w=940,100,pexels,no,2026-08-18T18:24:46.711Z
ooty,topPlaces[7].photos[1],https://upload.wikimedia.org/wikipedia/commons/thumb/2/23/Nilgiri_Biosphere_Reserve-Nilgiri_Mountain_Railway-WUS05819.jpg/1280px-Nilgiri_Biosphere_Reserve-Nilgiri_Mountain_Railway-WUS05819.jpg,https://images.pexels.com/photos/38265545/pexels-photo-38265545.jpeg?auto=compress&cs=tinysrgb&dpr=2&h=650&w=940,100,pexels,no,2026-08-18T18:24:49.170Z
ooty,topPlaces[8].photos[1],https://upload.wikimedia.org/wikipedia/commons/thumb/a/a5/IMAG0778t.jpg/1280px-IMAG0778t.jpg,https://images.pexels.com/photos/16239705/pexels-photo-16239705.jpeg?auto=compress&cs=tinysrgb&dpr=2&h=650&w=940,100,pexels,no,2026-08-18T18:24:51.222Z
ooty,topPlaces[8].photos[2],https://upload.wikimedia.org/wikipedia/commons/thumb/0/00/IMAG0776t.jpg/1280px-IMAG0776t.jpg,https://images.pexels.com/photos/32396701/pexels-photo-32396701.jpeg?auto=compress&cs=tinysrgb&dpr=2&h=650&w=940,100,pexels,no,2026-08-18T18:24:52.469Z
ooty,topPlaces[9].photos[1],https://upload.wikimedia.org/wikipedia/commons/thumb/3/3d/Ooty_Emerald_Lake_01.jpg/1280px-Ooty_Emerald_Lake_01.jpg,https://images.pexels.com/photos/21363814/pexels-photo-21363814.jpeg?auto=compress&cs=tinysrgb&dpr=2&h=650&w=940,100,pexels,no,2026-08-18T18:24:54.773Z
ooty,topPlaces[9].photos[2],https://upload.wikimedia.org/wikipedia/commons/thumb/3/32/Emerald_Lake_Ooty_-_panoramio.jpg/1280px-Emerald_Lake_Ooty_-_panoramio.jpg,https://images.pexels.com/photos/9411177/pexels-photo-9411177.jpeg?auto=compress&cs=tinysrgb&dpr=2&h=650&w=940,100,pexels,no,2026-08-18T18:24:56.276Z
ooty,topPlaces[10].photos[1],https://upload.wikimedia.org/wikipedia/commons/thumb/b/b0/Cupressus_lusitanica-3-sims_park-coonoor-ooty-India.jpg/1280px-Cupressus_lusitanica-3-sims_park-coonoor-ooty-India.jpg,https://images.pexels.com/photos/21363801/pexels-photo-21363801.jpeg?auto=compress&cs=tinysrgb&dpr=2&h=650&w=940,100,pexels,no,2026-08-18T18:24:58.548Z
ooty,topPlaces[10].photos[2],https://upload.wikimedia.org/wikipedia/commons/thumb/f/f4/Cupressus_lusitanica-1-sims_park-coonoor-ooty-India.jpg/1280px-Cupressus_lusitanica-1-sims_park-coonoor-ooty-India.jpg,https://images.pexels.com/photos/6198199/pexels-photo-6198199.jpeg?auto=compress&cs=tinysrgb&dpr=2&h=650&w=940,100,pexels,no,2026-08-18T18:24:59.834Z
ooty,topPlaces[11].photos[1],https://upload.wikimedia.org/wikipedia/commons/thumb/f/f6/Falls_view_from_the_Dolphin_Peak_in_Ooty%2CTamil_Nadu.JPG/1280px-Falls_view_from_the_Dolphin_Peak_in_Ooty%2CTamil_Nadu.JPG,https://images.pexels.com/photos/20522316/pexels-photo-20522316.jpeg?auto=compress&cs=tinysrgb&dpr=2&h=650&w=940,98,pexels,no,2026-08-18T18:25:02.811Z
ooty,topPlaces[11].photos[2],https://upload.wikimedia.org/wikipedia/commons/thumb/a/ae/View_from_the_Dolphin_Peak_in_Ooty%2CTamil_Nadu.JPG/1280px-View_from_the_Dolphin_Peak_in_Ooty%2CTamil_Nadu.JPG,https://images.pexels.com/photos/18125985/pexels-photo-18125985.jpeg?auto=compress&cs=tinysrgb&dpr=2&h=650&w=940,98,pexels,no,2026-08-18T18:25:04.283Z
ooty,topPlaces[12].photos[1],https://upload.wikimedia.org/wikipedia/commons/thumb/3/3b/Tea_Factory_and_Tea_Museum%2C_Othagamandalam%2C_Tamil_Nadu%2C_India.jpg/1280px-Tea_Factory_and_Tea_Museum%2C_Othagamandalam%2C_Tamil_Nadu%2C_India.jpg,https://images.pexels.com/photos/5539093/pexels-photo-5539093.jpeg?auto=compress&cs=tinysrgb&dpr=2&h=650&w=940,98,pexels,no,2026-08-18T18:25:06.534Z
ooty,topPlaces[13].photos[1],https://upload.wikimedia.org/wikipedia/commons/thumb/0/0c/Goa%2C_and_the_Blue_Mountains%2C_or%2C_Six_months_of_sick_leave_%28IA_cu31924074366554%29.pdf/page1-500px-Goa%2C_and_the_Blue_Mountains%2C_or%2C_Six_months_of_sick_leave_%28IA_cu31924074366554%29.pdf.jpg,https://images.pexels.com/photos/33550118/pexels-photo-33550118.jpeg?auto=compress&cs=tinysrgb&dpr=2&h=650&w=940,100,pexels,no,2026-08-18T18:25:08.776Z
ooty,topPlaces[13].photos[2],https://upload.wikimedia.org/wikipedia/commons/thumb/0/07/The_Examiner_1833-04-14-_Iss_1315_%28IA_sim_examiner-a-weekly-paper-on-politics-literature-music_1833-04-14_1315%29.pdf/page1-1280px-The_Examiner_1833-04-14-_Iss_1315_%28IA_sim_examiner-a-weekly-paper-on-politics-literature-music_1833-04-14_1315%29.pdf.jpg,https://images.pexels.com/photos/34327038/pexels-photo-34327038.jpeg?auto=compress&cs=tinysrgb&dpr=2&h=650&w=940,98,pexels,no,2026-08-18T18:25:10.531Z
ooty,hotels[4].image,https://upload.wikimedia.org/wikipedia/commons/thumb/f/f9/South_Gem_Park_Ooty_Aug25_A7CR_07236.jpg/960px-South_Gem_Park_Ooty_Aug25_A7CR_07236.jpg,https://images.pexels.com/photos/35866210/pexels-photo-35866210.jpeg?auto=compress&cs=tinysrgb&dpr=2&h=650&w=940,100,pexels,no,2026-08-18T18:25:11.380Z
ooty,hotels[8].image,https://upload.wikimedia.org/wikipedia/commons/thumb/5/57/Ooty_landscape_views_%288%29.jpg/960px-Ooty_landscape_views_%288%29.jpg,https://images.pexels.com/photos/5213208/pexels-photo-5213208.jpeg?auto=compress&cs=tinysrgb&dpr=2&h=650&w=940,100,pexels,no,2026-08-18T18:25:12.015Z
varanasi,gallery[1],https://upload.wikimedia.org/wikipedia/commons/thumb/4/44/Ganga_Aarti_in_evening_at_Dashashwamedh_ghat%2C_Varanasi_05.jpg/1280px-Ganga_Aarti_in_evening_at_Dashashwamedh_ghat%2C_Varanasi_05.jpg,https://images.pexels.com/photos/38857186/pexels-photo-38857186.jpeg?auto=compress&cs=tinysrgb&dpr=2&h=650&w=940,100,pexels,no,2026-08-18T18:25:12.663Z
varanasi,topPlaces[1].photos[1],https://upload.wikimedia.org/wikipedia/commons/thumb/c/c7/Ganga_river_in_Prayag%2C_Uttar_Pradesh.jpg/1280px-Ganga_river_in_Prayag%2C_Uttar_Pradesh.jpg,https://images.pexels.com/photos/38167907/pexels-photo-38167907.jpeg?auto=compress&cs=tinysrgb&dpr=2&h=650&w=940,100,pexels,no,2026-08-18T18:25:14.478Z
varanasi,topPlaces[1].photos[2],https://upload.wikimedia.org/wikipedia/commons/thumb/0/06/Evening_ganga_aarti_at_varanasi_ghat_uttar_pradesh.jpg/1280px-Evening_ganga_aarti_at_varanasi_ghat_uttar_pradesh.jpg,https://images.pexels.com/photos/38941449/pexels-photo-38941449.jpeg?auto=compress&cs=tinysrgb&dpr=2&h=650&w=940,100,pexels,no,2026-08-18T18:25:15.536Z
varanasi,topPlaces[2].photos[2],https://upload.wikimedia.org/wikipedia/commons/thumb/e/ec/Shri_Kashi_Vishwanath_Temple_2.jpg/1280px-Shri_Kashi_Vishwanath_Temple_2.jpg,https://images.pexels.com/photos/20026983/pexels-photo-20026983.jpeg?auto=compress&cs=tinysrgb&dpr=2&h=650&w=940,100,pexels,no,2026-08-18T18:25:17.554Z
varanasi,topPlaces[3].photos[1],https://upload.wikimedia.org/wikipedia/commons/a/aa/Inside_sarnath_varanasi_india.jpg,https://images.pexels.com/photos/37160979/pexels-photo-37160979.jpeg?auto=compress&cs=tinysrgb&dpr=2&h=650&w=940,100,pexels,no,2026-08-18T18:25:20.221Z
varanasi,topPlaces[3].photos[2],https://upload.wikimedia.org/wikipedia/commons/thumb/2/2c/Ashoka_Pillar_Sarnath_Varanasi.jpg/1280px-Ashoka_Pillar_Sarnath_Varanasi.jpg,https://images.pexels.com/photos/10068470/pexels-photo-10068470.jpeg?auto=compress&cs=tinysrgb&dpr=2&h=650&w=940,100,pexels,no,2026-08-18T18:25:21.521Z
varanasi,topPlaces[4].photos[1],https://upload.wikimedia.org/wikipedia/commons/thumb/c/ca/Manikarnika_Ghat%2C_Varanasi%2C_Uttar_Pradesh%2C_India_%282013%29_1.jpg/1280px-Manikarnika_Ghat%2C_Varanasi%2C_Uttar_Pradesh%2C_India_%282013%29_1.jpg,https://images.pexels.com/photos/19272041/pexels-photo-19272041.jpeg?auto=compress&cs=tinysrgb&dpr=2&h=650&w=940,100,pexels,no,2026-08-18T18:25:23.825Z
varanasi,topPlaces[4].photos[2],https://upload.wikimedia.org/wikipedia/commons/thumb/1/18/Manikarnika_Ghat%2C_Varanasi%2C_Uttar_Pradesh%2C_India_%282013%29.jpg/1280px-Manikarnika_Ghat%2C_Varanasi%2C_Uttar_Pradesh%2C_India_%282013%29.jpg,https://images.pexels.com/photos/16747092/pexels-photo-16747092.jpeg?auto=compress&cs=tinysrgb&dpr=2&h=650&w=940,100,pexels,no,2026-08-18T18:25:25.285Z
varanasi,topPlaces[5].photos[1],https://upload.wikimedia.org/wikipedia/commons/thumb/3/37/Assi_Ghat_Varanasi.jpg/1280px-Assi_Ghat_Varanasi.jpg,https://images.pexels.com/photos/38941448/pexels-photo-38941448.jpeg?auto=compress&cs=tinysrgb&dpr=2&h=650&w=940,100,pexels,no,2026-08-18T18:25:26.711Z
varanasi,topPlaces[5].photos[2],https://upload.wikimedia.org/wikipedia/commons/thumb/7/71/Assi_ghat_banaras_mandiro_ka_seher.jpg/1280px-Assi_ghat_banaras_mandiro_ka_seher.jpg,https://images.pexels.com/photos/38941451/pexels-photo-38941451.jpeg?auto=compress&cs=tinysrgb&dpr=2&h=650&w=940,100,pexels,no,2026-08-18T18:25:28.426Z