slug,title,state,region,type,badge,rating,reviewCount,minPrice,lat,lng
kanatal,"Kanatal",Uttarakhand,Garhwal Himalayas,hill_station,Hidden Gem,4.6,2847,500,30.4133,78.2778
manali,"Manali",Himachal Pradesh,Kullu Valley,hill_station,Trending,4.7,18420,400,32.2432,77.1892
goa,"Goa",Goa,Konkan Coast,beach,All Year,4.5,42000,400,15.2993,74.124
coorg,"Coorg",Karnataka,Western Ghats,hill_station,Coffee Capital,4.5,11200,600,12.3375,75.8069
udaipur,"Udaipur",Rajasthan,Mewar,heritage,City of Lakes,4.7,28000,400,24.5854,73.7125
rishikesh,"Rishikesh",Uttarakhand,Garhwal Himalayas,spiritual,Yoga Capital,4.6,19500,350,30.0869,78.2676
darjeeling,"Darjeeling",West Bengal,Eastern Himalayas,hill_station,Tea Paradise,4.6,14200,500,27.036,88.2627
munnar,"Munnar",Kerala,Western Ghats,hill_station,Tea Hills,4.6,16800,600,10.0889,77.0595
ladakh,"Ladakh",Ladakh,Trans-Himalayas,adventure,Top of the World,4.9,32000,400,34.1526,77.5771
hampi,"Hampi",Karnataka,Northern Karnataka,heritage,UNESCO,4.7,21000,400,15.335,76.46
ooty,"Ooty",Tamil Nadu,Nilgiri Hills,hill_station,Nilgiris Queen,4.4,22000,400,11.4102,76.695
varanasi,"Varanasi",Uttar Pradesh,Gangetic Plains,spiritual,Eternal City,4.5,28000,350,25.3176,82.9739
spiti,"Spiti Valley",Himachal Pradesh,Trans-Himalayas,adventure,Offbeat,4.8,8400,700,32.2461,78.0335
jaisalmer,"Jaisalmer",Rajasthan,Thar Desert,heritage,Golden City,4.6,17000,500,26.9157,70.9083
mcleodganj,"McLeod Ganj",Himachal Pradesh,Kangra Valley,spiritual,Little Lhasa,4.5,12000,400,32.2396,76.3217
varkala,"Varkala",Kerala,Kerala Coast,beach,Cliff Beach,4.5,8900,500,8.7379,76.7163
kaziranga,"Kaziranga",Assam,Brahmaputra Valley,wildlife,Rhino Paradise,4.8,9800,600,26.578,93.17
rann-of-kutch,"Rann of Kutch",Gujarat,Kutch Desert,adventure,White Desert,4.6,11200,600,23.7337,70.8022
jaipur,"Jaipur",Rajasthan,Aravalli Plains,heritage,Popular,4.6,52000,900,26.9124,75.7873
jodhpur,"Jodhpur",Rajasthan,Marwar,heritage,Popular,4.6,31000,900,26.2389,73.0243
pushkar,"Pushkar",Rajasthan,Ajmer,spiritual,Popular,4.4,18000,900,26.4899,74.5511
mount-abu,"Mount Abu",Rajasthan,Aravalli Range,hill_station,Popular,4.4,21000,1000,24.5926,72.7156
ranthambore,"Ranthambore",Rajasthan,Sawai Madhopur,wildlife,Popular,4.6,24000,2500,26.0173,76.5026
bikaner,"Bikaner",Rajasthan,Thar Desert,heritage,Popular,4.3,12000,900,28.0229,73.3119
nainital,"Nainital",Uttarakhand,Kumaon,hill_station,Popular,4.4,38000,1200,29.3919,79.4542
mussoorie,"Mussoorie",Uttarakhand,Garhwal,hill_station,Popular,4.4,41000,1300,30.4598,78.0644
auli,"Auli",Uttarakhand,Garhwal,adventure,Popular,4.6,9000,2000,30.53,79.566
jim-corbett,"Jim Corbett",Uttarakhand,Nainital,wildlife,Popular,4.5,29000,2500,29.53,78.7747
haridwar,"Haridwar",Uttarakhand,Ganga Plains,spiritual,Popular,4.5,40000,900,29.9457,78.1642
lansdowne,"Lansdowne",Uttarakhand,Garhwal,hill_station,Popular,4.3,9000,1500,29.8377,78.681
ranikhet,"Ranikhet",Uttarakhand,Kumaon,hill_station,Popular,4.3,8000,1400,29.6434,79.4322
chopta,"Chopta",Uttarakhand,Garhwal,hill_station,Popular,4.6,7000,1200,30.49,79.15
munsiyari,"Munsiyari",Uttarakhand,Pithoragarh,hill_station,Popular,4.5,4000,1300,30.067,80.238
shimla,"Shimla",Himachal Pradesh,Lower Himalayas,hill_station,Popular,4.4,55000,1300,31.1048,77.1734
dalhousie,"Dalhousie",Himachal Pradesh,Chamba,hill_station,Popular,4.3,17000,1300,32.5387,75.9707
khajjiar,"Khajjiar",Himachal Pradesh,Chamba,hill_station,Popular,4.4,11000,1400,32.5489,76.0636
kasol,"Kasol",Himachal Pradesh,Parvati Valley,adventure,Popular,4.5,22000,900,32.0099,77.3152
bir-billing,"Bir Billing",Himachal Pradesh,Kangra,adventure,Popular,4.6,12000,1000,32.042,76.718
chitkul,"Chitkul",Himachal Pradesh,Kinnaur,hill_station,Popular,4.6,5000,1200,31.352,78.436
kalpa,"Kalpa",Himachal Pradesh,Kinnaur,hill_station,Popular,4.5,4500,1200,31.536,78.257
srinagar,"Srinagar",Jammu & Kashmir,Kashmir Valley,hill_station,Popular,4.6,46000,1500,34.0837,74.7973
gulmarg,"Gulmarg",Jammu & Kashmir,Kashmir Valley,adventure,Popular,4.7,28000,2000,34.0484,74.3805
pahalgam,"Pahalgam",Jammu & Kashmir,Anantnag,hill_station,Popular,4.6,21000,1800,34.0161,75.315
sonamarg,"Sonamarg",Jammu & Kashmir,Ganderbal,hill_station,Popular,4.5,14000,1800,34.3,75.29
patnitop,"Patnitop",Jammu & Kashmir,Udhampur,hill_station,Popular,4.2,9000,1300,33.085,75.3318
gangtok,"Gangtok",Sikkim,East Sikkim,hill_station,Popular,4.6,33000,1500,27.3389,88.6065
pelling,"Pelling",Sikkim,West Sikkim,hill_station,Popular,4.5,12000,1400,27.29,88.24
lachung,"Lachung",Sikkim,North Sikkim,hill_station,Popular,4.6,7000,2000,27.69,88.74
shillong,"Shillong",Meghalaya,Khasi Hills,hill_station,Popular,4.5,27000,1300,25.5788,91.8933
cherrapunji,"Cherrapunji",Meghalaya,Khasi Hills,hill_station,Popular,4.5,16000,1300,25.2841,91.7216
ziro,"Ziro",Arunachal Pradesh,Lower Subansiri,hill_station,Popular,4.5,5000,1400,27.5447,93.82
tawang,"Tawang",Arunachal Pradesh,West Kameng,hill_station,Popular,4.6,6000,1600,27.586,91.859
kohima,"Kohima",Nagaland,Naga Hills,hill_station,Popular,4.4,7000,1400,25.6751,94.1086
majuli,"Majuli",Assam,Brahmaputra,heritage,Popular,4.4,5000,1000,26.95,94.17
mysore,"Mysore",Karnataka,Deccan Plateau,heritage,Popular,4.6,38000,1000,12.2958,76.6394
chikmagalur,"Chikmagalur",Karnataka,Western Ghats,hill_station,Popular,4.5,16000,1200,13.3161,75.772
gokarna,"Gokarna",Karnataka,Konkan Coast,beach,Popular,4.5,19000,900,14.5479,74.3188
badami,"Badami",Karnataka,Bagalkot,heritage,Popular,4.4,7000,900,15.9149,75.677
bandipur,"Bandipur",Karnataka,Chamarajanagar,wildlife,Popular,4.5,11000,2500,11.67,76.63
wayanad,"Wayanad",Kerala,Western Ghats,hill_station,Popular,4.5,21000,1200,11.6854,76.132
alleppey,"Alleppey",Kerala,Backwaters,beach,Popular,4.6,33000,1500,9.4981,76.3388
kochi,"Kochi",Kerala,Malabar Coast,heritage,Popular,4.5,41000,1200,9.9312,76.2673
thekkady,"Thekkady",Kerala,Idukki,wildlife,Popular,4.5,18000,1500,9.5916,77.1603
kovalam,"Kovalam",Kerala,Thiruvananthapuram,beach,Popular,4.4,24000,1200,8.4004,76.9787
kumarakom,"Kumarakom",Kerala,Backwaters,beach,Popular,4.5,15000,1800,9.6175,76.43
pondicherry,"Pondicherry",Puducherry,Coromandel Coast,beach,Popular,4.5,35000,1200,11.9416,79.8083
kodaikanal,"Kodaikanal",Tamil Nadu,Palani Hills,hill_station,Popular,4.5,29000,1300,10.2381,77.4892
mahabalipuram,"Mahabalipuram",Tamil Nadu,Coromandel Coast,heritage,Popular,4.6,22000,1000,12.6269,80.1927
madurai,"Madurai",Tamil Nadu,Vaigai Plains,spiritual,Popular,4.6,28000,900,9.9252,78.1198
rameshwaram,"Rameshwaram",Tamil Nadu,Pamban Island,spiritual,Popular,4.6,21000,900,9.2876,79.3129
kanyakumari,"Kanyakumari",Tamil Nadu,Cape Comorin,beach,Popular,4.4,26000,900,8.0883,77.5385
tirupati,"Tirupati",Andhra Pradesh,Tirumala Hills,spiritual,Popular,4.6,60000,900,13.6288,79.4192
visakhapatnam,"Visakhapatnam",Andhra Pradesh,Eastern Ghats,beach,Popular,4.4,31000,1200,17.6868,83.2185
araku-valley,"Araku Valley",Andhra Pradesh,Eastern Ghats,hill_station,Popular,4.4,12000,1100,18.3273,82.8765
hyderabad,"Hyderabad",Telangana,Deccan Plateau,heritage,Popular,4.5,58000,1200,17.385,78.4867
mumbai,"Mumbai",Maharashtra,Konkan Coast,heritage,Popular,4.4,72000,1500,19.076,72.8777
lonavala,"Lonavala",Maharashtra,Sahyadri,hill_station,Popular,4.3,34000,1200,18.7546,73.4062
mahabaleshwar,"Mahabaleshwar",Maharashtra,Sahyadri,hill_station,Popular,4.4,27000,1300,17.9237,73.6582
ajanta-ellora,"Ajanta & Ellora",Maharashtra,Aurangabad,heritage,Popular,4.7,19000,1000,20.5519,75.7033
matheran,"Matheran",Maharashtra,Sahyadri,hill_station,Popular,4.3,15000,1300,18.9866,73.2707
ahmedabad,"Ahmedabad",Gujarat,Sabarmati,heritage,Popular,4.4,33000,1000,23.0225,72.5714
gir,"Gir National Park",Gujarat,Saurashtra,wildlife,Popular,4.6,17000,2500,21.124,70.824
dwarka,"Dwarka",Gujarat,Saurashtra,spiritual,Popular,4.5,19000,900,22.2403,68.9686
somnath,"Somnath",Gujarat,Saurashtra,spiritual,Popular,4.6,18000,900,20.888,70.401
saputara,"Saputara",Gujarat,Dang,hill_station,Popular,4.2,9000,1100,20.574,73.7517
statue-of-unity,"Statue of Unity",Gujarat,Narmada,heritage,Popular,4.5,26000,1500,21.838,73.7191
khajuraho,"Khajuraho",Madhya Pradesh,Bundelkhand,heritage,Popular,4.6,21000,900,24.8318,79.9199
gwalior,"Gwalior",Madhya Pradesh,Chambal,heritage,Popular,4.4,17000,900,26.2183,78.1828
orchha,"Orchha",Madhya Pradesh,Bundelkhand,heritage,Popular,4.6,12000,900,25.3518,78.642
pachmarhi,"Pachmarhi",Madhya Pradesh,Satpura,hill_station,Popular,4.4,12000,1100,22.4675,78.4336
bandhavgarh,"Bandhavgarh",Madhya Pradesh,Umaria,wildlife,Popular,4.6,14000,3000,23.7,81
kanha,"Kanha",Madhya Pradesh,Maikal Hills,wildlife,Popular,4.6,13000,3000,22.3345,80.6115
ujjain,"Ujjain",Madhya Pradesh,Malwa,spiritual,Popular,4.6,30000,900,23.1765,75.7885
kolkata,"Kolkata",West Bengal,Hooghly Delta,heritage,Popular,4.5,49000,1200,22.5726,88.3639
sundarbans,"Sundarbans",West Bengal,Ganges Delta,wildlife,Popular,4.4,11000,2500,21.9497,88.4297
puri,"Puri",Odisha,Coromandel Coast,spiritual,Popular,4.5,32000,900,19.8135,85.8312
konark,"Konark",Odisha,Coromandel Coast,heritage,Popular,4.6,15000,900,19.8876,86.0945
bhubaneswar,"Bhubaneswar",Odisha,Mahanadi,heritage,Popular,4.4,18000,1000,20.2961,85.8245
bodh-gaya,"Bodh Gaya",Bihar,Gaya,spiritual,Popular,4.7,24000,900,24.6961,84.987
nalanda,"Nalanda",Bihar,Magadh,heritage,Popular,4.5,9000,900,25.1357,85.4436
kufri,"Kufri",Himachal Pradesh,Shimla,hill_station,Popular,4.1,14000,1300,31.098,77.267
binsar,"Binsar",Uttarakhand,Kumaon,wildlife,Popular,4.5,6000,1500,29.7,79.76
dehradun,"Dehradun",Uttarakhand,Doon Valley,hill_station,Popular,4.2,28000,1100,30.3165,78.0322
yelagiri,"Yelagiri",Tamil Nadu,Vellore,hill_station,Popular,4.1,7000,1100,12.58,78.64
netarhat,"Netarhat",Jharkhand,Chota Nagpur,hill_station,Popular,4.2,4000,1000,23.4667,84.2667
diu,"Diu",Daman & Diu,Kathiawar Coast,beach,Popular,4.3,12000,1200,20.7197,70.9904
tarkarli,"Tarkarli",Maharashtra,Konkan Coast,beach,Popular,4.4,9000,1100,16.05,73.49
digha,"Digha",West Bengal,Bay of Bengal,beach,Popular,4,14000,900,21.627,87.5079
galathea-national-park,"Galathea National Park",Andaman & Nicobar,Andaman & Nicobar,wildlife,Popular,4.7,20863,2500,6.923,93.833
mount-manipur-national-park,"Mount Manipur National Park",Andaman & Nicobar,Andaman & Nicobar,wildlife,Popular,4.4,12885,2500,11.8074,92.7571
saddle-peak-national-park,"Saddle Peak National Park",Andaman & Nicobar,Andaman & Nicobar,wildlife,Popular,4.6,21148,2500,13.15861111,93.00555556
south-button-island-national-park,"South Button Island National Park",Andaman & Nicobar,Andaman & Nicobar,wildlife,Popular,4.1,17774,2500,12.22388889,93.02027778
sri-vetrimalai-murugan-temple,"Sri Vetrimalai Murugan Temple",Andaman & Nicobar,Andaman & Nicobar,spiritual,Popular,4.4,18159,900,11.6631,92.7464
kwangtung-island-wildlife-sanctuary,"Kwangtung Island Wildlife Sanctuary",Andaman & Nicobar,Andaman & Nicobar,wildlife,Popular,4.5,19773,2500,13.41,93.03
bamboo-island-wildlife-sanctuary,"Bamboo Island Wildlife Sanctuary",Andaman & Nicobar,Andaman & Nicobar,wildlife,Popular,4.3,2452,2500,13.051111111,92.933055555
tirumala-venkateswara-temple,"Tirumala Venkateswara Temple",Andhra Pradesh,Andhra Pradesh,spiritual,Popular,4.5,20679,900,13.683055555,79.346944444
belum-caves,"Belum Caves",Andhra Pradesh,Andhra Pradesh,heritage,Popular,4.5,12659,900,15.102346,78.111541
mallikarjuna-temple,"Mallikarjuna Temple",Andhra Pradesh,Andhra Pradesh,spiritual,Popular,4.7,19311,900,16.0740699,78.8681489
simhachalam-temple,"Simhachalam Temple",Andhra Pradesh,Andhra Pradesh,spiritual,Popular,4.2,15799,900,17.7664,83.2505
kanaka-durga-temple,"Kanaka Durga Temple",Andhra Pradesh,Andhra Pradesh,spiritual,Popular,4.4,3226,900,16.5154,80.6059
srikalahasti-temple,"Srikalahasti Temple",Andhra Pradesh,Andhra Pradesh,spiritual,Popular,4.2,11433,900,13.7494,79.6983
veerabhadra-temple,"Veerabhadra Temple",Andhra Pradesh,Andhra Pradesh,spiritual,Popular,4.3,3644,900,13.8018,77.6096
arasavalli-sun-temple,"Arasavalli Sun Temple",Andhra Pradesh,Andhra Pradesh,spiritual,Popular,4.2,12200,900,18.3,83.9
ethipothala-falls,"Ethipothala Falls",Andhra Pradesh,Andhra Pradesh,heritage,Popular,4.3,20754,900,16.53714,79.40664
ramakrishna-mission-beach,"Ramakrishna Mission Beach",Andhra Pradesh,Andhra Pradesh,beach,Popular,4.7,16775,1200,17.7117,83.3205
konda-reddy-fort,"Konda Reddy Fort",Andhra Pradesh,Andhra Pradesh,heritage,Popular,4.3,14152,900,15.833738346,78.048621807
yaganti-temple,"Yaganti Temple",Andhra Pradesh,Andhra Pradesh,spiritual,Popular,4.6,5426,900,15.3508,78.1394
sri-kodandrama-swamy-temple-vontimitta,"Sri Kodandrama Swamy Temple, Vontimitta",Andhra Pradesh,Andhra Pradesh,spiritual,Popular,4.6,18929,900,14.393694444,79.027083333
papikonda-national-park,"Papikonda National Park",Andhra Pradesh,Andhra Pradesh,wildlife,Popular,4.1,9080,2500,17.483,81.4856
rushikonda-beach,"Rushikonda Beach",Andhra Pradesh,Andhra Pradesh,beach,Popular,4.3,12339,1200,17.7825201,83.3851154
kondaveedu-fort,"Kondaveedu Fort",Andhra Pradesh,Andhra Pradesh,heritage,Popular,4.5,18134,900,16.2597,80.2653
kondapalli-fort,"Kondapalli Fort",Andhra Pradesh,Andhra Pradesh,heritage,Popular,4.6,13292,900,16.6253,80.5307
kanipakam-vinayaka-temple,"Kanipakam Vinayaka Temple",Andhra Pradesh,Andhra Pradesh,spiritual,Popular,4.8,20126,900,13.276944,79.035278
somarama,"Somarama",Andhra Pradesh,Andhra Pradesh,spiritual,Popular,4.3,9435,900,16.54126667,81.53508611
mogalrajapuram-caves,"Mogalrajapuram caves",Andhra Pradesh,Andhra Pradesh,spiritual,Popular,4.4,5804,900,16.506111111,80.646944444
pulicat-lake-bird-sanctuary,"Pulicat Lake Bird Sanctuary",Andhra Pradesh,Andhra Pradesh,wildlife,Popular,4.6,12642,2500,13.56666667,80.2
talakona,"Talakona",Andhra Pradesh,Andhra Pradesh,heritage,Popular,4.2,5948,900,13.811666666,79.215555555
chandragiri-fort,"Chandragiri Fort",Andhra Pradesh,Andhra Pradesh,heritage,Popular,4.1,6393,900,13.5825,79.305555555
palli-kondeswarar-temple-surutupalle,"Palli Kondeswarar Temple, Surutupalle",Andhra Pradesh,Andhra Pradesh,spiritual,Popular,4.2,20868,900,13.15,80.3
kumararama,"Kumararama",Andhra Pradesh,Andhra Pradesh,spiritual,Popular,4.1,5933,900,17.0531,82.1695
chintala-venkataramana-temple-tadipatri,"Chintala Venkataramana Temple, Tadipatri",Andhra Pradesh,Andhra Pradesh,spiritual,Popular,4.5,19987,900,14.911166666,78.011
annavaram-satyanarayana-temple,"Annavaram Satyanarayana Temple",Andhra Pradesh,Andhra Pradesh,spiritual,Popular,4.5,21043,900,17.28328,82.40256
manjira-wildlife-sanctuary,"Manjira Wildlife Sanctuary",Andhra Pradesh,Andhra Pradesh,wildlife,Popular,4.1,19670,2500,17.6933,78.00639
kambalakonda-wildlife-sanctuary,"Kambalakonda Wildlife Sanctuary",Andhra Pradesh,Andhra Pradesh,wildlife,Popular,4.6,8288,2500,17.82527778,83.30861111
kondakarla-ava,"Kondakarla Āva",Andhra Pradesh,Andhra Pradesh,beach,Popular,4.7,13798,1200,17.6,83
vodarevu-beach,"Vodarevu Beach",Andhra Pradesh,Andhra Pradesh,beach,Popular,4.2,4439,1200,15.7956,80.4142
gooty-fort,"Gooty Fort",Andhra Pradesh,Andhra Pradesh,heritage,Popular,4.2,20656,900,15.11358156,77.65030444
madaksira-hill-fort,"Madaksira hill fort",Andhra Pradesh,Andhra Pradesh,heritage,Popular,4.8,5973,900,13.9440095,77.268655485
amararama,"Amararama",Andhra Pradesh,Andhra Pradesh,spiritual,Popular,4.4,5999,900,16.58099,80.358946
ksheerarama,"Ksheerarama",Andhra Pradesh,Andhra Pradesh,spiritual,Popular,4.2,6100,900,16.5333,81.7333
bhavanarayana-temple,"Bhavanarayana temple",Andhra Pradesh,Andhra Pradesh,spiritual,Popular,4.2,11290,900,15.9026444,80.4678971
prasanna-venkateswara-temple,"Prasanna Venkateswara Temple",Andhra Pradesh,Andhra Pradesh,spiritual,Popular,4.5,2560,900,13.537416666,79.477611111
devipuram,"Devipuram",Andhra Pradesh,Andhra Pradesh,spiritual,Popular,4.5,12153,900,17.76536667,83.08295556
kurmanathaswamy-temple-srikurmam,"Kurmanathaswamy Temple, Srikurmam",Andhra Pradesh,Andhra Pradesh,spiritual,Popular,4.8,10089,900,18.27,84.0066
kolleru-bird-sanctuary,"Kolleru Bird Sanctuary",Andhra Pradesh,Andhra Pradesh,wildlife,Popular,4.5,5934,2500,16.61666667,81.2
rajiv-gandhi-national-park,"Rajiv Gandhi National Park",Andhra Pradesh,Andhra Pradesh,wildlife,Popular,4.5,6330,2500,14.726944444,78.560833333
rollapadu-wildlife-sanctuary,"Rollapadu Wildlife Sanctuary",Andhra Pradesh,Andhra Pradesh,wildlife,Popular,4.1,6129,2500,15.745001,78.373052
sri-lakshmi-narasimha-swamy-temple-antarvedi,"Sri Lakshmi Narasimha Swamy Temple, Antarvedi",Andhra Pradesh,Andhra Pradesh,spiritual,Popular,4.5,5988,900,16.3333,81.7333
vedanarayana-temple-nagalapuram,"Vedanarayana Temple, Nagalapuram",Andhra Pradesh,Andhra Pradesh,spiritual,Popular,4.3,15689,900,13.387694444,79.796861111
parasuramesvara-temple,"Parasuramesvara Temple",Andhra Pradesh,Andhra Pradesh,spiritual,Popular,4.4,6509,900,13.605446388,79.5773
mangapuram-venkatesvara-vishnu-temple,"Mangapuram Venkatesvara Vishnu Temple",Andhra Pradesh,Andhra Pradesh,spiritual,Popular,4.7,5980,900,13.61089799,79.32749427
lakshmi-narasimha-swamy-temple-penna-ahobilam,"Lakshmi Narasimha swamy temple, Penna Ahobilam",Andhra Pradesh,Andhra Pradesh,spiritual,Popular,4.6,9436,900,14.8603,77.3065
someswara-swamy-temple-appikonda,"Someswara Swamy Temple, Appikonda",Andhra Pradesh,Andhra Pradesh,spiritual,Popular,4.6,14979,900,17.576473,83.173084
koneti-rayala-swamy-temple,"Koneti Rayala Swamy Temple",Andhra Pradesh,Andhra Pradesh,spiritual,Popular,4.7,13815,900,13.23791667,78.77263889
kotappakonda,"Kotappakonda",Andhra Pradesh,Andhra Pradesh,spiritual,Popular,4.1,2728,900,16.1465438,80.0355045
lakshmi-narasimha-temple-mangalagiri,"Lakshmi Narasimha Temple, Mangalagiri",Andhra Pradesh,Andhra Pradesh,spiritual,Popular,4.7,19686,900,16.4370352,80.5701012
beeramgunta-poleramma-temple,"Beeramgunta Poleramma Temple",Andhra Pradesh,Andhra Pradesh,spiritual,Popular,4.6,11550,900,14.62814167,80.03512778
ratnagiri-fort,"Ratnagiri Fort",Andhra Pradesh,Andhra Pradesh,heritage,Popular,4.5,10134,900,13.81054309,77.1302982
sri-kodandarama-swami-devastanam,"Sri Kodandarama Swami Devastanam",Andhra Pradesh,Andhra Pradesh,spiritual,Popular,4.5,8606,900,14.545555555,79.881666666
talupulamma-lova,"Talupulamma Lova",Andhra Pradesh,Andhra Pradesh,spiritual,Popular,4.2,19791,900,17.377,82.496
pushpagiri-group-of-temples,"Pushpagiri Group of Temples",Andhra Pradesh,Andhra Pradesh,spiritual,Popular,4.3,11969,900,14.594211,78.760175
kotasattemma-temple-nidadavolu,"Kotasattemma Temple, Nidadavolu",Andhra Pradesh,Andhra Pradesh,spiritual,Popular,4.7,20241,900,16.971,81.773
veerabhadra-temple-pattiseema,"Veerabhadra Temple, Pattiseema",Andhra Pradesh,Andhra Pradesh,spiritual,Popular,4.6,11091,900,17.217,81.646
swayambhu-sri-abhista-gnana-ganapathi-temple,"Swayambhu Sri Abhista Gnana Ganapathi Temple",Andhra Pradesh,Andhra Pradesh,spiritual,Popular,4.7,19821,900,15.7609411,78.0137396
thiripurantakesvararar-temple-tripuranthakam,"Thiripurantakesvararar Temple, Tripuranthakam",Andhra Pradesh,Andhra Pradesh,spiritual,Popular,4.3,10403,900,16.0069892,79.4332639
chengalamma-parameshwari-temple,"Chengalamma Parameshwari Temple",Andhra Pradesh,Andhra Pradesh,spiritual,Popular,4.4,10445,900,13.691277777,80.012916666
gangamma-temple-dhenuvakonda,"Gangamma Temple, Dhenuvakonda",Andhra Pradesh,Andhra Pradesh,spiritual,Popular,4.8,19571,900,15.70209,79.95614
koulutla-chenna-kesava-temple,"Koulutla Chenna Kesava Temple",Andhra Pradesh,Andhra Pradesh,spiritual,Popular,4.6,2166,900,15.85638889,77.37694444
gundla-brahmeswaram-wildlife-sanctuary,"Gundla Brahmeswaram Wildlife Sanctuary",Andhra Pradesh,Andhra Pradesh,wildlife,Popular,4.5,4626,2500,15.661178,78.745231
ramayapatnam-beach,"Ramayapatnam Beach",Andhra Pradesh,Andhra Pradesh,beach,Popular,4.2,16854,1200,16.3404314,81.6017932
ramalingeswara-swamy-temple,"Ramalingeswara swamy Temple",Andhra Pradesh,Andhra Pradesh,spiritual,Popular,4.1,20558,900,15.805277777,80.2575
dibbesvarasvamipur-temple,"Dibbesvarasvamipur Temple",Andhra Pradesh,Andhra Pradesh,spiritual,Popular,4.5,15443,900,18.1343779,83.4672203
siddalakona,"SiddalaKona",Andhra Pradesh,Andhra Pradesh,spiritual,Popular,4.3,11067,900,14.2041,79.7271
sri-sunama-jakini-matha,"Sri Sunama Jakini Matha",Andhra Pradesh,Andhra Pradesh,spiritual,Popular,4.2,8744,900,15.133180555,77.626188888
peddintlamma-temple-kolletikota,"Peddintlamma Temple, Kolletikota",Andhra Pradesh,Andhra Pradesh,spiritual,Popular,4.3,6263,900,16.6276,81.2893
sri-talpagiri-ranganadha-swamy-temple-nellore,"Sri Talpagiri Ranganadha Swamy Temple, Nellore",Andhra Pradesh,Andhra Pradesh,spiritual,Popular,4.7,12467,900,14.878847,79.297857
andhra-shiridi,"Andhra Shiridi",Andhra Pradesh,Andhra Pradesh,spiritual,Popular,4.3,3920,900,16.95,82.01
sai-shiva-balaji-mandir-dharmapuri,"Sai Shiva Balaji Mandir, Dharmapuri",Andhra Pradesh,Andhra Pradesh,spiritual,Popular,4.3,17195,900,18.101388888,83.409166666
sri-sri-nookambika-ammavari-temple,"Sri Sri Nookambika Ammavari Temple",Andhra Pradesh,Andhra Pradesh,spiritual,Popular,4.8,9517,900,17.681,83.01095
chowdeshwari-temple-at-nandavaram,"Chowdeshwari Temple at Nandavaram",Andhra Pradesh,Andhra Pradesh,spiritual,Popular,4.4,7234,900,15.373768048,78.279965484
maddi-anjaneya-temple,"Maddi Anjaneya Temple",Andhra Pradesh,Andhra Pradesh,spiritual,Popular,4.5,13244,900,17.0879271,81.270783
malinithan,"Malinithan",Arunachal Pradesh,Arunachal Pradesh,spiritual,Popular,4.6,8005,900,27.65666667,94.70583333
eaglenest-wildlife-sanctuary,"Eaglenest Wildlife Sanctuary",Arunachal Pradesh,Arunachal Pradesh,wildlife,Popular,4.6,14686,2500,27.1,92.4
nuranang-falls,"Nuranang Falls",Arunachal Pradesh,Arunachal Pradesh,heritage,Popular,4.1,17219,900,27.589444444,91.984166666
chumi-gyatse-falls,"Chumi Gyatse Falls",Arunachal Pradesh,Arunachal Pradesh,heritage,Popular,4.4,14559,900,27.7762,91.9829
kameng-elephant-reserve,"Kameng Elephant Reserve",Arunachal Pradesh,Arunachal Pradesh,heritage,Popular,4.7,8297,900,27.08333333,92.43333333
sessa-orchid-sanctuary,"Sessa Orchid Sanctuary",Arunachal Pradesh,Arunachal Pradesh,wildlife,Popular,4.6,12430,2500,27.2,92.5
talley-valley-wildlife-sanctuary,"Talley Valley Wildlife Sanctuary",Arunachal Pradesh,Arunachal Pradesh,wildlife,Popular,4.6,19327,2500,27.547681,93.897555
itanagar-wildlife-sanctuary,"Itanagar Wildlife Sanctuary",Arunachal Pradesh,Arunachal Pradesh,wildlife,Popular,4.1,1546,2500,27.068472222,93.581361111
kane-wildlife-sanctuary,"Kane Wildlife Sanctuary",Arunachal Pradesh,Arunachal Pradesh,wildlife,Popular,4.6,21173,2500,27.666666666,94.65
mehao-wildlife-sanctuary,"Mehao Wildlife Sanctuary",Arunachal Pradesh,Arunachal Pradesh,wildlife,Popular,4.2,18693,2500,28.1575,95.94
kamakhya-temple,"Kamakhya Temple",Assam,Assam,spiritual,Popular,4.7,6118,900,26.166426,91.705509
maidam,"Maidam",Assam,Assam,heritage,Popular,4.1,5394,900,26.943611111,94.875
orang-national-park,"Orang National Park",Assam,Assam,wildlife,Popular,4.4,2530,2500,26.61,92.36
pobitora-wildlife-sanctuary,"Pobitora Wildlife Sanctuary",Assam,Assam,wildlife,Popular,4.2,10008,2500,26.24111111,92.03138889
sivasagar-sivadol,"Sivasagar Sivadol",Assam,Assam,spiritual,Popular,4.8,9315,900,26.988764948,94.633120149
umananda-temple,"Umananda Temple",Assam,Assam,spiritual,Popular,4.4,9371,900,26.1966,91.7454
assam-state-zoo-cum-botanical-garden,"Assam State Zoo cum Botanical Garden",Assam,Assam,wildlife,Popular,4.1,5055,2500,26.1632,91.7868
hayagriva-madhava-temple,"Hayagriva Madhava Temple",Assam,Assam,spiritual,Popular,4.5,7295,900,26.2427,91.5265
mahabhairav-temple,"Mahabhairav Temple",Assam,Assam,spiritual,Popular,4.4,6877,900,26.63416667,92.79638889
negheriting-shiva-doul,"Negheriting Shiva Doul",Assam,Assam,spiritual,Popular,4.8,11017,900,26.71,93.96
garampani-wildlife-sanctuary,"Garampani Wildlife Sanctuary",Assam,Assam,wildlife,Popular,4.1,17125,2500,26.3887,93.8782
hoollongapar-gibbon-sanctuary,"Hoollongapar Gibbon Sanctuary",Assam,Assam,wildlife,Popular,4.5,20342,2500,26.716667,94.383333
kareng-ghar,"Kareng Ghar",Assam,Assam,heritage,Popular,4.1,20292,900,26.936406,94.745188
hatimura-temple,"Hatimura Temple",Assam,Assam,spiritual,Popular,4.5,8710,900,26.610097222,92.995858333
maha-mrityunjay-temple,"Maha Mrityunjay Temple",Assam,Assam,spiritual,Popular,4.3,3123,900,26.3430573,92.7761271
bura-chapori-wildlife-sanctuary,"Bura Chapori Wildlife Sanctuary",Assam,Assam,wildlife,Popular,4.3,17925,2500,26.5148,92.6929
chakrashila-wildlife-sanctuary,"Chakrashila Wildlife Sanctuary",Assam,Assam,wildlife,Popular,4.2,10028,2500,26.338,90.329
bornadi-wildlife-sanctuary,"Bornadi Wildlife Sanctuary",Assam,Assam,wildlife,Popular,4.5,20751,2500,26.80583333,91.74027778
mahamaya-dham,"Mahamaya Dham",Assam,Assam,spiritual,Popular,4.7,2483,900,26.2143,90.1185
burhi-gosani-devalaya-jorhat,"Burhi Gosani Devalaya Jorhat",Assam,Assam,spiritual,Popular,4.3,12878,900,26.758888888,94.214722222
deopani-durga-mandir,"Deopani Durga Mandir",Assam,Assam,spiritual,Popular,4.5,16667,900,26.21885,93.8275
gurdwara-sri-guru-tegh-bahadur-sahib,"Gurdwara Sri Guru Tegh Bahadur Sahib",Assam,Assam,heritage,Popular,4.4,15799,900,26.017911649,89.99433999
da-parbatia,"Da Parbatia",Assam,Assam,spiritual,Popular,4.3,20044,900,26.631301,92.757549
joysagar-vishnudol,"Joysagar Vishnudol",Assam,Assam,spiritual,Popular,4.6,18995,900,26.955534,94.624206
bhimeswar-dham,"Bhimeswar Dham",Assam,Assam,spiritual,Popular,4.4,8152,900,26.0971,91.696054
bharali-namghar,"Bharali Namghar",Assam,Assam,spiritual,Popular,4.7,15407,900,26.5611805,92.975332
bherjan-borajan-padumoni-wildlife-sanctuary,"Bherjan-Borajan-Padumoni Wildlife Sanctuary",Assam,Assam,wildlife,Popular,4.3,10473,2500,27.53,95.37
east-karbi-anglong-wildlife-sanctuary,"East Karbi-Anglong Wildlife Sanctuary",Assam,Assam,wildlife,Popular,4.2,18255,2500,25.92,93.3829
amchang-wildlife-sanctuary,"Amchang Wildlife Sanctuary",Assam,Assam,wildlife,Popular,4.2,19905,2500,26.18422,91.86213
pani-dihing-wildlife-sanctuary,"Pani Dihing Wildlife Sanctuary",Assam,Assam,wildlife,Popular,4.6,12186,2500,27.12194444,94.59638889
lankeshwar-temple,"Lankeshwar Temple",Assam,Assam,spiritual,Popular,4.4,6252,900,26.171452,91.644776
bagheswari-temple-bongaigaon,"Bagheswari Temple, Bongaigaon",Assam,Assam,spiritual,Popular,4.4,17045,900,26.4693,91.5643
bileswar-temple,"Bileswar Temple",Assam,Assam,spiritual,Popular,4.6,1889,900,26.381833333,91.352611111
nagsankar-mandir,"Nagsankar Mandir",Assam,Assam,spiritual,Popular,4.3,17556,900,26.725339,92.994821
siva-doul,"Siva Doul",Assam,Assam,spiritual,Popular,4.5,2647,900,26.9527,94.5855
vasudeva-doul,"Vasudeva Doul",Assam,Assam,spiritual,Popular,4.6,15825,900,26.863,93.7541
panimur,"Panimur",Assam,Assam,heritage,Popular,4.4,17943,900,25.716666666,92.823333333
deepar-beel-wildlife-sanctuary,"Deepar Beel Wildlife Sanctuary",Assam,Assam,wildlife,Popular,4.2,6682,2500,26.12,91.65
nambor-doigrung-wildlife-sanctuary,"Nambor - Doigrung Wildlife Sanctuary",Assam,Assam,wildlife,Popular,4.1,18303,2500,26.4185,93.8728
govinda-temple-hojai,"Govinda Temple, Hojai",Assam,Assam,spiritual,Popular,4.7,15934,900,25.965395,92.8724224
golaghat-british-cemetery,"Golaghat British Cemetery",Assam,Assam,spiritual,Popular,4.3,1992,900,26.509362,93.9661878
rohtasgarh-fort,"Rohtasgarh Fort",Bihar,Bihar,heritage,Popular,4.5,8323,900,24.6233338,83.9177424
mundeshwari-temple,"Mundeshwari Temple",Bihar,Bihar,spiritual,Popular,4.7,15839,900,24.9833958,83.5646939
takht-sri-patna-sahib,"Takht Sri Patna Sahib",Bihar,Bihar,heritage,Popular,4.1,9568,900,25.596061944,85.230063055
kanwar-lake-bird-sanctuary,"Kanwar Lake Bird Sanctuary",Bihar,Bihar,wildlife,Popular,4.7,3267,2500,25.61,86.14
vishnupad-temple-gaya,"Vishnupad Temple, Gaya",Bihar,Bihar,spiritual,Popular,4.6,5414,900,24.6103,85.0092
baba-garib-sthan-mandir,"Baba Garib Sthan Mandir",Bihar,Bihar,spiritual,Popular,4.1,2718,900,26.12444444,85.39027778
bhimbandh-wildlife-sanctuary,"Bhimbandh Wildlife Sanctuary",Bihar,Bihar,wildlife,Popular,4.5,15999,2500,25.23,86.28
mangla-gauri-temple,"Mangla Gauri Temple",Bihar,Bihar,spiritual,Popular,4.8,20725,900,24.775138888,85.002305555
ashokdham-temple,"Ashokdham Temple",Bihar,Bihar,spiritual,Popular,4.4,13082,900,25.19325,86.073305555
gautam-budha-wildlife-sanctuary,"Gautam Budha Wildlife Sanctuary",Bihar,Bihar,wildlife,Popular,4.7,10884,2500,24.54,85.56
udaypur-wildlife-sanctuary,"Udaypur Wildlife Sanctuary",Bihar,Bihar,wildlife,Popular,4.4,19217,2500,26.815789,84.4324626
aranya-devi-temple-arrah,"Aranya Devi Temple, Arrah",Bihar,Bihar,spiritual,Popular,4.4,14357,900,25.5678967,84.6729917
maa-tara-chandi-temple,"Maa Tara Chandi Temple",Bihar,Bihar,spiritual,Popular,4.7,19055,900,24.95,84.03
kaimur-wildlife-sanctuary,"Kaimur Wildlife Sanctuary",Bihar,Bihar,wildlife,Popular,4.8,3153,2500,25.05,83.5
munger-fort,"Munger Fort",Bihar,Bihar,heritage,Popular,4.8,18203,900,25.3803,86.4658
buxar-fort,"Buxar Fort",Bihar,Bihar,heritage,Popular,4.5,19073,900,25.56049,83.98054
darbhanga-fort,"Darbhanga Fort",Bihar,Bihar,heritage,Popular,4.2,10822,900,26.1607,85.8941
gurdwara-bal-lila-maini-sangat,"Gurdwara Bal Lila Maini Sangat",Bihar,Bihar,heritage,Popular,4.7,21406,900,25.608,85.1675
pataleshwar-mandir,"Pataleshwar Mandir",Bihar,Bihar,spiritual,Popular,4.8,10648,900,25.66666667,85.21666667
vikramshila-gangetic-dolphin-sanctuary,"Vikramshila Gangetic Dolphin Sanctuary",Bihar,Bihar,wildlife,Popular,4.7,3723,2500,25.269611111,87.026305555
chandika-sthan,"Chandika Sthan",Bihar,Bihar,spiritual,Popular,4.4,21230,900,25.38333333,86.5
pant-wildlife-sanctuary,"Pant Wildlife Sanctuary",Bihar,Bihar,wildlife,Popular,4.6,19141,2500,24.9928,85.4233
kapileshwar-temple,"Kapileshwar Temple",Bihar,Bihar,spiritual,Popular,4.6,11733,900,26.35086547,86.000472021
khudneshwar-asthan-morwa,"Khudneshwar Asthan Morwa",Bihar,Bihar,spiritual,Popular,4.2,13512,900,25.812,85.692
lal-keshwar-shiv-temple,"Lal Keshwar Shiv Temple",Bihar,Bihar,spiritual,Popular,4.3,16030,900,25.7,85.2
basilica-of-our-lady-of-divine-grace,"Basilica of Our Lady of Divine Grace",Bihar,Bihar,spiritual,Popular,4.7,12603,900,25.3895816,85.9141746
iskcon-temple-patna,"ISKCON Temple Patna",Bihar,Bihar,spiritual,Popular,4.1,9725,900,25.60805556,85.13444444
nagi-bird-sanctuary,"Nagi Bird Sanctuary",Bihar,Bihar,wildlife,Popular,4.6,5602,2500,24.8175,86.4
barela-bird-sanctuary,"Barela Bird Sanctuary",Bihar,Bihar,wildlife,Popular,4.2,16581,2500,25.766111111,85.580555555
kusheshwar-asthan-bird-sanctuary,"Kusheshwar Asthan Bird Sanctuary",Bihar,Bihar,wildlife,Popular,4.3,18331,2500,25.8315,86.3044
rajauli-wildlife-sanctuary,"Rajauli Wildlife Sanctuary",Bihar,Bihar,wildlife,Popular,4.7,18885,2500,24.616666666,85.556666666
nandangarh-stupa-and-rampart,"Nandangarh Stupa and Rampart",Bihar,Bihar,heritage,Popular,4.4,2144,900,26.986663,84.394227
koncheswar-mahadev-temple,"Koncheswar Mahadev temple",Bihar,Bihar,spiritual,Popular,4.8,4209,900,24.93,84.77
sundernath,"Sundernath",Bihar,Bihar,spiritual,Popular,4.2,3383,900,26.3810182,87.3934761
vishwamitra-ashram-bisaul,"Vishwamitra Ashram, Bisaul",Bihar,Bihar,heritage,Popular,4.3,18355,900,26.625232305,85.996361414
burail-fort,"Burail Fort",Chandigarh,Chandigarh,heritage,Popular,4.4,17133,900,30.7075,76.76111111
manimajra-fort,"Manimajra Fort",Chandigarh,Chandigarh,heritage,Popular,4.4,6681,900,30.43,76.5
chitrakoot-falls,"Chitrakoot Falls",Chhattisgarh,Chhattisgarh,heritage,Popular,4.5,5749,900,19.206497222,81.699977777
teerathgarh-falls,"Teerathgarh Falls",Chhattisgarh,Chhattisgarh,scenic,Popular,4.8,10359,900,18.914166666,81.865277777
bhoramdeo-temple,"Bhoramdeo Temple",Chhattisgarh,Chhattisgarh,spiritual,Popular,4.7,3235,900,22.116,81.148
kotumsar-cave,"Kotumsar Cave",Chhattisgarh,Chhattisgarh,heritage,Popular,4.2,6436,900,18.871666666,81.935
bijapur-fort,"Bijapur Fort",Karnataka,Karnataka,heritage,Popular,4.3,3520,900,16.8276,75.7087
bambleshwari-temple,"Bambleshwari Temple",Chhattisgarh,Chhattisgarh,spiritual,Popular,4.5,18415,900,21.23777778,81.60777778
maitri-baagh-zoo,"Maitri Baagh Zoo",Chhattisgarh,Chhattisgarh,wildlife,Popular,4.7,3975,2500,21.169707916,81.353814103
ashtabhuji-temple,"Ashtabhuji Temple",Chhattisgarh,Chhattisgarh,spiritual,Popular,4.1,11975,900,21.95303,83.02479
rajiv-lochan-temple-rajim,"Rajiv Lochan temple, Rajim",Chhattisgarh,Chhattisgarh,spiritual,Popular,4.6,20771,900,20.964,81.8775
barfani-dham,"Barfani dham",Chhattisgarh,Chhattisgarh,spiritual,Popular,4.4,3023,900,21.09277778,81.00611111
dhumnath-temple,"Dhumnath Temple",Chhattisgarh,Chhattisgarh,spiritual,Popular,4.7,20233,900,21.901222222,81.975527777
cathedral-of-our-lady-of-the-rosary,"Cathedral of Our Lady of the Rosary",Chhattisgarh,Chhattisgarh,spiritual,Popular,4.4,18416,900,22.74333333,83.96027778
mahadev-temple-deobaloda,"Mahadev Temple, Deobaloda",Chhattisgarh,Chhattisgarh,spiritual,Popular,4.2,3842,900,21.218842,81.473469
indal-deul-temple-kharod,"Indal Deul temple, Kharod",Chhattisgarh,Chhattisgarh,spiritual,Popular,4.2,12167,900,21.746828256,82.579605519
nandanvan-jungle-safari,"Nandanvan Jungle Safari",Chhattisgarh,Chhattisgarh,wildlife,Popular,4.5,3974,2500,21.0985,81.7778
arang-jain-temples,"Arang Jain temples",Chhattisgarh,Chhattisgarh,spiritual,Popular,4.1,6494,900,21.19508333,81.96955556
bhooteshwarnath,"Bhooteshwarnath",Chhattisgarh,Chhattisgarh,spiritual,Popular,4.2,19841,900,20.608359,82.045487
mendri-ghumar,"Mendri Ghumar",Chhattisgarh,Chhattisgarh,heritage,Popular,4.3,4835,900,19.165234,81.663373
new-delhi,"New Delhi",Delhi,North India,heritage,Popular,4.8,14200,2200,28.6139,77.209
gurugram,"Gurugram",Haryana,North India,city,Popular,4.7,9800,2800,28.4595,77.0266
noida,"Noida & Greater Noida",Uttar Pradesh,North India,city,Popular,4.6,7400,2400,28.5355,77.391
faridabad,"Faridabad & Surajkund",Haryana,North India,heritage,Popular,4.5,5200,2400,28.4089,77.3178
neemrana,"Neemrana",Rajasthan,North India,heritage,Popular,4.8,11200,3800,27.9889,76.3883
manesar,"Manesar & Damdama Lake",Haryana,North India,nature,Popular,4.6,6800,2800,28.3587,76.9319
red-fort,"Red Fort",Delhi,Delhi,heritage,Popular,4.4,16792,900,28.655833333,77.240277777
lotus-temple,"Lotus Temple",Delhi,Delhi,spiritual,Popular,4.1,9914,900,28.553325,77.2586
chhatarpur-temple,"Chhatarpur Temple",Delhi,Delhi,spiritual,Popular,4.6,12814,900,28.49438,77.18415
jhandewalan-temple,"Jhandewalan Temple",Delhi,Delhi,spiritual,Popular,4.7,20647,900,28.649143,77.204147
asola-bhatti-wildlife-sanctuary,"Asola Bhatti Wildlife Sanctuary",Delhi,Delhi,wildlife,Popular,4.7,3015,2500,28.4762,77.23
gurdwara-dam-dama-sahib,"Gurdwara Dam Dama Sahib",Delhi,Delhi,heritage,Popular,4.3,12565,900,28.594746,77.252574
st-sebastian-s-church,"St. Sebastian's Church,",Delhi,Delhi,spiritual,Popular,4.8,18605,900,28.6875431,77.3159818
st-james-orthodox-church-mayur-vihar-phase-3-delhi,"St. James' Orthodox Church, Mayur Vihar Phase-3, Delhi",Delhi,Delhi,spiritual,Popular,4.5,19391,900,28.608089,77.3349708
fort-st-anthony-of-simbor,"Fort St. Anthony of Simbor",Daman & Diu,Daman & Diu,heritage,Popular,4.7,9864,900,20.7631565,71.1516023
dadra-and-nagar-haveli-wildlife-sanctuary,"Dadra and Nagar Haveli Wildlife Sanctuary",Daman & Diu,Daman & Diu,wildlife,Popular,4.6,21115,2500,20.2899,73.0949
western-ghats,"Western Ghats",Goa,Goa,hill_station,Popular,4.6,9078,1500,15.3144,74.3144
dudhsagar-falls,"Dudhsagar Falls",Goa,Goa,heritage,Popular,4.1,10460,900,15.312769444,74.314161111
basilica-of-bom-jesus,"Basilica of Bom Jesus",Goa,Goa,spiritual,Popular,4.3,14141,900,15.50086809,73.91159057
bhagwan-mahaveer-sanctuary-and-mollem-national-park,"Bhagwan Mahaveer Sanctuary and Mollem National Park",Goa,Goa,wildlife,Popular,4.4,10367,2500,15.37361111,74.25861111
fort-aguada,"Fort Aguada",Goa,Goa,heritage,Popular,4.6,13781,900,15.492288,73.773647
vagator-beach,"Vagator Beach",Goa,Goa,beach,Popular,4.2,5504,1200,15.597971,73.7448437
mangueshi-temple,"Mangueshi Temple",Goa,Goa,spiritual,Popular,4.7,3512,900,15.51631,73.983
mahadev-temple-tambdi-surla,"Mahadev Temple, Tambdi Surla",Goa,Goa,spiritual,Popular,4.2,4612,900,15.43907158,74.25255524
palolem-beach,"Palolem Beach",Goa,Goa,beach,Popular,4.6,2381,1200,15.00888889,74.02277778
fort-tiracol,"Fort Tiracol",Goa,Goa,heritage,Popular,4.5,13398,900,15.7306,73.682
shanta-durga-temple,"Shanta Durga Temple",Goa,Goa,spiritual,Popular,4.4,11815,900,15.50772,73.803124
our-lady-of-the-immaculate-conception-church,"Our Lady of the Immaculate Conception Church",Goa,Goa,spiritual,Popular,4.4,6126,900,15.49833333,73.82944444
mhadei-wildlife-sanctuary,"Mhadei Wildlife Sanctuary",Goa,Goa,wildlife,Popular,4.3,15959,2500,15.5717,74.1708
netravali-wildlife-sanctuary,"Netravali Wildlife Sanctuary",Goa,Goa,wildlife,Popular,4.3,3331,2500,15.1085,74.2561
corjuem-fort,"Corjuem Fort",Goa,Goa,heritage,Popular,4.3,12701,900,15.5968,73.8928
alorna-fort,"Alorna Fort",Goa,Goa,heritage,Popular,4.6,6719,900,15.700222222,73.905388888
fort-of-sao-tiago-of-banastarim,"Fort of São Tiago of Banastarim",Goa,Goa,heritage,Popular,4.6,10496,900,15.4912217,73.9565688
cabo-de-rama,"Cabo de Rama",Goa,Goa,heritage,Popular,4.3,15443,900,15.088611111,73.921944444
church-of-our-lady-of-the-snows,"Church of Our Lady of the Snows",Goa,Goa,hill_station,Popular,4.3,1613,1200,15.3084,74.0105
colvale-fort,"Colvale Fort",Goa,Goa,heritage,Popular,4.6,4745,900,15.61972222,73.82972222
church-of-st-anne-talaulim,"Church of St. Anne, Talaulim",Goa,Goa,spiritual,Popular,4.2,6882,900,15.4781,73.8914
saptakoteshwar-temple,"Saptakoteshwar Temple",Goa,Goa,spiritual,Popular,4.3,18314,900,15.554,73.937
mormugao-fort,"Mormugão Fort",Goa,Goa,heritage,Popular,4.3,4025,900,15.426667,73.822222
holy-spirit-church-margao,"Holy Spirit Church, Margao",Goa,Goa,spiritual,Popular,4.5,10721,900,15.28164,73.95914
mallikarjuna-temple-goa,"Mallikarjuna Temple, Goa",Goa,Goa,spiritual,Popular,4.6,2706,900,15.21527778,73.86666667
mahalasa-narayani-temple,"Mahalasa Narayani Temple",Goa,Goa,spiritual,Popular,4.6,10705,900,15.44045,73.97253
mandrem-beach,"Mandrem Beach",Goa,Goa,beach,Popular,4.6,3355,1200,15.657668,73.712983
shantadurga-kalangutkarin-temple,"Shantadurga Kalangutkarin Temple",Goa,Goa,spiritual,Popular,4.1,18662,900,15.634444444,73.925
our-lady-of-grace-church,"Our Lady of Grace Church",Goa,Goa,spiritual,Popular,4.2,17201,900,15.523254351,73.868946719
bambolim-beach,"Bambolim Beach",Goa,Goa,beach,Popular,4.1,8571,1200,15.45,73.85
shri-damodar-sansthaan-goa,"Shri Damodar Sansthaan, Goa",Goa,Goa,spiritual,Popular,4.6,6077,900,15.1866443,74.0948358
capela-de-nossa-senhora-da-saude,"Capela de Nossa Senhora da Saúde",Goa,Goa,spiritual,Popular,4.5,15469,900,15.549120558,73.891882062
gir-forest,"Gir Forest",Gujarat,Gujarat,wildlife,Popular,4.7,10707,2500,21.13556,70.79667
nageshvara-jyotirlinga,"Nageshvara Jyotirlinga",Gujarat,Gujarat,spiritual,Popular,4.4,11307,900,22.3359,69.0869
sun-temple,"Sun Temple",Gujarat,Gujarat,spiritual,Popular,4.8,16895,900,23.5838063,72.1326846
vansda-national-park,"Vansda National Park",Gujarat,Gujarat,wildlife,Popular,4.7,7326,2500,20.7333,73.4667
nal-sarovar-bird-sanctuary,"Nal Sarovar Bird Sanctuary",Gujarat,Gujarat,wildlife,Popular,4.3,10456,2500,22.792569444,72.023111111
laxmi-vilas-palace,"Laxmi Vilas Palace",Gujarat,Gujarat,heritage,Popular,4.7,16132,900,22.2939,73.1914
rudra-mahalaya-temple,"Rudra Mahalaya Temple",Gujarat,Gujarat,spiritual,Popular,4.5,12823,900,23.919166666,72.379166666
akshardham-gandhinagar,"Akshardham (Gandhinagar)",Gujarat,Gujarat,spiritual,Popular,4.8,15954,900,23.22916667,72.67416667
dandi-beach,"Dandi Beach",Gujarat,Gujarat,beach,Popular,4.7,19275,1200,20.8761,72.8031
taranga,"Taranga",Gujarat,Gujarat,spiritual,Popular,4.3,7503,900,23.9664,72.7547
palitana-temples,"Palitana temples",Gujarat,Gujarat,spiritual,Popular,4.3,14468,900,21.483,71.794
navlakha-temple-ghumli,"Navlakha Temple, Ghumli",Gujarat,Gujarat,spiritual,Popular,4.3,7882,900,21.883611111,69.761666666
dumas-beach,"Dumas Beach",Gujarat,Gujarat,beach,Popular,4.1,13660,1200,21.07916667,72.71527778
uparkot-fort,"Uparkot Fort",Gujarat,Gujarat,heritage,Popular,4.7,8939,900,21.5236831,70.4695183
rama-lakshamana-temples-baradia,"Rama Lakshamana Temples, Baradia",Gujarat,Gujarat,spiritual,Popular,4.7,9249,900,22.205472222,69.004833333
pindara-group-of-temples,"Pindara Group of Temples",Gujarat,Gujarat,spiritual,Popular,4.3,20432,900,22.26456,69.252885
shankheshwar-jain-temple,"Shankheshwar Jain Temple",Gujarat,Gujarat,spiritual,Popular,4.5,10902,900,23.50813889,71.78766667
camp-hanuman-temple,"Camp Hanuman Temple",Gujarat,Gujarat,spiritual,Popular,4.2,16395,900,23.06777778,72.60388889
girnar-jain-temples,"Girnar Jain temples",Gujarat,Gujarat,spiritual,Popular,4.1,2363,900,21.5266295,70.5222246
shiva-temple-kera,"Shiva Temple, Kera",Gujarat,Gujarat,spiritual,Popular,4.3,18728,900,23.088139,69.5936849
magderu,"Magderu",Gujarat,Gujarat,spiritual,Popular,4.6,10787,900,22.289094,69.051486
munsar-lake-and-shrines,"Munsar lake and shrines",Gujarat,Gujarat,spiritual,Popular,4.6,14349,900,23.122038,72.043182
shri-hanuman-mandir,"Shri Hanuman Mandir",Gujarat,Gujarat,spiritual,Popular,4.3,7326,900,22.15638889,71.77194444
khijadiya-bird-sanctuary,"Khijadiya Bird Sanctuary",Gujarat,Gujarat,wildlife,Popular,4.6,11820,2500,22.51,70.14
bhujia-fort,"Bhujia Fort",Gujarat,Gujarat,heritage,Popular,4.5,2810,900,23.24655,69.69074167
songadh-fort,"Songadh Fort",Gujarat,Gujarat,heritage,Popular,4.2,12168,900,21.169865,73.552925
sacred-heart-syro-malabar-cathedral,"Sacred Heart Syro-Malabar Cathedral",Gujarat,Gujarat,spiritual,Popular,4.2,6578,900,22.276079,70.758101
shri-swaminarayan-mandir-gadhada,"Shri Swaminarayan Mandir, Gadhada",Gujarat,Gujarat,spiritual,Popular,4.5,13596,900,21.96663,71.57483
utkanteshwar-mahadev,"Utkanteshwar Mahadev",Gujarat,Gujarat,spiritual,Popular,4.7,16891,900,23.01,73.03
bhadreshwar-jain-temple,"Bhadreshwar Jain Temple",Gujarat,Gujarat,spiritual,Popular,4.5,18402,900,22.911666666,69.903888888
lakhpat-gurdwara-sahib,"Lakhpat Gurdwara Sahib",Gujarat,Gujarat,heritage,Popular,4.1,19311,900,23.8261829,68.7780873
kalika-mata-temple-new-dhrewad,"Kalika Mata Temple, New Dhrewad",Gujarat,Gujarat,spiritual,Popular,4.6,1994,900,22.149327,69.072777
porbandar-bird-sanctuary,"Porbandar Bird Sanctuary",Gujarat,Gujarat,wildlife,Popular,4.5,15104,2500,21.635,69.619
shivrajpur-beach,"Shivrajpur beach",Gujarat,Gujarat,beach,Popular,4.5,9673,1200,22.33,68.95
roha-fort,"Roha Fort",Gujarat,Gujarat,heritage,Popular,4.1,18320,900,23.20055556,69.26972222
kanthkot-fort,"Kanthkot Fort",Gujarat,Gujarat,heritage,Popular,4.4,20532,900,23.48388889,70.46194444
eme-temple,"EME Temple",Gujarat,Gujarat,spiritual,Popular,4.7,12834,900,22.3314,73.192
umiya-temple-unjha,"Umiya Temple, Unjha",Gujarat,Gujarat,spiritual,Popular,4.6,20451,900,23.801702777,72.395086111
trinetreshwar-temple,"Trinetreshwar Temple",Gujarat,Gujarat,spiritual,Popular,4.8,12677,900,22.645604,71.211118
kumbharia-jain-temples,"Kumbharia Jain temples",Gujarat,Gujarat,spiritual,Popular,4.3,20806,900,24.324333333,72.862694444
brahma-temple-khedbrahma,"Brahma Temple, Khedbrahma",Gujarat,Gujarat,spiritual,Popular,4.4,13912,900,24.038277777,73.048222222
santram-mandir,"Santram Mandir",Gujarat,Gujarat,spiritual,Popular,4.6,4144,900,22.689,72.864
balaram-ambaji-widelife-sanctuary,"Balaram Ambaji Widelife Sanctuary",Gujarat,Gujarat,wildlife,Popular,4.2,17293,2500,24.356118321,72.642752927
mitiyala-lion-sanctuary,"Mitiyala Lion Sanctuary",Gujarat,Gujarat,wildlife,Popular,4.7,13721,2500,21.17387,71.25595
kutch-bustard-sanctuary,"Kutch Bustard Sanctuary",Gujarat,Gujarat,wildlife,Popular,4.4,20084,2500,23.219,68.714
thol-lake-bird-sanctuary,"Thol Lake Bird Sanctuary",Gujarat,Gujarat,wildlife,Popular,4.1,18981,2500,23.13903,72.41364
jambughoda-wildlife-sanctuary,"Jambughoda Wildlife Sanctuary",Gujarat,Gujarat,wildlife,Popular,4.3,1744,2500,22.3667,73.7167
english-cemetery-surat,"English Cemetery, Surat",Gujarat,Gujarat,heritage,Popular,4.1,7489,900,21.210833333,72.825833333
vijaya-vilas-palace,"Vijaya Vilas Palace",Gujarat,Gujarat,heritage,Popular,4.1,6234,900,22.83408,69.284795
rajmahal-mehsana,"Rajmahal, Mehsana",Gujarat,Gujarat,heritage,Popular,4.5,9519,900,23.608141,72.39343
ahmedabad-kali-bari,"Ahmedabad Kali Bari",Gujarat,Gujarat,spiritual,Popular,4.1,7717,900,23.035663888,72.481719444
jain-temples-pavagadh,"Jain temples, Pavagadh",Gujarat,Gujarat,spiritual,Popular,4.3,18890,900,22.466944444,73.515277777
jain-temples-abhapur,"Jain temples, Abhapur",Gujarat,Gujarat,spiritual,Popular,4.7,14184,900,23.988527777,73.270583333
shri-swaminarayan-mandir-vadtal,"Shri Swaminarayan Mandir, Vadtal",Gujarat,Gujarat,spiritual,Popular,4.3,10968,900,22.591388888,72.873888888
tapkeshwari-temple,"Tapkeshwari Temple",Gujarat,Gujarat,spiritual,Popular,4.6,18470,900,23.180958004,69.666938763
sitala-mata-temple-butapaldi,"Sitala Mata Temple, Butapaldi",Gujarat,Gujarat,spiritual,Popular,4.3,16253,900,23.669444444,72.356666666
ranak-devi-s-temple,"Ranak Devi's Temple",Gujarat,Gujarat,spiritual,Popular,4.3,12697,900,22.713611111,71.676111111
panchasara-parshwanath-temple,"Panchasara Parshwanath temple",Gujarat,Gujarat,spiritual,Popular,4.5,11413,900,23.853972222,72.117083333
valinath-mahadev-temple-tarabh,"Valinath Mahadev temple, Tarabh",Gujarat,Gujarat,spiritual,Popular,4.3,9356,900,23.752039,72.45765
shantinath-jain-temple-kothara,"Shantinath Jain temple, Kothara",Gujarat,Gujarat,spiritual,Popular,4.3,9189,900,23.13561111,68.93425
sadhimataji-s-temple,"Sadhimataji’s temple",Gujarat,Gujarat,spiritual,Popular,4.5,14939,900,23.5443,72.443161
jessore-sloth-bear-sanctuary,"Jessore Sloth Bear Sanctuary",Gujarat,Gujarat,wildlife,Popular,4.7,11368,2500,24.2,72.3
rampara-sanctuary,"Rampara Sanctuary",Gujarat,Gujarat,wildlife,Popular,4.7,14149,2500,22.53176,70.95245
shri-keshavraiji-temple,"Shri Keshavraiji Temple",Gujarat,Gujarat,spiritual,Popular,4.5,12482,900,22.4519,69.0958
vardayini-mata-temple,"Vardayini Mata Temple",Gujarat,Gujarat,spiritual,Popular,4.7,15311,900,23.31,72.59694444
khodaldham,"Khodaldham",Gujarat,Gujarat,spiritual,Popular,4.2,10696,900,21.7911687,70.689375558
hanuman-dandi-temple,"Hanuman Dandi temple",Gujarat,Gujarat,spiritual,Popular,4.3,1640,900,22.4688945,69.1305792
lakkadiya-hanuman-temple,"Lakkadiya Hanuman Temple",Gujarat,Gujarat,spiritual,Popular,4.6,8497,900,22.8766537,72.4652172
hingolgadh-sanctuary,"Hingolgadh Sanctuary",Gujarat,Gujarat,wildlife,Popular,4.6,10461,2500,22.1475,71.3225
girnar-wildlife-sanctuary,"Girnar Wildlife Sanctuary",Gujarat,Gujarat,wildlife,Popular,4.5,4864,2500,21.416666666,70.5
songadh-jain-temple,"Songadh Jain temple",Gujarat,Gujarat,spiritual,Popular,4.1,7126,900,21.713333333,71.884583333
sun-temple-thangadh,"Sun temple, Thangadh",Gujarat,Gujarat,spiritual,Popular,4.8,8984,900,22.597222222,71.214722222
sultanpur-national-park,"Sultanpur National Park",Haryana,Haryana,wildlife,Popular,4.4,8569,2500,28.4623,76.8899
kalesar-national-park,"Kalesar National Park",Haryana,Haryana,wildlife,Popular,4.6,14918,2500,30.33194444,77.55194444
asigarh-fort,"Asigarh Fort",Haryana,Haryana,heritage,Popular,4.3,12716,900,29.105483,75.9632
bhindawas-wildlife-sanctuary,"Bhindawas Wildlife Sanctuary",Haryana,Haryana,wildlife,Popular,4.2,20904,2500,28.5326,76.5515
nahar-wildlife-sanctuary,"Nahar Wildlife Sanctuary",Haryana,Haryana,wildlife,Popular,4.2,17808,2500,28.4094,76.397
bhima-devi-temple-complex,"Bhima Devi Temple Complex",Haryana,Haryana,spiritual,Popular,4.3,8511,900,30.7925,76.91222222
nada-sahib,"Nada Sahib",Haryana,Haryana,heritage,Popular,4.3,2565,900,30.694166666,76.880833333
rohtak-zoo,"Rohtak Zoo",Haryana,Haryana,wildlife,Popular,4.1,17983,2500,28.8789,76.6358
firoz-shah-palace-complex,"Firoz Shah palace complex",Haryana,Haryana,heritage,Popular,4.5,14468,900,29.16691087,75.72028956
agroha-dham,"Agroha Dham",Haryana,Haryana,spiritual,Popular,4.7,21303,900,29.55444444,75.99972222
bhuteshwar-temple,"Bhuteshwar Temple",Haryana,Haryana,spiritual,Popular,4.5,9654,900,29.3141,76.3185
kalayat-ancient-bricks-temple-complex,"Kalayat Ancient Bricks Temple Complex",Haryana,Haryana,spiritual,Popular,4.6,5326,900,29.6742,76.2548
saraswati-wildlife-sanctuary,"Saraswati Wildlife Sanctuary",Haryana,Haryana,wildlife,Popular,4.2,9301,2500,29.9928,76.3567
khaparwas-wildlife-sanctuary,"Khaparwas Wildlife Sanctuary",Haryana,Haryana,wildlife,Popular,4.6,6728,2500,28.5651,76.5273
nabha-house,"Nabha House",Haryana,Haryana,heritage,Popular,4.7,7392,900,29.966733,76.83435
cantonment-church-tower,"Cantonment Church Tower",Haryana,Haryana,spiritual,Popular,4.8,8061,900,29.7062,76.9873
eklavya-temple,"Eklavya temple",Haryana,Haryana,spiritual,Popular,4.5,17111,900,28.422,76.99
dehra-temple,"Dehra Temple",Haryana,Haryana,spiritual,Popular,4.7,11906,900,27.781444444,76.918722222
sheetla-mata-mandir-gurgaon,"Sheetla Mata Mandir Gurgaon",Haryana,Haryana,spiritual,Popular,4.7,4174,900,28.4783,77.0305
bir-shikargah-wildlife-sanctuary,"Bir Shikargah Wildlife Sanctuary",Haryana,Haryana,wildlife,Popular,4.7,11846,2500,30.7689,76.96822
khol-hi-raitan-wildlife-sanctuary,"Khol Hi-Raitan Wildlife Sanctuary",Haryana,Haryana,wildlife,Popular,4.7,10543,2500,30.7077,76.9405
nahar-singh-mahal,"Nahar Singh Mahal",Haryana,Haryana,heritage,Popular,4.1,15555,900,28.34104,77.31919
kartikeya-temple-pehowa,"Kartikeya Temple, Pehowa",Haryana,Haryana,spiritual,Popular,4.7,11041,900,29.98,76.58
ranila,"Ranila",Haryana,Haryana,spiritual,Popular,4.5,19733,900,28.711,76.356
chhilchhila-wildlife-sanctuary,"Chhilchhila Wildlife Sanctuary",Haryana,Haryana,wildlife,Popular,4.5,8526,2500,29.9384,76.6811
appu-ghar,"Appu Ghar",Haryana,Haryana,heritage,Popular,4.2,9201,900,28.460256,77.07206
european-cemetery,"European Cemetery",Haryana,Haryana,heritage,Popular,4.8,15562,900,30.3454,76.8428
seventh-day-adventist-church-nilokheri,"Seventh-day Adventist Church, Nilokheri",Haryana,Haryana,spiritual,Popular,4.6,17274,900,29.83,76.92
great-himalayan-national-park,"Great Himalayan National Park",Himachal Pradesh,Himachal Pradesh,wildlife,Popular,4.2,10620,2500,31.804288,77.951021
pin-valley-national-park,"Pin Valley National Park",Himachal Pradesh,Himachal Pradesh,wildlife,Popular,4.2,15888,2500,31.574166666,77.588888888
kangra-fort-himachal-pradesh,"Kangra Fort, Himachal Pradesh",Himachal Pradesh,Himachal Pradesh,heritage,Popular,4.6,17913,900,32.087555555,76.256277777
masroor-temples,"Masroor Temples",Himachal Pradesh,Himachal Pradesh,spiritual,Popular,4.5,15544,900,32.0725,76.137222222
khirganga-national-park,"Khirganga National Park",Himachal Pradesh,Himachal Pradesh,wildlife,Popular,4.8,18296,2500,31.99343,77.510227
baijnath-temple-himachal-pradesh,"Baijnath Temple, Himachal Pradesh",Himachal Pradesh,Himachal Pradesh,spiritual,Popular,4.6,15141,900,32.05095307,76.64552483
bhimakali-temple,"Bhimakali Temple",Himachal Pradesh,Himachal Pradesh,spiritual,Popular,4.4,9858,900,31.51,77.795
simbalbara-national-park,"Simbalbara National Park",Himachal Pradesh,Himachal Pradesh,wildlife,Popular,4.7,16358,2500,30.439,77.473
gurdwara-paonta-sahib,"Gurdwara Paonta Sahib",Himachal Pradesh,Himachal Pradesh,heritage,Popular,4.2,6197,900,30.435312,77.621938
rehala-falls,"Rehala Falls",Himachal Pradesh,Himachal Pradesh,heritage,Popular,4.6,17057,900,32.336,77.218
naggar-castle,"Naggar Castle",Himachal Pradesh,Himachal Pradesh,heritage,Popular,4.6,16641,900,32.112,77.165
lakshana-devi-temple-bharmour,"Lakshana Devi Temple, Bharmour",Himachal Pradesh,Himachal Pradesh,spiritual,Popular,4.8,13692,900,32.44244339,76.53742092
bathu-temples-himachal-pradesh,"Bathu Temples, Himachal Pradesh",Himachal Pradesh,Himachal Pradesh,spiritual,Popular,4.6,1586,900,32.047235,76.003648
majthal-sanctuary,"Majthal Sanctuary",Himachal Pradesh,Himachal Pradesh,wildlife,Popular,4.5,8462,2500,31.3092,76.9587
sissu-falls,"Sissu Falls",Himachal Pradesh,Himachal Pradesh,heritage,Popular,4.4,13897,900,32.466385,77.122033
dhankar-gompa,"Dhankar Gompa",Himachal Pradesh,Himachal Pradesh,heritage,Popular,4.4,13581,900,32.089444444,78.2125
shri-chamunda-devi-mandir,"Shri Chamunda Devi Mandir",Himachal Pradesh,Himachal Pradesh,spiritual,Popular,4.7,9186,900,32.148333333,76.419166666
kamaksha,"Kamaksha",Himachal Pradesh,Himachal Pradesh,spiritual,Popular,4.6,8133,900,31.50061,76.95657
kalatop-khajjiar-sanctuary,"Kalatop Khajjiar Sanctuary",Himachal Pradesh,Himachal Pradesh,wildlife,Popular,4.8,18681,2500,32.55,76.01
nargu-wildlife-sanctuary,"Nargu Wildlife Sanctuary",Himachal Pradesh,Himachal Pradesh,wildlife,Popular,4.1,10327,2500,32.0139,76.8572
renuka-sanctuary,"Renuka Sanctuary",Himachal Pradesh,Himachal Pradesh,wildlife,Popular,4.3,8675,2500,30.61,77.458
kanwar-sanctuary,"Kanwar Sanctuary",Himachal Pradesh,Himachal Pradesh,wildlife,Popular,4.1,19545,2500,31.9523,77.3116
chail-sanctuary,"Chail Sanctuary",Himachal Pradesh,Himachal Pradesh,wildlife,Popular,4.5,21083,2500,30.9599,77.1978
jaitak-fort,"Jaitak Fort",Himachal Pradesh,Himachal Pradesh,heritage,Popular,4.6,19333,900,30.593,77.331
jwala-ji-kangra,"Jwala Ji Kangra",Himachal Pradesh,Himachal Pradesh,spiritual,Popular,4.5,17564,900,31.875555555,76.324444444
trilokpur,"Trilokpur",Himachal Pradesh,Himachal Pradesh,spiritual,Popular,4.4,12285,900,30.54035,77.20855
himani-chamunda,"Himani Chamunda",Himachal Pradesh,Himachal Pradesh,spiritual,Popular,4.5,16205,900,32.1927,76.4506
churdhar-sanctuary,"Churdhar Sanctuary",Himachal Pradesh,Himachal Pradesh,wildlife,Popular,4.7,18420,2500,30.8763,77.4013
tirthan-wildlife-sanctuary,"Tirthan Wildlife Sanctuary",Himachal Pradesh,Himachal Pradesh,wildlife,Popular,4.6,10910,2500,31.619444444,77.547222222
talra-wildlife-sanctuary,"Talra Wildlife Sanctuary",Himachal Pradesh,Himachal Pradesh,wildlife,Popular,4.1,7506,2500,31.017,77.779
bandli-wildlife-sanctuary,"Bandli Wildlife Sanctuary",Himachal Pradesh,Himachal Pradesh,wildlife,Popular,4.5,4894,2500,31.45,76.905
rupi-bhaba-wildlife-sanctuary,"Rupi Bhaba Wildlife Sanctuary",Himachal Pradesh,Himachal Pradesh,wildlife,Popular,4.2,11323,2500,31.716666666,77.95
tangyud-monastery,"Tangyud Monastery",Himachal Pradesh,Himachal Pradesh,spiritual,Popular,4.5,4720,900,32.22,78
shali-mata-temple,"Shali Mata Temple",Himachal Pradesh,Himachal Pradesh,spiritual,Popular,4.5,20470,900,31.191433,77.274613
pohlani-mata-temple,"Pohlani Mata Temple",Himachal Pradesh,Himachal Pradesh,spiritual,Popular,4.2,5722,900,32.5202082,76.0330345
kugti-sanctuary,"Kugti Sanctuary",Himachal Pradesh,Himachal Pradesh,wildlife,Popular,4.4,3428,2500,32.59861111,76.88527778
pong-dam-lake-wildlife-sanctuary,"Pong Dam Lake Wildlife Sanctuary",Himachal Pradesh,Himachal Pradesh,wildlife,Popular,4.5,6171,2500,32.01666667,76.08333333
kibber-wildlife-sanctuary,"Kibber Wildlife Sanctuary",Himachal Pradesh,Himachal Pradesh,wildlife,Popular,4.6,13017,2500,32.2096,78.0765
chandratal-wildlife-sanctuary,"Chandratal Wildlife Sanctuary",Himachal Pradesh,Himachal Pradesh,wildlife,Popular,4.7,11395,2500,32.4752,77.6171
kamna-devi-temple,"Kamna Devi Temple",Himachal Pradesh,Himachal Pradesh,spiritual,Popular,4.1,19793,900,31.096111111,77.134166666
shikari-devi-temple,"Shikari Devi Temple",Himachal Pradesh,Himachal Pradesh,spiritual,Popular,4.2,16444,900,31.478716,77.165572
chehni-kothi,"Chehni Kothi",Himachal Pradesh,Himachal Pradesh,spiritual,Popular,4.8,20470,900,31.62765,77.3581
maa-bhangayani-temple-haripurdhar,"Maa Bhangayani Temple, Haripurdhar",Himachal Pradesh,Himachal Pradesh,spiritual,Popular,4.4,6908,900,30.58,77.55
maa-simsa-temple,"Maa Simsa temple",Himachal Pradesh,Himachal Pradesh,spiritual,Popular,4.2,14524,900,31.902,76.698
amarnath-temple,"Amarnath Temple",Jammu & Kashmir,Jammu & Kashmir,spiritual,Popular,4.6,9162,900,34.21666667,75.51666667
dachigam-national-park,"Dachigam National Park",Jammu & Kashmir,Jammu & Kashmir,wildlife,Popular,4.8,13718,2500,34.14,75.02
vaishno-devi-temple,"Vaishno Devi Temple",Jammu & Kashmir,Jammu & Kashmir,spiritual,Popular,4.6,12831,900,33.03,74.948055555
hazratbal-shrine,"Hazratbal Shrine",Jammu & Kashmir,Jammu & Kashmir,spiritual,Popular,4.1,2535,900,34.1292,74.8422
martand-sun-temple,"Martand Sun Temple",Jammu & Kashmir,Jammu & Kashmir,spiritual,Popular,4.7,3696,900,33.7454,75.21999
shankaracharya-temple-srinagar,"Shankaracharya Temple, Srinagar",Jammu & Kashmir,Jammu & Kashmir,spiritual,Popular,4.5,16326,900,34.07888889,74.84361111
gulmarg-wildlife-sanctuary,"Gulmarg Wildlife Sanctuary",Jammu & Kashmir,Jammu & Kashmir,wildlife,Popular,4.2,14488,2500,33.994166666,74.374166666
akhnoor-fort,"Akhnoor Fort",Jammu & Kashmir,Jammu & Kashmir,heritage,Popular,4.8,15591,900,32.89603811,74.74005829
avanti-swami-temple,"Avanti Swami Temple",Jammu & Kashmir,Jammu & Kashmir,spiritual,Popular,4.2,6018,900,33.923207,75.012829
kheer-bhawani,"Kheer Bhawani",Jammu & Kashmir,Jammu & Kashmir,spiritual,Popular,4.1,9598,900,34.22083333,74.73027778
raghunath-temple,"Raghunath Temple",Jammu & Kashmir,Jammu & Kashmir,spiritual,Popular,4.4,20303,900,32.731,74.8638
ramnagar-fort,"Ramnagar Fort",Jammu & Kashmir,Jammu & Kashmir,heritage,Popular,4.3,8935,900,25.269732527,83.025098324
shankaragaurishvara-temple-pattan,"Shankaragaurishvara Temple, Pattan",Jammu & Kashmir,Jammu & Kashmir,spiritual,Popular,4.3,14981,900,34.157777777,74.556916666
hirpora-wildlife-sanctuary,"Hirpora Wildlife Sanctuary",Jammu & Kashmir,Jammu & Kashmir,wildlife,Popular,4.7,4220,2500,33.598888888,74.615555555
shivkhori,"Shivkhori",Jammu & Kashmir,Jammu & Kashmir,spiritual,Popular,4.7,18266,900,33.17,74.6
wangath-temple-complex-naranag,"Wangath Temple complex, Naranag",Jammu & Kashmir,Jammu & Kashmir,spiritual,Popular,4.4,7388,900,34.352777777,74.976111111
ancient-temple-at-ladhoo,"Ancient Temple at Ladhoo",Jammu & Kashmir,Jammu & Kashmir,spiritual,Popular,4.7,4187,900,33.99229108,74.99358957
limber-wildlife-sanctuary,"Limber Wildlife Sanctuary",Jammu & Kashmir,Jammu & Kashmir,wildlife,Popular,4.7,10695,2500,34.189166666,74.165833333
hari-parbat-fort,"Hari Parbat Fort",Jammu & Kashmir,Jammu & Kashmir,heritage,Popular,4.7,16398,900,34.10603,74.81628
group-of-temples-at-kiramchi,"Group of Temples at Kiramchi",Jammu & Kashmir,Jammu & Kashmir,spiritual,Popular,4.6,7614,900,32.965111111,75.119555555
st-joseph-s-catholic-church,"St. Joseph's Catholic Church",Jammu & Kashmir,Jammu & Kashmir,spiritual,Popular,4.4,10730,900,34.20362,74.352078
qazinag-national-park,"Qazinag National Park",Jammu & Kashmir,Jammu & Kashmir,wildlife,Popular,4.5,4491,2500,34.166667,74.033333
noori-chamb,"Noori Chamb",Jammu & Kashmir,Jammu & Kashmir,heritage,Popular,4.4,11091,900,33.6,74.4
overa-aru-wildlife-sanctuary,"Overa-Aru Wildlife Sanctuary",Jammu & Kashmir,Jammu & Kashmir,wildlife,Popular,4.2,15585,2500,34.11,75.2475
bumzuva-cave-and-temple,"Bumzuva Cave and Temple",Jammu & Kashmir,Jammu & Kashmir,spiritual,Popular,4.3,1971,900,33.771944444,75.213055555
tral-wildlife-sanctuary,"Tral Wildlife Sanctuary",Jammu & Kashmir,Jammu & Kashmir,wildlife,Popular,4.6,8453,2500,33.995,75.115
mansar-surinsar-wildlife-sanctuary,"Mansar-Surinsar Wildlife sanctuary",Jammu & Kashmir,Jammu & Kashmir,wildlife,Popular,4.4,9361,2500,32.75,75.2
baltal-thajwas-wildlife-sanctuary,"Baltal Thajwas Wildlife Sanctuary",Jammu & Kashmir,Jammu & Kashmir,wildlife,Popular,4.6,8646,2500,34.229,75.3801
hiranagar-fort,"Hiranagar Fort",Jammu & Kashmir,Jammu & Kashmir,heritage,Popular,4.5,20350,900,32.4618,75.2582
poonch-fort,"Poonch Fort",Jammu & Kashmir,Jammu & Kashmir,heritage,Popular,4.3,10593,900,33.767633333,74.090041666
vaidyanath-jyotirlinga,"Vaidyanath Jyotirlinga",Jharkhand,Jharkhand,spiritual,Popular,4.7,21200,900,24.4925,86.7
betla-national-park,"Betla National Park",Jharkhand,Jharkhand,wildlife,Popular,4.4,10896,2500,23.8878,84.1901
hundru-falls,"Hundru Falls",Jharkhand,Jharkhand,heritage,Popular,4.1,5453,900,23.45,85.65
shikharji,"Shikharji",Jharkhand,Jharkhand,spiritual,Popular,4.4,5074,900,23.9611,86.1371
dassam-falls,"Dassam Falls",Jharkhand,Jharkhand,heritage,Popular,4.6,14672,900,23.143358333,85.466441666
hazaribagh-wildlife-sanctuary,"Hazaribagh Wildlife Sanctuary",Jharkhand,Jharkhand,wildlife,Popular,4.3,19241,2500,24.1474,85.36
jonha-falls,"Jonha Falls",Jharkhand,Jharkhand,heritage,Popular,4.5,5028,900,23.341666666,85.608333333
lodh-falls,"Lodh Falls",Jharkhand,Jharkhand,heritage,Popular,4.2,19733,900,23.480556,84.019444
rajrappa,"Rajrappa",Jharkhand,Jharkhand,heritage,Popular,4.4,16333,900,23.632,85.711
panchghagh-falls,"Panchghagh Falls",Jharkhand,Jharkhand,heritage,Popular,4.8,8506,900,22.955561111,85.262869444
lower-ghaghri-falls,"Lower Ghaghri Falls",Jharkhand,Jharkhand,heritage,Popular,4.3,21203,900,23.53155,84.24591
usri-falls,"Usri Falls",Jharkhand,Jharkhand,heritage,Popular,4.3,5553,900,24.096388888,86.370555555
st-mary-s-cathedral-ranchi,"St. Mary's Cathedral, Ranchi",Jharkhand,Jharkhand,heritage,Popular,4.7,11406,900,23.3675,85.33
palamu-fort,"Palamu Fort",Jharkhand,Jharkhand,heritage,Popular,4.1,14431,900,23.8946,84.2328
dalma-wildlife-sanctuary,"Dalma Wildlife Sanctuary",Jharkhand,Jharkhand,wildlife,Popular,4.6,9603,2500,22.90416667,86.21638889
palamau-tiger-reserve,"Palamau Tiger Reserve",Jharkhand,Jharkhand,wildlife,Popular,4.7,8791,2500,23.705555555,84.182222222
sita-falls,"Sita Falls",Jharkhand,Jharkhand,heritage,Popular,4.3,8990,900,23.341666666,85.643888888
tata-steel-zoological-park,"Tata Steel Zoological Park",Jharkhand,Jharkhand,wildlife,Popular,4.3,8676,2500,22.81461,86.195925
basilica-of-the-divine-motherhood-of-our-lady,"Basilica of the Divine Motherhood of Our Lady",Jharkhand,Jharkhand,spiritual,Popular,4.6,7969,900,23.293333333,85.440277777
maa-dewri-temple,"Maa Dewri Temple",Jharkhand,Jharkhand,spiritual,Popular,4.6,12154,900,23.046111111,85.682777777
harihar-dham,"Harihar Dham",Jharkhand,Jharkhand,spiritual,Popular,4.8,14385,900,24.07,85.82111111
maluti-temples,"Maluti temples",Jharkhand,Jharkhand,spiritual,Popular,4.4,13282,900,24.15,87.66666667
koderma-wildlife-sanctuary,"Koderma Wildlife Sanctuary",Jharkhand,Jharkhand,wildlife,Popular,4.2,19650,2500,24.5373,85.5939
bhagwan-birsa-biological-park,"Bhagwan Birsa Biological Park",Jharkhand,Jharkhand,wildlife,Popular,4.6,15082,2500,23.458,85.457
mahuadanr-wolf-sanctuary,"Mahuadanr Wolf Sanctuary",Jharkhand,Jharkhand,wildlife,Popular,4.8,12520,2500,23.433333333,84.033333333
topchanchi-wildlife-sanctuary,"Topchanchi Wildlife Sanctuary",Jharkhand,Jharkhand,wildlife,Popular,4.8,8334,2500,23.9361,86.1923
perwaghagh-falls,"Perwaghagh Falls",Jharkhand,Jharkhand,heritage,Popular,4.7,16062,900,22.835602777,85.164647222
bhatinda-falls,"Bhatinda Falls",Jharkhand,Jharkhand,heritage,Popular,4.3,8198,900,23.710802,86.331735
sri-sri-kalika-maharani-temple,"Sri Sri Kalika Maharani Temple",Jharkhand,Jharkhand,spiritual,Popular,4.1,14223,900,23.65,86.17
karneshwar-dham,"Karneshwar Dham",Jharkhand,Jharkhand,spiritual,Popular,4.2,9321,900,24.12722222,86.74472222
rani-sati-mandir-mahuda,"Rani Sati Mandir Mahuda",Jharkhand,Jharkhand,spiritual,Popular,4.4,16833,900,23.750591,86.269419
lawapani-falls,"Lawapani Falls",Jharkhand,Jharkhand,heritage,Popular,4.4,5570,900,23.597441666,84.5456
jog-falls,"Jog Falls",Karnataka,Karnataka,heritage,Popular,4.4,1583,900,14.231766666,74.816386111
nagarhole-national-park,"Nagarhole National Park",Karnataka,Karnataka,wildlife,Popular,4.2,21479,2500,12.06,76.151111111
shivanasamudra-falls,"Shivanasamudra Falls",Karnataka,Karnataka,heritage,Popular,4.7,17432,900,12.294,77.168
chennakesava-temple,"Chennakesava Temple",Karnataka,Karnataka,spiritual,Popular,4.7,2259,900,13.16286111,75.86055556
kali-tiger-reserve,"Kali Tiger Reserve",Karnataka,Karnataka,wildlife,Popular,4.6,12732,2500,15.01666667,74.38333333
bannerghatta-national-park,"Bannerghatta National Park",Karnataka,Karnataka,wildlife,Popular,4.4,3136,2500,12.80083333,77.57555556
chennakesava-temple-at-somanathapura-mysore,"Chennakesava Temple at Somanathapura Mysore",Karnataka,Karnataka,spiritual,Popular,4.6,4305,900,12.27573677,76.88155573
st-philomena-s-cathedral,"St. Philomena's Cathedral",Karnataka,Karnataka,spiritual,Popular,4.3,3486,900,12.321121,76.658322
irupu-falls,"Irupu Falls",Karnataka,Karnataka,heritage,Popular,4.3,4756,900,11.967283333,75.983766666
hoysaleswara-temple,"Hoysaleswara Temple",Karnataka,Karnataka,spiritual,Popular,4.7,10042,900,13.21319444,75.995
bidar-fort,"Bidar Fort",Karnataka,Karnataka,heritage,Popular,4.4,7039,900,17.9219,77.5236
gokak-falls,"Gokak Falls",Karnataka,Karnataka,heritage,Popular,4.1,12102,900,16.191666666,74.7765
udupi-sri-krishna-matha,"Udupi Sri Krishna Matha",Karnataka,Karnataka,spiritual,Popular,4.8,8348,900,13.332222222,74.746111111
kunchikal-falls,"Kunchikal Falls",Karnataka,Karnataka,heritage,Popular,4.8,1960,900,13.6947,75.018130555
ranganthittu-bird-sanctuary,"Ranganthittu Bird Sanctuary",Karnataka,Karnataka,wildlife,Popular,4.1,3514,2500,12.4,76.65
bengaluru-palace,"Bengaluru Palace",Karnataka,Karnataka,heritage,Popular,4.6,21232,900,12.998529,77.592103
lalitha-mahal,"Lalitha Mahal",Karnataka,Karnataka,heritage,Popular,4.5,16428,900,12.298,76.693
chamundeshwari-temple,"Chamundeshwari Temple",Karnataka,Karnataka,spiritual,Popular,4.8,16046,900,12.272475,76.670703
hebbe-falls,"Hebbe Falls",Karnataka,Karnataka,heritage,Popular,4.3,18732,900,13.541388888,75.725
durga-temple-aihole,"Durga temple, Aihole",Karnataka,Karnataka,spiritual,Popular,4.8,15944,900,16.02066667,75.88194444
kollur-mookambika-temple,"Kollur Mookambika Temple",Karnataka,Karnataka,spiritual,Popular,4.8,21488,900,13.86377778,74.81461111
nageshvara-temple,"Nageshvara Temple",Karnataka,Karnataka,spiritual,Popular,4.3,12912,900,12.87674,77.62671
mahadeva-temple-itagi,"Mahadeva Temple, Itagi",Karnataka,Karnataka,spiritual,Popular,4.6,19624,900,15.445361111,75.967916666
dharmaraya-swamy-temple,"Dharmaraya Swamy Temple",Karnataka,Karnataka,spiritual,Popular,4.2,5488,900,12.965444444,77.583388888
chitradurga-fort,"Chitradurga Fort",Karnataka,Karnataka,heritage,Popular,4.7,7650,900,14.2152,76.3953
panchakuta-basadi-kambadahalli,"Panchakuta Basadi, Kambadahalli",Karnataka,Karnataka,spiritual,Popular,4.8,19170,900,12.86776356,76.63363635
mahakuta-group-of-temples,"Mahakuta group of temples",Karnataka,Karnataka,spiritual,Popular,4.7,6738,900,15.91666667,75.75
banashankari-amma-temple,"Banashankari Amma Temple",Karnataka,Karnataka,spiritual,Popular,4.3,20270,900,15.88722222,75.705
halasuru-someshwara-temple-bangalore,"Halasuru Someshwara Temple, Bangalore",Karnataka,Karnataka,spiritual,Popular,4.4,21264,900,12.97550278,77.62389167
kukke-subramanya-temple,"Kukke Subramanya Temple",Karnataka,Karnataka,spiritual,Popular,4.2,14898,900,12.66,75.61
dandeli-wildlife-sanctuary,"Dandeli Wildlife Sanctuary",Karnataka,Karnataka,wildlife,Popular,4.7,21347,2500,15.50638889,74.39166667
devanahalli-fort,"Devanahalli Fort",Karnataka,Karnataka,heritage,Popular,4.1,3098,900,13.24956863,77.70836596
amrutesvara-temple,"Amrutesvara Temple",Karnataka,Karnataka,spiritual,Popular,4.6,11638,900,13.74148048,75.85368558
saavira-kambada-basadi,"Saavira Kambada Basadi",Karnataka,Karnataka,spiritual,Popular,4.2,14358,900,13.07425,74.99763889
st-lawrence-shrine,"St. Lawrence Shrine",Karnataka,Karnataka,spiritual,Popular,4.6,11219,900,13.205931,74.972056
manyakheta,"Manyakheta",Karnataka,Karnataka,spiritual,Popular,4.5,8748,900,17.195,77.160833333
ananthasayana-temple,"Ananthasayana temple",Karnataka,Karnataka,spiritual,Popular,4.4,12399,900,15.278055555,76.407222222
gokarnanatheshwara-temple,"Gokarnanatheshwara Temple",Karnataka,Karnataka,spiritual,Popular,4.8,12053,900,12.876119,74.831554
dharmasthala-temple,"Dharmasthala Temple",Karnataka,Karnataka,spiritual,Popular,4.1,12784,900,12.96012,75.37836
mangaladevi-temple,"Mangaladevi Temple",Karnataka,Karnataka,spiritual,Popular,4.3,6931,900,12.8491,74.8432
srikanteshwara-temple-nanjangud,"Srikanteshwara Temple, Nanjangud",Karnataka,Karnataka,spiritual,Popular,4.6,4798,900,12.11897033,76.69245281
akkana-basadi,"Akkana Basadi",Karnataka,Karnataka,spiritual,Popular,4.1,9313,900,12.85959835,76.48891058
kasivisvesvara-temple-lakkundi,"Kasivisvesvara Temple, Lakkundi",Karnataka,Karnataka,spiritual,Popular,4.1,7507,900,15.387583333,75.717180555
kamala-narayana-temple-degaon,"Kamala Narayana Temple, Degaon",Karnataka,Karnataka,spiritual,Popular,4.2,1697,900,15.570583333,74.752416666
sirsi-marikamba-temple,"Sirsi Marikamba Temple",Karnataka,Karnataka,spiritual,Popular,4.4,6786,900,14.612293,74.8396078
gulbarga-fort,"Gulbarga Fort",Karnataka,Karnataka,heritage,Popular,4.8,3986,900,17.3405,76.8311
jamalabad-fort,"Jamalabad Fort",Karnataka,Karnataka,heritage,Popular,4.3,3888,900,13.03333333,75.36666667
ishvara-temple-arasikere,"Ishvara Temple, Arasikere",Karnataka,Karnataka,spiritual,Popular,4.6,10972,900,13.318111111,76.260388888
kaitabheshvara-temple-kubatur,"Kaitabheshvara Temple, Kubatur",Karnataka,Karnataka,spiritual,Popular,4.1,5261,900,14.5756738,75.14738656
arakeshvara-templa,"Arakeshvara Templa",Karnataka,Karnataka,spiritual,Popular,4.7,15554,900,11.96806553,76.98776527
sri-ranganathaswamy-temple-srirangapatna,"Sri Ranganathaswamy Temple (Srirangapatna)",Karnataka,Karnataka,spiritual,Popular,4.4,4652,900,12.4247524,76.6797229
kolaramma-temple,"Kolaramma Temple",Karnataka,Karnataka,spiritual,Popular,4.7,18620,900,13.13842807,78.1386679
brahmagiri-wildlife-sanctuary,"Brahmagiri Wildlife Sanctuary",Karnataka,Karnataka,wildlife,Popular,4.3,11191,2500,12.387,75.491
ranibennur-blackbuck-sanctuary,"Ranibennur Blackbuck Sanctuary",Karnataka,Karnataka,wildlife,Popular,4.5,3798,2500,14.63333333,75.7
muthyalamaduvu,"Muthyalamaduvu",Karnataka,Karnataka,heritage,Popular,4.7,3247,900,12.688097222,77.664486111
mirjan-fort,"Mirjan Fort",Karnataka,Karnataka,heritage,Popular,4.6,15351,900,14.4888,74.4175
raichur-fort,"Raichur Fort",Karnataka,Karnataka,heritage,Popular,4.5,10550,900,16.2,77.37
kotilingeshwara-temple,"Kotilingeshwara Temple",Karnataka,Karnataka,spiritual,Popular,4.8,2883,900,12.9952,78.2948
siddhesvara-temple,"Siddhesvara Temple",Karnataka,Karnataka,spiritual,Popular,4.8,17750,900,14.79055556,75.41083333
st-anthony-s-basilica-dornahalli,"St. Anthony's Basilica, Dornahalli",Karnataka,Karnataka,spiritual,Popular,4.3,3800,900,12.410609,76.421553
hospet-church,"Hospet Church",Karnataka,Karnataka,spiritual,Popular,4.4,11412,900,13.0075,75.001666666
doddabasappa-temple-dambal,"Doddabasappa Temple, Dambal",Karnataka,Karnataka,spiritual,Popular,4.6,5369,900,15.301861111,75.771638888
gaurishvara-temple-yelandur,"Gaurishvara Temple, Yelandur",Karnataka,Karnataka,spiritual,Popular,4.4,8194,900,12.04702853,77.02954493
kalleshvara-temple-bagali,"Kalleshvara Temple, Bagali",Karnataka,Karnataka,spiritual,Popular,4.1,13408,900,14.84388889,75.98277778
veera-narayana-temple-belavadi,"Veera Narayana Temple, Belavadi",Karnataka,Karnataka,spiritual,Popular,4.8,4255,900,13.2826,75.9973
banashankari-temple-amargol,"Banashankari Temple, Amargol",Karnataka,Karnataka,spiritual,Popular,4.5,15567,900,15.3991,75.0873
harihareshwara-temple,"Harihareshwara Temple",Karnataka,Karnataka,spiritual,Popular,4.6,13586,900,14.51166667,75.80194444
attiveri-bird-sanctuary,"Attiveri Bird Sanctuary",Karnataka,Karnataka,wildlife,Popular,4.7,4308,2500,15.07888889,75.04138889
hanumana-gundi-falls,"Hanumana Gundi Falls",Karnataka,Karnataka,heritage,Popular,4.5,5122,900,13.269505,75.155384
mallalli-falls,"Mallalli Falls",Karnataka,Karnataka,heritage,Popular,4.2,14318,900,12.6,75.87
gudavi-bird-sanctuary,"Gudavi Bird Sanctuary",Karnataka,Karnataka,wildlife,Popular,4.2,12514,2500,14.439722222,75.0125
kittur-fort,"Kittur Fort",Karnataka,Karnataka,heritage,Popular,4.7,3505,900,15.60125,74.791441666
fort-anjediva,"Fort Anjediva",Karnataka,Karnataka,heritage,Popular,4.5,3379,900,14.7864,74.12
shringeri-sharadamba-temple,"Shringeri Sharadamba Temple",Karnataka,Karnataka,spiritual,Popular,4.2,17394,900,13.418,75.252
marikamba-temple-sagara,"Marikamba Temple, Sagara",Karnataka,Karnataka,spiritual,Popular,4.7,9138,900,14.1667,75.0333
shettihalli-rosary-church,"Shettihalli Rosary Church",Karnataka,Karnataka,spiritual,Popular,4.6,4663,900,12.86975,76.01824
kedareshvara-temple-balligavi,"Kedareshvara Temple, Balligavi",Karnataka,Karnataka,spiritual,Popular,4.7,4404,900,14.39392684,75.2442636
lakshmi-narasimha-temple-nuggehalli,"Lakshmi Narasimha Temple, Nuggehalli",Karnataka,Karnataka,spiritual,Popular,4.8,7151,900,13.010944444,76.475361111
lakshminarasimha-temple-javagal,"Lakshminarasimha Temple, Javagal",Karnataka,Karnataka,spiritual,Popular,4.7,21017,900,13.301,76.060083333
mylara-lingeshwara-temple,"Mylara Lingeshwara Temple",Karnataka,Karnataka,spiritual,Popular,4.6,4067,900,14.808055555,75.690833333
ragigudda-sri-prasannaswamy-anjaneya-temple,"Ragigudda Sri Prasannaswamy Anjaneya Temple",Karnataka,Karnataka,spiritual,Popular,4.3,19898,900,12.91424,77.5932
venugopala-swamy-temple,"Venugopala Swamy Temple",Karnataka,Karnataka,spiritual,Popular,4.2,17686,900,12.4444,76.5678
milagres-church,"Milagres Church",Karnataka,Karnataka,spiritual,Popular,4.2,8073,900,13.395729,74.736224
ramalingeshwara-group-of-temples-avani,"Ramalingeshwara group of temples, Avani",Karnataka,Karnataka,spiritual,Popular,4.4,13712,900,13.10644966,78.32659939
sri-vinayaka-temple-guddattu,"Sri Vinayaka Temple, Guddattu",Karnataka,Karnataka,spiritual,Popular,4.2,7399,900,13.62833333,74.68888889
iswara-temple-in-jalasangvi,"Iswara temple in Jalasangvi",Karnataka,Karnataka,spiritual,Popular,4.4,2045,900,17.831202777,77.176375
belgaum-fort,"Belgaum Fort",Karnataka,Karnataka,heritage,Popular,4.6,21052,900,15.86185076,74.524470255
bellary-fort,"Bellary Fort",Karnataka,Karnataka,heritage,Popular,4.2,18402,900,15.14842,76.91058
chandramouleshwara-temple-unkal,"Chandramouleshwara Temple, Unkal",Karnataka,Karnataka,spiritual,Popular,4.1,7255,900,15.376777777,75.116666666
lakshmikanta-temple-kalale,"Lakshmikanta Temple, Kalale",Karnataka,Karnataka,spiritual,Popular,4.4,10478,900,12.08333333,76.66666667
gunja-narasimha-swamy-temple-thirumakudalu-narasipura,"Gunja Narasimha Swamy Temple, Thirumakudalu Narasipura",Karnataka,Karnataka,spiritual,Popular,4.4,20942,900,12.21,76.906
teru-malleshvara-temple-hiriyur,"Teru Malleshvara Temple, Hiriyur",Karnataka,Karnataka,spiritual,Popular,4.5,14051,900,13.95,76.62
the-rvm-foundation-shiv-temple,"The RVM Foundation Shiv Temple",Karnataka,Karnataka,spiritual,Popular,4.4,9163,900,12.958318023,77.656547276
bhoga-nandeeshwara-temple,"Bhoga Nandeeshwara Temple",Karnataka,Karnataka,spiritual,Popular,4.7,1821,900,13.3868,77.698
kanakachalapathi-temple-kanakagiri,"Kanakachalapathi Temple, Kanakagiri",Karnataka,Karnataka,spiritual,Popular,4.3,18080,900,15.55,76.4
hasanamba-temple,"Hasanamba temple",Karnataka,Karnataka,spiritual,Popular,4.5,19155,900,13.0024267,76.0933586
nageshvara-chennakeshava-temple-complex-mosale,"Nageshvara-Chennakeshava Temple complex, Mosale",Karnataka,Karnataka,spiritual,Popular,4.5,9964,900,12.9016,76.1423
shiva-temple-in-narayanapur,"Shiva temple in Narayanapur",Karnataka,Karnataka,spiritual,Popular,4.4,4710,900,17.858346,76.974582972
vijayanarayana-temple-gundlupet,"Vijayanarayana Temple, Gundlupet",Karnataka,Karnataka,spiritual,Popular,4.7,19189,900,11.80835836,76.6894027
lakshmi-devi-temple,"Lakshmi Devi Temple",Karnataka,Karnataka,spiritual,Popular,4.6,16767,900,13.09585373,76.00401209
panchalingeshwara-temple-govindanahalli,"Panchalingeshwara temple, Govindanahalli",Karnataka,Karnataka,spiritual,Popular,4.5,7324,900,12.773888888,76.391666666
lakshminarayana-temple-hosaholalu,"Lakshminarayana Temple, Hosaholalu",Karnataka,Karnataka,spiritual,Popular,4.5,12441,900,12.642277777,76.479
annapoorneshwari-temple,"Annapoorneshwari Temple",Karnataka,Karnataka,spiritual,Popular,4.8,11814,900,13.2705,75.3414
ghati-subramanya,"Ghati Subramanya",Karnataka,Karnataka,spiritual,Popular,4.7,4500,900,13.292,77.543
chaturmukha-basadi,"Chaturmukha Basadi",Karnataka,Karnataka,spiritual,Popular,4.7,19841,900,13.20864992,75.00487795
chennakeshava-temple-aralaguppe,"Chennakeshava Temple, Aralaguppe",Karnataka,Karnataka,spiritual,Popular,4.7,2251,900,13.25212829,76.61547306
koosalli-water-falls,"Koosalli Water Falls",Karnataka,Karnataka,heritage,Popular,4.3,18410,900,13.964166666,74.681944444
vajrapoha-falls,"Vajrapoha Falls",Karnataka,Karnataka,heritage,Popular,4.7,12960,900,15.623888888,74.331944444
jayamangali-blackbuck-reserve,"Jayamangali Blackbuck Reserve",Karnataka,Karnataka,heritage,Popular,4.3,16011,900,13.73888889,77.32222222
mookambika-wildlife-sanctuary,"Mookambika Wildlife Sanctuary",Karnataka,Karnataka,wildlife,Popular,4.5,10440,2500,13.7,74.65
tyavarekoppa-lion-and-tiger-safari,"Tyavarekoppa Lion and Tiger Safari",Karnataka,Karnataka,wildlife,Popular,4.3,17749,2500,13.973863069,75.49398838
madikeri-fort,"Madikeri Fort",Karnataka,Karnataka,heritage,Popular,4.8,8952,900,12.4208474,75.7389661
lakshmi-narasimha-temple-bhadravathi,"Lakshmi Narasimha Temple, Bhadravathi",Karnataka,Karnataka,spiritual,Popular,4.4,4779,900,13.84854,75.70035
lakshminarasimha-temple-haranhalli,"Lakshminarasimha Temple, Haranhalli",Karnataka,Karnataka,spiritual,Popular,4.8,12669,900,13.246888888,76.224305555
mallikarjuna-temple-basaralu,"Mallikarjuna Temple, Basaralu",Karnataka,Karnataka,spiritual,Popular,4.5,8863,900,12.71022445,76.81695623
yelluru-shri-vishweshwara-temple,"Yelluru Shri Vishweshwara Temple",Karnataka,Karnataka,spiritual,Popular,4.7,13587,900,13.1811,74.7976
manjarabad-fort,"Manjarabad Fort",Karnataka,Karnataka,heritage,Popular,4.7,19784,900,12.91,75.755
nalknad-palace,"Nalknad Palace",Karnataka,Karnataka,heritage,Popular,4.5,13944,900,12.243,75.70161111
chittaranjan-palace,"Chittaranjan Palace",Karnataka,Karnataka,heritage,Popular,4.4,6373,900,12.322279,76.617459
brahmeshvara-temple-kikkeri,"Brahmeshvara Temple, Kikkeri",Karnataka,Karnataka,spiritual,Popular,4.4,3650,900,12.763472222,76.429083333
rameshvara-temple-koodli,"Rameshvara Temple, Koodli",Karnataka,Karnataka,spiritual,Popular,4.6,6609,900,14.00780458,75.67473659
saumyakeshava-temple-nagamangala,"Saumyakeshava Temple, Nagamangala",Karnataka,Karnataka,spiritual,Popular,4.5,10075,900,12.81944444,76.75361111
kumara-swamy-devasthana-bangalore,"Kumara Swamy Devasthana, Bangalore",Karnataka,Karnataka,spiritual,Popular,4.4,16428,900,12.940467,77.562578
lakshminarasimha-temple-vignasante,"Lakshminarasimha Temple, Vignasante",Karnataka,Karnataka,spiritual,Popular,4.5,10788,900,13.146861111,76.539805555
veeranarayana-temple-gadag,"Veeranarayana Temple, Gadag",Karnataka,Karnataka,spiritual,Popular,4.8,11079,900,15.41,75.61
arakeshwara-temple-haleyedatore,"Arakeshwara Temple, Haleyedatore",Karnataka,Karnataka,spiritual,Popular,4.4,11803,900,12.46,76.39
yellamma-temple-saundatti,"Yellamma Temple, Saundatti",Karnataka,Karnataka,spiritual,Popular,4.5,20576,900,15.754,75.16
karinjeshwara-temple,"Karinjeshwara Temple",Karnataka,Karnataka,spiritual,Popular,4.7,3854,900,12.9142,75.0596
huligina-maradi-temple,"Huligina Maradi Temple",Karnataka,Karnataka,spiritual,Popular,4.8,17727,900,11.822,76.818
bhimeshvara-temple-nilagunda,"Bhimeshvara Temple, Nilagunda",Karnataka,Karnataka,spiritual,Popular,4.7,19091,900,14.74416444,75.89629704
bucesvara-temple-koravangala,"Bucesvara Temple, Koravangala",Karnataka,Karnataka,spiritual,Popular,4.6,15116,900,13.053305555,76.177055555
polali-rajarajeshwari-temple,"Polali Rajarajeshwari Temple",Karnataka,Karnataka,spiritual,Popular,4.7,3823,900,12.933954,74.955291
yoga-madhava-temple-settikere,"Yoga Madhava Temple, Settikere",Karnataka,Karnataka,spiritual,Popular,4.2,12107,900,13.38111111,76.55888889
cheluvanarayana-swamy-temple,"Cheluvanarayana Swamy Temple",Karnataka,Karnataka,spiritual,Popular,4.3,13612,900,12.66022222,76.64752778
ganesha-temple-idagunji,"Ganesha Temple, Idagunji",Karnataka,Karnataka,spiritual,Popular,4.2,7674,900,14.23025,74.49441389
navagraha-jain-temple,"Navagraha Jain Temple",Karnataka,Karnataka,spiritual,Popular,4.8,17305,900,15.2156832,75.1421335
kanakagiri-jain-shri-kshetra,"Kanakagiri Jain Shri kshetra",Karnataka,Karnataka,spiritual,Popular,4.4,13230,900,11.94994861,76.76846972
kudremukh-national-park,"Kudremukh National Park",Karnataka,Karnataka,wildlife,Popular,4.2,5474,2500,13.25,75.2
shettihalli-wildlife-sanctuary,"Shettihalli Wildlife Sanctuary",Karnataka,Karnataka,wildlife,Popular,4.2,7012,2500,13.85,75.438888888
thimlapura-wildlife-sanctuary,"Thimlapura Wildlife Sanctuary",Karnataka,Karnataka,wildlife,Popular,4.7,3305,2500,13.3787,77.1842
chelavara-falls,"Chelavara Falls",Karnataka,Karnataka,heritage,Popular,4.2,2533,900,12.206111111,75.673611111
bhimgad-fort,"Bhimgad Fort",Karnataka,Karnataka,heritage,Popular,4.8,6126,900,15.525,74.2825
sri-anjaneya-swamy-temple-shamanur,"Sri Anjaneya Swamy Temple, Shamanur",Karnataka,Karnataka,spiritual,Popular,4.4,12693,900,14.4666,75.9242
sri-mailar-mallanna,"Sri Mailar Mallanna",Karnataka,Karnataka,spiritual,Popular,4.7,18879,900,17.9529,77.386
veerbhadra-temple,"Veerbhadra Temple",Karnataka,Karnataka,spiritual,Popular,4.8,9444,900,16.5667,74.65
st-paul-s-church-mangalore,"St. Paul's Church, Mangalore",Karnataka,Karnataka,spiritual,Popular,4.6,20622,900,12.9141314,74.8561511
william-arthur-memorial-church-gubbi,"William Arthur Memorial Church, Gubbi",Karnataka,Karnataka,spiritual,Popular,4.8,9252,900,13.3104952,76.9508895
navalinga-temple,"Navalinga Temple",Karnataka,Karnataka,spiritual,Popular,4.1,14960,900,15.490777777,75.989611111
group-of-temples-at-magadi-karnataka,"Group of temples at Magadi, Karnataka",Karnataka,Karnataka,spiritual,Popular,4.4,4555,900,12.962138888,77.2105
chaturmukha-basadi-gerusoppa,"Chaturmukha Basadi, Gerusoppa",Karnataka,Karnataka,spiritual,Popular,4.8,7470,900,14.228722222,74.664722222
guru-narasimha-temple,"Guru Narasimha Temple",Karnataka,Karnataka,spiritual,Popular,4.1,13774,900,13.49861111,74.71166667
chennakeshava-temple-hullekere,"Chennakeshava Temple, Hullekere",Karnataka,Karnataka,spiritual,Popular,4.6,20464,900,13.191049613,76.366085107
sri-jnanakshi-rajarajeshwari-temple,"Sri Jnanakshi Rajarajeshwari Temple",Karnataka,Karnataka,spiritual,Popular,4.2,7600,900,12.926730555,77.510491666
shri-kalika-devi-temple,"Shri Kalika Devi Temple",Karnataka,Karnataka,spiritual,Popular,4.3,14338,900,15.85,75.25
madhukesvara-temple,"Madhukesvara temple",Karnataka,Karnataka,spiritual,Popular,4.2,19087,900,14.53517101,75.01708986
yoganarasimha,"Yoganarasimha",Karnataka,Karnataka,spiritual,Popular,4.8,15656,900,13.375,77.213
devaragundi,"Devaragundi",Karnataka,Karnataka,heritage,Popular,4.4,14750,900,12.475,75.479
gudekote-wildlife-sanctuary,"Gudekote Wildlife Sanctuary",Karnataka,Karnataka,wildlife,Popular,4.6,4553,2500,15.233333333,76.516666666
tungabhadra-otter-conservation-reserve,"Tungabhadra Otter Conservation Reserve",Karnataka,Karnataka,heritage,Popular,4.7,10679,900,15.36,76.51
bukkapatna-chinkara-wildlife-sanctuary,"Bukkapatna Chinkara Wildlife Sanctuary",Karnataka,Karnataka,wildlife,Popular,4.5,10366,2500,13.6497129,76.7466378
yadahalli-chinkara-wildlife-sanctuary,"Yadahalli Chinkara Wildlife Sanctuary",Karnataka,Karnataka,wildlife,Popular,4.7,20991,2500,16.379153,75.448223
chincholi-wildlife-sanctuary,"Chincholi Wildlife Sanctuary",Karnataka,Karnataka,wildlife,Popular,4.5,11440,2500,17.5,77.5
parashurama-theme-park-karkala,"Parashurama Theme Park, Karkala",Karnataka,Karnataka,heritage,Popular,4.1,19350,900,13.28264,74.93419
padubidri-beach,"Padubidri Beach",Karnataka,Karnataka,beach,Popular,4.5,10337,1200,13.131944444,74.762222222
yadgir-fort,"Yadgir Fort",Karnataka,Karnataka,heritage,Popular,4.7,4693,900,16.766,77.14
dharmesvara-temple,"Dharmesvara Temple",Karnataka,Karnataka,spiritual,Popular,4.1,14836,900,13.180833333,77.923888888
someshwara-temple-marathahalli,"Someshwara Temple, Marathahalli",Karnataka,Karnataka,spiritual,Popular,4.2,5283,900,12.9525,77.692777777
most-holy-redeemer-church-belthangady,"Most Holy Redeemer Church, Belthangady",Karnataka,Karnataka,spiritual,Popular,4.1,12859,900,12.99325,75.2685
st-patrick-church-siddakatte,"St. Patrick Church, Siddakatte",Karnataka,Karnataka,spiritual,Popular,4.4,3294,900,12.99063889,75.04988889
st-mary-s-orthodox-valiyapally,"St. Mary's Orthodox Valiyapally",Karnataka,Karnataka,spiritual,Popular,4.2,9661,900,13.057307,77.548086
jwalamalini-temple,"Jwalamalini temple",Karnataka,Karnataka,spiritual,Popular,4.4,7673,900,13.6052801,75.4961879
kere-basadi,"Kere Basadi",Karnataka,Karnataka,spiritual,Popular,4.6,13816,900,13.396258333,75.008372222
humcha-jain-temples,"Humcha Jain temples",Karnataka,Karnataka,spiritual,Popular,4.1,4988,900,13.86359836,75.20536768
moole-shankareshvara-temple-turuvekere,"Moole Shankareshvara Temple, Turuvekere",Karnataka,Karnataka,spiritual,Popular,4.4,6931,900,13.168611111,76.663611111
sri-ananda-lingeshwara-temple,"Sri Ananda Lingeshwara Temple",Karnataka,Karnataka,spiritual,Popular,4.5,16018,900,13.038,77.5949
ranganathaswamy-temple-nirthadi,"Ranganathaswamy Temple, Nirthadi",Karnataka,Karnataka,spiritual,Popular,4.2,4243,900,14.35303,76.1468
tarakeshwara-temple-hangal,"Tarakeshwara Temple, Hangal",Karnataka,Karnataka,spiritual,Popular,4.7,13574,900,14.765,75.124
puttur-shree-mahalingeshwara-temple,"Puttur Shree Mahalingeshwara Temple",Karnataka,Karnataka,spiritual,Popular,4.6,16036,900,12.7632,75.2001
shree-brahma-baidarkala-garadi-kshetra,"Shree Brahma Baidarkala Garadi Kshetra",Karnataka,Karnataka,spiritual,Popular,4.7,8004,900,12.86883,74.872202
manyamkonda,"Manyamkonda",Karnataka,Karnataka,spiritual,Popular,4.5,4694,900,16.649797,77.884764
lakshmeshwara-jain-temples,"Lakshmeshwara Jain temples",Karnataka,Karnataka,spiritual,Popular,4.5,7711,900,15.126944444,75.464166666
kuruvathi-basaveshwara-temple,"Kuruvathi Basaveshwara temple",Karnataka,Karnataka,spiritual,Popular,4.7,7362,900,14.78,75.7
arabithittu-wildlife-sanctuary,"Arabithittu Wildlife Sanctuary",Karnataka,Karnataka,wildlife,Popular,4.4,11021,2500,12.323611111,76.405555555
nugu-wildlife-sanctuary,"Nugu Wildlife Sanctuary",Karnataka,Karnataka,wildlife,Popular,4.2,10440,2500,11.930555555,76.455555555
kappatagudda-wildlife-sanctuary,"Kappatagudda Wildlife Sanctuary",Karnataka,Karnataka,wildlife,Popular,4.6,9565,2500,15.1841,75.7697
adichunchanagiri-peacock-wildlife-sanctuary,"Adichunchanagiri Peacock Wildlife Sanctuary",Karnataka,Karnataka,wildlife,Popular,4.3,16162,2500,13.0197,76.7496
malai-mahadeshwara-wildlife-sanctuary,"Malai Mahadeshwara Wildlife Sanctuary",Karnataka,Karnataka,wildlife,Popular,4.1,8954,2500,11.962,77.442
ghataprabha-wildlife-sanctuary,"Ghataprabha Wildlife Sanctuary",Karnataka,Karnataka,wildlife,Popular,4.3,8175,2500,16.22251,74.73888
melkote-temple-wildlife-sanctuary,"Melkote Temple Wildlife Sanctuary",Karnataka,Karnataka,wildlife,Popular,4.4,20892,2500,12.69964,76.66135
rangayyanadurga-four-horned-antelope-wildlife-sanctuary,"Rangayyanadurga Four–horned antelope Wildlife Sanctuary",Karnataka,Karnataka,wildlife,Popular,4.7,19894,2500,14.533333333,76.116666666
ramadevarabetta-vulture-sanctuary,"Ramadevarabetta Vulture Sanctuary",Karnataka,Karnataka,wildlife,Popular,4.3,4054,2500,12.7531984,77.3013674
jogimatti-wildlife-sanctuary,"Jogimatti Wildlife Sanctuary",Karnataka,Karnataka,wildlife,Popular,4.7,6736,2500,14.1625,76.3975
dandeli-national-park,"Dandeli National Park",Karnataka,Karnataka,wildlife,Popular,4.4,18742,2500,14.99,74.36
shri-katyayani-baneshwar-temple-aversa,"Shri Katyayani Baneshwar Temple, Aversa",Karnataka,Karnataka,spiritual,Popular,4.6,8500,900,14.72333333,74.27972222
kote-anjaneya,"Kote Anjaneya",Karnataka,Karnataka,spiritual,Popular,4.6,2501,900,13.348,77.1022
our-lady-of-lourdes-church-kanajar,"Our Lady of Lourdes Church, Kanajar",Karnataka,Karnataka,spiritual,Popular,4.1,18249,900,13.27233333,74.89597222
church-of-sacred-heart-of-jesus-madanthyar,"Church Of Sacred Heart Of Jesus, Madanthyar",Karnataka,Karnataka,spiritual,Popular,4.5,20416,900,12.94811111,75.19138889
st-antony-church-ujire,"St. Antony Church, Ujire",Karnataka,Karnataka,spiritual,Popular,4.6,21150,900,13.00297222,75.33966667
st-joseph-church-belman,"St. Joseph Church, Belman",Karnataka,Karnataka,spiritual,Popular,4.5,13398,900,13.16625,74.870055555
st-vincent-de-paul-church-katapady,"St Vincent De Paul Church, Katapady",Karnataka,Karnataka,spiritual,Popular,4.1,21353,900,13.289,74.7528
shri-guru-kottureshwara-temple,"Shri Guru Kottureshwara Temple",Karnataka,Karnataka,spiritual,Popular,4.3,13834,900,14.82,76.21972222
sri-parashakthi-kshetra,"Sri Parashakthi Kshetra",Karnataka,Karnataka,spiritual,Popular,4.2,6700,900,12.800331,74.8742697
dodda-basaveshwara-temple,"Dodda Basaveshwara Temple",Karnataka,Karnataka,spiritual,Popular,4.2,9229,900,15.344444444,76.834444444
sabarimala-temple-complex,"Sabarimala temple complex",Kerala,Kerala,spiritual,Popular,4.7,15233,900,9.4375,77.0805
padmanabhaswamy-temple,"Padmanabhaswamy Temple",Kerala,Kerala,spiritual,Popular,4.7,2096,900,8.482777777,76.943611111
eravikulam-national-park,"Eravikulam National Park",Kerala,Kerala,wildlife,Popular,4.7,19752,2500,10.2,77.083
athirappilly-falls,"Athirappilly Falls",Kerala,Kerala,heritage,Popular,4.5,18279,900,10.284722222,76.568611111
palaruvi-falls,"Palaruvi Falls",Kerala,Kerala,heritage,Popular,4.3,6470,900,8.980262,77.164089
guruvayur-temple,"Guruvayur Temple",Kerala,Kerala,spiritual,Popular,4.8,4530,900,10.594444444,76.039166666
santa-cruz-basilica,"Santa Cruz Basilica",Kerala,Kerala,heritage,Popular,4.3,2035,900,9.965,76.243
vazhappally-maha-siva-temple,"Vazhappally Maha Siva Temple",Kerala,Kerala,spiritual,Popular,4.5,14595,900,9.45607,76.5266
st-angelo-fort,"St. Angelo Fort",Kerala,Kerala,heritage,Popular,4.4,2629,900,11.85416622,75.37142688
kappad,"Kappad",Kerala,Kerala,beach,Popular,4.1,3682,1200,11.385,75.7175
mathikettan-shola-national-park,"Mathikettan Shola National Park",Kerala,Kerala,wildlife,Popular,4.6,13505,2500,10.03333333,77.13333333
vadakkunnathan-temple-thrissur,"Vadakkunnathan Temple, Thrissur",Kerala,Kerala,spiritual,Popular,4.2,14677,900,10.52451095,76.21453846
ananthapura-lake-temple,"Ananthapura Lake Temple",Kerala,Kerala,spiritual,Popular,4.2,20798,900,12.584166666,74.982222222
thusharagiri-falls,"Thusharagiri Falls",Kerala,Kerala,heritage,Popular,4.3,4010,900,11.47289,76.05417
soochipara-falls,"Soochipara Falls",Kerala,Kerala,heritage,Popular,4.5,20135,900,11.511388888,76.163611111
bekal-fort,"Bekal Fort",Kerala,Kerala,heritage,Popular,4.6,12571,900,12.39259244,75.03298917
pallipuram-fort,"Pallipuram Fort",Kerala,Kerala,heritage,Popular,4.6,10073,900,10.170087,76.18098
peppara-wildlife-sanctuary,"Peppara Wildlife Sanctuary",Kerala,Kerala,wildlife,Popular,4.4,14486,2500,8.64722222,77.16666667
parambikulam-tiger-reserve,"Parambikulam Tiger Reserve",Kerala,Kerala,wildlife,Popular,4.6,7014,2500,10.38333333,76.70833333
st-mary-s-syro-malabar-catholic-cathedral-basilica,"St. Mary's Syro-Malabar Catholic Cathedral Basilica",Kerala,Kerala,heritage,Popular,4.5,18961,900,9.983,76.275
chinnar-wildlife-sanctuary,"Chinnar Wildlife Sanctuary",Kerala,Kerala,wildlife,Popular,4.2,13558,2500,10.3,77.175
vazhachal-falls,"Vazhachal Falls",Kerala,Kerala,heritage,Popular,4.2,7422,900,10.301422222,76.592763888
cheeyappara-waterfalls,"Cheeyappara Waterfalls",Kerala,Kerala,heritage,Popular,4.3,20788,900,10.054027777,76.829666666
muzhappilangad-beach,"Muzhappilangad Beach",Kerala,Kerala,beach,Popular,4.5,20381,1200,11.793228046,75.444067543
palakkad-fort,"Palakkad Fort",Kerala,Kerala,heritage,Popular,4.6,2995,900,10.7637251,76.65668853
chottanikkara-temple,"Chottanikkara Temple",Kerala,Kerala,spiritual,Popular,4.4,2863,900,9.933,76.391
vaikom-temple,"Vaikom Temple",Kerala,Kerala,spiritual,Popular,4.6,1858,900,9.76667,76.4
aluva-mahadeva-temple,"Aluva Mahadeva Temple",Kerala,Kerala,spiritual,Popular,4.7,6901,900,10.116884,76.353596
ambalappuzha-sri-krishna-temple,"Ambalappuzha Sri Krishna Temple",Kerala,Kerala,spiritual,Popular,4.4,2713,900,9.3836,76.3695
tirunavaya-temple,"Tirunavaya Temple",Kerala,Kerala,spiritual,Popular,4.4,13387,900,10.8639,75.9822
st-mary-s-cathedral-pattom-trivandrum,"St. Mary's Cathedral, Pattom, Trivandrum",Kerala,Kerala,heritage,Popular,4.3,4473,900,8.526048,76.9381812
neyyar-wildlife-sanctuary,"Neyyar Wildlife Sanctuary",Kerala,Kerala,wildlife,Popular,4.3,19439,2500,8.4,77.16
aralam-wildlife-sanctuary,"Aralam Wildlife Sanctuary",Kerala,Kerala,wildlife,Popular,4.8,4264,2500,11.8788,75.8886
kollam-beach,"Kollam Beach",Kerala,Kerala,beach,Popular,4.8,16854,1200,8.87527,76.58927
cranganore-fort,"Cranganore Fort",Kerala,Kerala,heritage,Popular,4.5,12432,900,10.197,76.212
hosdurg-fort,"Hosdurg Fort",Kerala,Kerala,heritage,Popular,4.2,21067,900,12.309297,75.093801
madhur-temple,"Madhur Temple",Kerala,Kerala,spiritual,Popular,4.4,20975,900,12.5534891,75.0101819
abaya-pradhan-temple,"Abaya Pradhan Temple",Kerala,Kerala,spiritual,Popular,4.1,15320,900,10.78277778,76.18416667
valiya-koonambaikulam-temple,"Valiya Koonambaikulam temple",Kerala,Kerala,spiritual,Popular,4.6,9266,900,8.879166666,76.631944444
sreevallabha-temple-thiruvalla,"Sreevallabha Temple, Thiruvalla",Kerala,Kerala,spiritual,Popular,4.6,18358,900,9.37375,76.5626
amaramkavu,"Amaramkavu",Kerala,Kerala,spiritual,Popular,4.5,14013,900,9.9,76.72
aranmula-parthasarathy-temple,"Aranmula Parthasarathy Temple",Kerala,Kerala,spiritual,Popular,4.2,12346,900,9.32777778,76.68833333
arattupuzha-temple,"Arattupuzha Temple",Kerala,Kerala,spiritual,Popular,4.5,4104,900,10.418398,76.230039
kaviyoor-mahadeva-temple-kerala,"Kaviyoor Mahadeva Temple, Kerala",Kerala,Kerala,spiritual,Popular,4.3,2859,900,9.39638889,76.61055556
muthappan-temple,"Muthappan Temple",Kerala,Kerala,spiritual,Popular,4.5,3935,900,11.9825,75.4021
st-andrew-s-basilica-arthunkal,"St. Andrew's Basilica, Arthunkal",Kerala,Kerala,spiritual,Popular,4.7,18263,900,9.6611,76.3004
st-thomas-cathedral-pala,"St. Thomas Cathedral, Pala",Kerala,Kerala,heritage,Popular,4.1,17728,900,9.70687,76.6802
chimmini-wildlife-sanctuary,"Chimmini Wildlife Sanctuary",Kerala,Kerala,wildlife,Popular,4.5,13236,2500,10.438816,76.463417
pathampuzha,"Pathampuzha",Kerala,Kerala,heritage,Popular,4.1,5543,900,9.7551,76.64035
aruvikkuzhy-falls,"Aruvikkuzhy Falls",Kerala,Kerala,heritage,Popular,4.7,4427,900,9.37139,76.7109
shankumugham-beach,"Shankumugham Beach",Kerala,Kerala,beach,Popular,4.4,21049,1200,8.4811295,76.9123703
tellicherry-fort,"Tellicherry Fort",Kerala,Kerala,heritage,Popular,4.7,8742,900,11.74816722,75.4865445
anchuthengu-fort,"Anchuthengu Fort",Kerala,Kerala,heritage,Popular,4.4,12726,900,8.662675132,76.76448606
thrikkakara-temple,"Thrikkakara Temple",Kerala,Kerala,spiritual,Popular,4.5,6584,900,10.0356,76.33
panachikkadu-temple,"Panachikkadu Temple",Kerala,Kerala,spiritual,Popular,4.5,19903,900,9.537888888,76.552611111
sree-poornathrayeesa-temple,"Sree Poornathrayeesa Temple",Kerala,Kerala,spiritual,Popular,4.4,16386,900,9.94503,76.3422
thali-mahadeva-temple-kozhikode,"Thali Mahadeva temple, Kozhikode",Kerala,Kerala,spiritual,Popular,4.5,15676,900,11.2475,75.78722222
puramundekkadu-shri-mahadeva-temple,"Puramundekkadu Shri Mahadeva Temple",Kerala,Kerala,spiritual,Popular,4.3,4815,900,10.779164,76.0261631
perumparampu-sri-mahadeva-temple,"Perumparampu Sri Mahadeva Temple",Kerala,Kerala,spiritual,Popular,4.2,4941,900,10.803108,75.9958814
puttingal-temple,"Puttingal Temple",Kerala,Kerala,spiritual,Popular,4.5,17796,900,8.81262,76.6644
kottukal-cave-temple,"Kottukal cave temple",Kerala,Kerala,spiritual,Popular,4.2,20079,900,8.889583333,76.905166666
thiruvallam-parasurama-temple,"Thiruvallam Parasurama Temple",Kerala,Kerala,spiritual,Popular,4.3,6788,900,8.441611111,76.954944444
trichambaram-temple,"Trichambaram Temple",Kerala,Kerala,spiritual,Popular,4.5,14994,900,12.0314,75.3676
vellayani-devi-temple,"Vellayani Devi Temple",Kerala,Kerala,spiritual,Popular,4.7,8376,900,8.44556,76.9914
vilwadrinatha-temple,"Vilwadrinatha Temple",Kerala,Kerala,spiritual,Popular,4.5,3650,900,10.7406,76.4311
amaravila-rameswaram-sri-mahadeva-temple,"Amaravila Rameswaram Sri Mahadeva Temple",Kerala,Kerala,spiritual,Popular,4.6,11046,900,8.3980217,77.0933865
ashtamangalam-siva-temple,"Ashtamangalam Siva Temple",Kerala,Kerala,spiritual,Popular,4.4,6801,900,10.517986,76.186564
mannarasala-temple,"Mannarasala Temple",Kerala,Kerala,spiritual,Popular,4.3,20354,900,9.28975,76.445666666
koodalmanikyam-temple,"Koodalmanikyam Temple",Kerala,Kerala,spiritual,Popular,4.8,7960,900,10.34661,76.20108
madayi-kavu,"Madayi Kavu",Kerala,Kerala,spiritual,Popular,4.5,15234,900,12.03471944,75.26142778
kandiyoor-sree-mahadeva-temple,"Kandiyoor Sree Mahadeva Temple",Kerala,Kerala,spiritual,Popular,4.5,12594,900,9.25305556,76.52944444
manakkattu-devi-temple,"Manakkattu devi temple",Kerala,Kerala,spiritual,Popular,4.5,21059,900,9.257861111,76.481194444
puliyur-mahavishnu-temple,"Puliyur Mahavishnu Temple",Kerala,Kerala,spiritual,Popular,4.3,16556,900,9.30194444,76.58583333
ramapuram-alappuzha,"Ramapuram, Alappuzha",Kerala,Kerala,spiritual,Popular,4.4,3948,900,9.21666667,76.46666667
thrichittatt-maha-vishnu-temple,"Thrichittatt Maha Vishnu Temple",Kerala,Kerala,spiritual,Popular,4.6,13202,900,9.32667,76.6042
mangala-devi-temple,"Mangala Devi Temple",Kerala,Kerala,spiritual,Popular,4.1,19236,900,9.598055555,77.221944444
panniyur-sri-varahamoorthy-temple,"Panniyur Sri Varahamoorthy Temple",Kerala,Kerala,spiritual,Popular,4.4,2963,900,10.826861111,76.055277777
st-george-s-catholic-forane-church,"St. George's Catholic Forane Church",Kerala,Kerala,spiritual,Popular,4.4,14950,900,10.0219,76.3053
immaculate-heart-of-mary-cathedral,"Immaculate Heart of Mary Cathedral",Kerala,Kerala,heritage,Popular,4.3,5098,900,9.595688,76.537078
parumala-valiya-panayannarkavu-devi-temple,"Parumala Valiya Panayannarkavu Devi Temple",Kerala,Kerala,spiritual,Popular,4.4,14589,900,9.3323074,76.5372347
chulannur-peafowl-sanctuary,"Chulannur Peafowl Sanctuary",Kerala,Kerala,wildlife,Popular,4.6,18801,2500,10.714444444,76.472222222
thattekad-bird-sanctuary,"Thattekad Bird Sanctuary",Kerala,Kerala,wildlife,Popular,4.8,2454,2500,10.57,76.71
adyanpara-falls,"Adyanpara Falls",Kerala,Kerala,heritage,Popular,4.6,17747,900,11.35480833,76.20338333
perunthenaruvi-falls,"Perunthenaruvi Falls",Kerala,Kerala,heritage,Popular,4.7,10628,900,9.41314167,76.87630556
meenmutty-falls,"Meenmutty Falls",Kerala,Kerala,heritage,Popular,4.2,13157,900,11.728,75.886
marari-beach,"Marari Beach",Kerala,Kerala,beach,Popular,4.7,9755,1200,9.602527777,76.299877777
cherai-beach,"Cherai Beach",Kerala,Kerala,beach,Popular,4.4,18866,1200,10.142269444,76.178255555
alattiyur-hanuman-temple,"Alattiyur Hanuman Temple",Kerala,Kerala,spiritual,Popular,4.5,5927,900,10.8720401,75.9392639
dakshina-mookambika-temple-north-paravur,"Dakshina Mookambika Temple, North Paravur",Kerala,Kerala,spiritual,Popular,4.4,4592,900,10.146616,76.232001
ettumanoor-mahadevar-temple,"Ettumanoor Mahadevar Temple",Kerala,Kerala,spiritual,Popular,4.4,18203,900,9.67361111,76.56
iringol-kavu-temple,"Iringol Kavu Temple",Kerala,Kerala,spiritual,Popular,4.5,20393,900,10.109080555,76.500416666
kadampuzha-devi-temple,"Kadampuzha Devi Temple",Kerala,Kerala,spiritual,Popular,4.1,15633,900,10.94246,76.04453
kallil-temple,"Kallil Temple",Kerala,Kerala,spiritual,Popular,4.4,11181,900,10.063902429,76.545427864
cheranalloor-mahadeva-temple,"Cheranalloor Mahadeva Temple",Kerala,Kerala,spiritual,Popular,4.3,18252,900,10.178293,76.471724
chowara-chidambaraswamy-temple,"Chowara Chidambaraswamy Temple",Kerala,Kerala,spiritual,Popular,4.4,16224,900,10.1260531,76.3865039
thrikodithanam-mahavishnu-temple,"Thrikodithanam Mahavishnu Temple",Kerala,Kerala,spiritual,Popular,4.8,12531,900,9.438092,76.561998
pazhoor-perumthrikkovil,"Pazhoor Perumthrikkovil",Kerala,Kerala,spiritual,Popular,4.4,19870,900,9.885,76.4722
oachira-temple,"Oachira Temple",Kerala,Kerala,spiritual,Popular,4.3,18677,900,9.136,76.5102
poruvazhy-peruviruthy-malanada-temple,"Poruvazhy Peruviruthy Malanada Temple",Kerala,Kerala,spiritual,Popular,4.1,17134,900,9.10197,76.657147
thirunelli-temple,"Thirunelli Temple",Kerala,Kerala,spiritual,Popular,4.5,9574,900,11.9117,75.9958
vayalil-thrikkovil-mahavishnu-temple,"Vayalil Thrikkovil Mahavishnu Temple",Kerala,Kerala,spiritual,Popular,4.2,11317,900,8.82925,76.761194444
padanilam-parabrahma-temple,"Padanilam Parabrahma Temple",Kerala,Kerala,spiritual,Popular,4.7,16359,900,9.19,76.632
kadachira-sri-thrikkapalam-siva-temple,"Kadachira Sri Thrikkapalam Siva Temple",Kerala,Kerala,spiritual,Popular,4.7,13329,900,11.8258205,75.4611646
kottiyoor-temple,"Kottiyoor Temple",Kerala,Kerala,spiritual,Popular,4.1,8835,900,11.87285833,75.86088333
morkulangara-devi-temple,"Morkulangara Devi Temple",Kerala,Kerala,spiritual,Popular,4.6,18635,900,9.50138889,76.58472222
velloor-perunthatta-siva-temple,"Velloor Perunthatta Siva Temple",Kerala,Kerala,spiritual,Popular,4.5,13115,900,8.555207,76.961195
adithyapuram-sun-temple,"Adithyapuram Sun Temple",Kerala,Kerala,spiritual,Popular,4.5,3487,900,9.68194444,76.49972222
kidangoor-subramanya-swamy-temple,"Kidangoor Subramanya Swamy Temple",Kerala,Kerala,spiritual,Popular,4.2,19269,900,9.675555555,76.611388888
shatrughna-temple,"Shatrughna Temple",Kerala,Kerala,spiritual,Popular,4.8,17032,900,10.311821,76.189301
kokkamangalam-st-thomas-church,"Kokkamangalam St. Thomas Church",Kerala,Kerala,spiritual,Popular,4.4,13981,900,9.68273,76.3752
uthralikavu-pooram,"Uthralikavu Pooram",Kerala,Kerala,spiritual,Popular,4.3,3050,900,10.67251,76.263195
palakkavu-bhagavathi-temple,"Palakkavu Bhagavathi temple",Kerala,Kerala,spiritual,Popular,4.6,3070,900,8.765,76.68944444
thriprayar-ramaswamy-temple,"Thriprayar Ramaswamy Temple",Kerala,Kerala,spiritual,Popular,4.7,12097,900,10.41414514,76.11540688
adat-shiva-temple,"Adat Shiva Temple",Kerala,Kerala,spiritual,Popular,4.6,20769,900,10.544279,76.139841
kodungallur-bhagavathy-temple,"Kodungallur Bhagavathy Temple",Kerala,Kerala,spiritual,Popular,4.6,20412,900,10.226861111,76.198777777
cheruvathur-mahadeva-temple,"Cheruvathur Mahadeva Temple",Kerala,Kerala,spiritual,Popular,4.4,2550,900,10.658488,76.071957
chowalloor-siva-temple,"Chowalloor Siva Temple",Kerala,Kerala,spiritual,Popular,4.5,14881,900,10.605766,76.072823
kondazhy-tritham-tali-siva-temple,"Kondazhy Tritham Tali Siva Temple",Kerala,Kerala,spiritual,Popular,4.6,10235,900,10.7151981,76.4035008
pananchery-mudikkode-shiva-temple,"Pananchery Mudikkode Shiva Temple",Kerala,Kerala,spiritual,Popular,4.7,1922,900,10.556,76.308
choorakkottukavu-bhagavathy-temple,"Choorakkottukavu Bhagavathy Temple",Kerala,Kerala,spiritual,Popular,4.5,21227,900,10.559567,76.177383
iranikulam-mahadeva-temple,"Iranikulam Mahadeva Temple",Kerala,Kerala,spiritual,Popular,4.7,20092,900,10.204614,76.276013
pallimanna-siva-temple,"Pallimanna Siva Temple",Kerala,Kerala,spiritual,Popular,4.3,15726,900,10.673055555,76.2275
thrippalur-mahadeva-temple,"Thrippalur Mahadeva Temple",Kerala,Kerala,spiritual,Popular,4.3,4453,900,10.6436711,76.5677827
sree-indilayappan-temple,"Sree Indilayappan Temple",Kerala,Kerala,spiritual,Popular,4.5,19880,900,8.99333,76.8081
annamanada-mahadeva-temple,"Annamanada Mahadeva Temple",Kerala,Kerala,spiritual,Popular,4.6,8221,900,10.2348,76.331
annapurneshwari-temple-cherukunnu,"Annapurneshwari Temple, Cherukunnu",Kerala,Kerala,spiritual,Popular,4.6,5338,900,11.9885,75.301583333
chettikulangara-devi-temple,"Chettikulangara Devi Temple",Kerala,Kerala,spiritual,Popular,4.7,15873,900,9.227,76.517
cherthala-karthyayani-temple,"Cherthala Karthyayani Temple",Kerala,Kerala,spiritual,Popular,4.6,13521,900,9.686,76.3416
kattil-madam-temple-chalapuram,"Kattil Madam Temple, Chalapuram",Kerala,Kerala,spiritual,Popular,4.2,9671,900,10.77066667,76.15333333
nalpathaneeswaram-sree-mahadeva-temple,"Nalpathaneeswaram Sree Mahadeva Temple",Kerala,Kerala,spiritual,Popular,4.3,11458,900,9.8326925,76.3359927
kanichukulangara-devi-temple,"Kanichukulangara Devi Temple",Kerala,Kerala,spiritual,Popular,4.1,8473,900,9.628947861,76.313964395
st-george-syro-malabar-catholic-basilica-angamaly,"St. George Syro-Malabar Catholic Basilica, Angamaly",Kerala,Kerala,spiritual,Popular,4.6,6108,900,10.1906,76.3828
valliyamkavu-devi-temple,"Valliyamkavu Devi Temple",Kerala,Kerala,spiritual,Popular,4.3,19769,900,9.49539722,76.99794444
pattupurackal-bhagavathy-temple,"Pattupurackal Bhagavathy Temple",Kerala,Kerala,spiritual,Popular,4.8,5286,900,9.797944444,76.547722222
saint-thomas-syro-malabar-catholic-church-malayattoor,"Saint Thomas Syro-Malabar Catholic Church, Malayattoor",Kerala,Kerala,spiritual,Popular,4.7,2574,900,10.183333,76.5
pandalam-mahadeva-temple,"Pandalam Mahadeva Temple",Kerala,Kerala,spiritual,Popular,4.4,18301,900,9.237555555,76.66325
rektha-kanda-swamy-temple,"Rektha Kanda Swamy Temple",Kerala,Kerala,spiritual,Popular,4.5,3083,900,9.24974722,76.75843056
thrikkavu-temple,"Thrikkavu Temple",Kerala,Kerala,spiritual,Popular,4.4,5124,900,10.777888888,75.929777777
tirumanthamkunnu-temple,"Tirumanthamkunnu Temple",Kerala,Kerala,spiritual,Popular,4.1,8747,900,10.980222222,76.201777777
vadakkan-koyikkal-devi-temple-puthiyavila,"Vadakkan Koyikkal Devi Temple Puthiyavila",Kerala,Kerala,spiritual,Popular,4.5,17145,900,9.190333333,76.453861111
jain-temple-kidanganad,"Jain Temple, Kidanganad",Kerala,Kerala,spiritual,Popular,4.1,16666,900,11.66019575,76.25058758
marth-mariyam-major-archiepiscopal-church,"Marth Mariyam Major Archiepiscopal Church",Kerala,Kerala,spiritual,Popular,4.8,15852,900,9.754559,76.56467
thirupalkadal-sreekrishnaswamy-temple,"Thirupalkadal Sreekrishnaswamy Temple",Kerala,Kerala,spiritual,Popular,4.7,17114,900,8.774384,76.840324
thirumoozhikkulam-lakshmana-perumal-temple,"Thirumoozhikkulam Lakshmana Perumal Temple",Kerala,Kerala,spiritual,Popular,4.5,13697,900,10.1878,76.3278
thiruvanvandoor-mahavishnu-temple,"Thiruvanvandoor Mahavishnu Temple",Kerala,Kerala,spiritual,Popular,4.7,20479,900,9.34306,76.5797
aazhimala-shiva-temple,"Aazhimala Shiva Temple",Kerala,Kerala,spiritual,Popular,4.6,6870,900,8.356944444,77.011111111
mulavana-mahadevar-temple,"Mulavana Mahadevar Temple",Kerala,Kerala,spiritual,Popular,4.4,14350,900,8.9823442,76.6841133
uravappara-temple,"Uravappara Temple",Kerala,Kerala,spiritual,Popular,4.4,3551,900,9.91777778,76.79972222
ramapuram-sree-rama-temple,"Ramapuram Sree Rama Temple",Kerala,Kerala,spiritual,Popular,4.7,16883,900,9.76373056,76.68322222
kottankulangara-devi-temple-chavara,"Kottankulangara Devi Temple, Chavara",Kerala,Kerala,spiritual,Popular,4.4,19821,900,8.979722222,76.535
karimpuzha-wildlife-sanctuary,"Karimpuzha Wildlife Sanctuary",Kerala,Kerala,wildlife,Popular,4.4,18135,2500,11.3875,76.376944444
idukki-wildlife-sanctuary,"Idukki wildlife sanctuary",Kerala,Kerala,wildlife,Popular,4.4,18258,2500,9.780555555,76.966666666
thommankuthu,"Thommankuthu",Kerala,Kerala,heritage,Popular,4.3,10409,900,9.955555555,76.834722222
marmala-waterfall,"Marmala waterfall",Kerala,Kerala,heritage,Popular,4.3,3558,900,9.710833333,76.849027777
kumbhavurutty-waterfalls,"Kumbhavurutty Waterfalls",Kerala,Kerala,heritage,Popular,4.1,16171,900,9.08472222,77.17277778
aruvikkuzhi-waterfalls,"Aruvikkuzhi Waterfalls",Kerala,Kerala,heritage,Popular,4.3,18917,900,9.60333333,76.66722222
puthenthope-beach,"Puthenthope Beach",Kerala,Kerala,beach,Popular,4.3,6391,1200,8.57305556,76.83666667
puthiyakavu-devi-temple,"Puthiyakavu Devi Temple",Kerala,Kerala,spiritual,Popular,4.6,18186,900,9.5654973,76.7560479
lokanarkavu-temple,"Lokanarkavu Temple",Kerala,Kerala,spiritual,Popular,4.5,12903,900,11.59802,75.6198
pundareekapuram-temple,"Pundareekapuram Temple",Kerala,Kerala,spiritual,Popular,4.4,1664,900,9.79967,76.45524
thiruvaloor-mahadeva-temple,"Thiruvaloor Mahadeva temple",Kerala,Kerala,spiritual,Popular,4.4,7678,900,10.1187,76.3088
thaliyil-mahadeva-temple,"Thaliyil Mahadeva temple",Kerala,Kerala,spiritual,Popular,4.7,4529,900,9.596337083,76.506546104
nadapuram-iringannur-siva-temple,"Nadapuram Iringannur Siva Temple",Kerala,Kerala,spiritual,Popular,4.6,5554,900,11.7152932,75.6100905
tirunettur-mahadeva-temple,"Tirunettur Mahadeva Temple",Kerala,Kerala,spiritual,Popular,4.2,10329,900,9.928337,76.310361
mazhuvannur-maha-siva-kshethram,"Mazhuvannur Maha Siva Kshethram",Kerala,Kerala,spiritual,Popular,4.6,13978,900,11.7312,75.9885
valliyoorkkavu,"Valliyoorkkavu",Kerala,Kerala,spiritual,Popular,4.5,6742,900,11.804444444,76.029722222
varinjam-sree-subramanya-swamy-temple,"Varinjam Sree Subramanya Swamy Temple",Kerala,Kerala,spiritual,Popular,4.1,16445,900,8.8525,76.739444444
thrikkadavoor-mahadeva-temple,"Thrikkadavoor Mahadeva Temple",Kerala,Kerala,spiritual,Popular,4.7,11525,900,8.920277777,76.595
trithala-maha-siva-temple,"Trithala Maha Siva Temple",Kerala,Kerala,spiritual,Popular,4.4,3245,900,10.803769,76.137223
chirakkadavu-sree-mahadeva-temple,"Chirakkadavu Sree Mahadeva Temple",Kerala,Kerala,spiritual,Popular,4.5,16806,900,9.51666667,76.78333333
kodikkunnu-bhagavathy-temple,"Kodikkunnu Bhagavathy Temple",Kerala,Kerala,spiritual,Popular,4.6,11143,900,10.8317,76.1172
udayamperoor-perumthrikkovil-temple,"Udayamperoor Perumthrikkovil Temple",Kerala,Kerala,spiritual,Popular,4.5,12656,900,9.9203619,76.3612045
kanjilassery-maha-siva-temple,"Kanjilassery Maha Siva Temple",Kerala,Kerala,spiritual,Popular,4.2,6762,900,10.709321,76.240582
erumely-sree-dharmasastha-temple,"Erumely Sree Dharmasastha Temple",Kerala,Kerala,spiritual,Popular,4.3,13987,900,9.4710933,76.7650384
puliyannoor-mahadeva-temple,"Puliyannoor Mahadeva Temple",Kerala,Kerala,spiritual,Popular,4.6,21272,900,9.69861111,76.63305556
thiru-nayathode-siva-narayana-temple,"Thiru Nayathode Siva Narayana Temple",Kerala,Kerala,spiritual,Popular,4.7,18142,900,10.167011,76.403059
kadakkal-devi-temple,"Kadakkal Devi Temple",Kerala,Kerala,spiritual,Popular,4.7,16149,900,8.83328,76.92316
kottarakkara-sree-mahaganapathi-kshethram,"Kottarakkara Sree Mahaganapathi Kshethram",Kerala,Kerala,spiritual,Popular,4.8,18196,900,9.000888888,76.770083333
vattal-kurishu-palli,"Vattal Kurishu Palli",Kerala,Kerala,spiritual,Popular,4.6,9978,900,11.4091,75.9833
st-peter-and-st-paul-s-church-kolenchery,"St. Peter and St. Paul's Church, Kolenchery",Kerala,Kerala,spiritual,Popular,4.2,20001,900,9.978,76.4747
mahadeva-temple-kalanjoor,"Mahadeva Temple, Kalanjoor",Kerala,Kerala,spiritual,Popular,4.7,15042,900,9.121263,76.849778
trikkur-mahadeva-temple,"Trikkur Mahadeva Temple",Kerala,Kerala,spiritual,Popular,4.2,13906,900,10.461857015,76.270935712
muttichur-kallattupuzha-sri-maha-siva-temple,"Muttichur Kallattupuzha Sri Maha Siva Temple",Kerala,Kerala,spiritual,Popular,4.2,2846,900,10.448789,76.116471
thirumangalam-sree-maha-vishnu-siva-temple,"Thirumangalam Sree Maha Vishnu Siva Temple",Kerala,Kerala,spiritual,Popular,4.6,21301,900,10.505215,76.058743
mundayur-mahadeva-temple,"Mundayur Mahadeva Temple",Kerala,Kerala,spiritual,Popular,4.3,9769,900,10.5889392,76.1603538
sree-shivashakthi-mahaganapathi-temple,"Sree Shivashakthi Mahaganapathi temple",Kerala,Kerala,spiritual,Popular,4.8,7576,900,8.353305555,77.105111111
kainoor-shiva-temple,"Kainoor Shiva Temple",Kerala,Kerala,spiritual,Popular,4.3,2991,900,10.500289,76.277412
mahadeva-temple-avittathur,"Mahadeva Temple, Avittathur",Kerala,Kerala,spiritual,Popular,4.5,9328,900,10.334888888,76.245333333
thrikkunnathu-mahadeva-temple,"Thrikkunnathu Mahadeva Temple",Kerala,Kerala,spiritual,Popular,4.5,6721,900,10.479598,76.100289
chemmanthatta-mahadeva-temple,"Chemmanthatta Mahadeva Temple",Kerala,Kerala,spiritual,Popular,4.3,14530,900,10.64996988,76.11490388
kattakampal-temple,"Kattakampal Temple",Kerala,Kerala,spiritual,Popular,4.7,5459,900,10.6895174,76.0372204
panayur-palur-shiva-temple,"Panayur Palur Shiva Temple",Kerala,Kerala,spiritual,Popular,4.3,4052,900,10.7927571,76.3081598
thrikkariyoor-mahadeva-temple,"Thrikkariyoor Mahadeva Temple",Kerala,Kerala,spiritual,Popular,4.4,4231,900,10.084759,76.612658
anikkattilammakshethram,"Anikkattilammakshethram",Kerala,Kerala,spiritual,Popular,4.3,2936,900,9.457444444,76.677305555
chakkulathukavu-temple,"Chakkulathukavu Temple",Kerala,Kerala,spiritual,Popular,4.6,11857,900,9.3669,76.5142
mithranandapuram-vamanamoorthy-temple,"Mithranandapuram Vamanamoorthy Temple",Kerala,Kerala,spiritual,Popular,4.4,6769,900,10.446478,76.205465
neelamperoor-palli-bhagavathi-temple,"Neelamperoor Palli Bhagavathi Temple",Kerala,Kerala,spiritual,Popular,4.4,2729,900,9.496527777,76.505638888
sree-andalurkavu,"Sree Andalurkavu",Kerala,Kerala,spiritual,Popular,4.2,12258,900,11.794722222,75.477222222
thanikkudam-bhagavathi-temple,"Thanikkudam Bhagavathi Temple",Kerala,Kerala,spiritual,Popular,4.7,14414,900,10.573964,76.25958
karppillikkavu-sree-mahadeva-temple,"Karppillikkavu Sree Mahadeva Temple",Kerala,Kerala,spiritual,Popular,4.7,15495,900,10.2021,76.4525
kulathupuzha-sastha-temple,"Kulathupuzha Sastha Temple",Kerala,Kerala,spiritual,Popular,4.7,11507,900,8.900947002,77.059125159
achankovil-sastha-temple,"Achankovil Sastha Temple",Kerala,Kerala,spiritual,Popular,4.7,17887,900,9.091666666,77.121388888
pokkunny-siva-temple,"Pokkunny Siva Temple",Kerala,Kerala,spiritual,Popular,4.7,3828,900,10.6486063,76.7008835
parassala-mahadeva-temple,"Parassala Mahadeva Temple",Kerala,Kerala,spiritual,Popular,4.8,19156,900,8.340277777,77.153055555
vadeshwaram-temple,"Vadeshwaram Temple",Kerala,Kerala,spiritual,Popular,4.4,5837,900,11.9644637,75.3597305
our-lady-of-good-health-church-pattumala,"Our Lady of Good Health Church, Pattumala",Kerala,Kerala,spiritual,Popular,4.5,21491,900,9.579098,77.034446
st-mary-s-syro-malabar-catholic-church-arakuzha,"St. Mary's Syro-Malabar Catholic Church, Arakuzha",Kerala,Kerala,spiritual,Popular,4.4,7280,900,9.9286,76.608
st-mary-s-syro-malabar-catholic-forane-church-champakulam,"St. Mary's Syro-Malabar Catholic Forane Church, Champakulam",Kerala,Kerala,spiritual,Popular,4.7,18293,900,9.40917,76.4111
st-xavier-s-church-peyad,"St. Xavier's Church, Peyad",Kerala,Kerala,spiritual,Popular,4.6,15065,900,8.511944444,77.011388888
sree-bhuvaneswary-temple-valamchuzhy,"Sree Bhuvaneswary Temple, Valamchuzhy",Kerala,Kerala,spiritual,Popular,4.6,21249,900,9.260388888,76.799305555
vethalan-kavu-mahadeva-temple,"Vethalan Kavu Mahadeva Temple",Kerala,Kerala,spiritual,Popular,4.2,8354,900,9.138611111,76.538055555
thumpamon-vadakkumnatha-temple,"Thumpamon Vadakkumnatha Temple",Kerala,Kerala,spiritual,Popular,4.8,14917,900,9.229444444,76.710638888
nalukulangara-devi-temple,"Nalukulangara Devi Temple",Kerala,Kerala,spiritual,Popular,4.6,5574,900,9.780565112,76.304823255
elamgulam-sree-dharma-sastha-temple,"Elamgulam Sree Dharma Sastha Temple",Kerala,Kerala,spiritual,Popular,4.1,10293,900,9.594239339,76.73014083
panakkattodil-devi-temple,"Panakkattodil Devi Temple",Kerala,Kerala,spiritual,Popular,4.8,16338,900,8.96333333,76.56194444
st-mary-s-cathedral-punalur,"St. Mary's Cathedral, Punalur",Kerala,Kerala,heritage,Popular,4.1,7695,900,9.02277,76.9208
amunthirathu-devi-temple,"Amunthirathu Devi Temple",Kerala,Kerala,spiritual,Popular,4.5,9947,900,8.685111111,76.879
st-mary-s-syro-malabar-catholic-church-koratty,"St. Mary's Syro-Malabar Catholic Church, Koratty",Kerala,Kerala,spiritual,Popular,4.6,6164,900,10.2652263,76.3460262
st-elijah-orthodox-syrian-church-koduvila,"St. Elijah Orthodox Syrian Church, Koduvila",Kerala,Kerala,spiritual,Popular,4.2,11575,900,9.002222222,76.634444444
valiyakoikkal-temple,"Valiyakoikkal Temple",Kerala,Kerala,spiritual,Popular,4.1,5750,900,9.32,76.73
arthat-st-mary-s-cathedral,"Arthat St. Mary's Cathedral",Kerala,Kerala,heritage,Popular,4.4,17249,900,10.628992,76.056609
sri-nellikulangara-bhagavathi-temple,"Sri Nellikulangara Bhagavathi Temple",Kerala,Kerala,spiritual,Popular,4.7,11589,900,10.592485,76.603177
ponmeri-shiva-temple,"Ponmeri Shiva Temple",Kerala,Kerala,spiritual,Popular,4.4,15533,900,11.6305318,75.626868
kalarivathukkal-bhagavathy-temple,"Kalarivathukkal Bhagavathy Temple",Kerala,Kerala,spiritual,Popular,4.3,14444,900,11.92463056,75.35304167
kurinjimala-sanctuary,"Kurinjimala Sanctuary",Kerala,Kerala,wildlife,Popular,4.1,14993,2500,10.23,77.27
malabar-wildlife-sanctuary,"Malabar Wildlife Sanctuary",Kerala,Kerala,wildlife,Popular,4.6,6148,2500,11.4446,75.6935
vazhvanthol-waterfalls,"Vazhvanthol waterfalls",Kerala,Kerala,heritage,Popular,4.4,14272,900,8.674638888,77.163305555
valanjanganam-falls,"Valanjanganam Falls",Kerala,Kerala,heritage,Popular,4.2,16671,900,9.562777777,76.9775
keralamkundu-waterfalls,"Keralamkundu Waterfalls",Kerala,Kerala,heritage,Popular,4.6,6428,900,11.13234,76.38656
kattikkayam-falls,"Kattikkayam Falls",Kerala,Kerala,heritage,Popular,4.5,21019,900,9.775862294,76.808454125
areekkal-waterfalls,"Areekkal Waterfalls",Kerala,Kerala,heritage,Popular,4.2,10787,900,9.9185,76.537166666
lakkam-waterfalls,"Lakkam Waterfalls",Kerala,Kerala,heritage,Popular,4.7,14600,900,10.188888888,77.111111111
carmelagiri-elephant-park,"Carmelagiri Elephant Park",Kerala,Kerala,heritage,Popular,4.5,7689,900,10.095,77.099166666
mango-meadows,"Mango Meadows",Kerala,Kerala,heritage,Popular,4.8,2736,900,9.743777777,76.472111111
meenkunnu-beach,"Meenkunnu Beach",Kerala,Kerala,beach,Popular,4.4,7141,1200,11.912158,75.319733
mangottu-bhagavathi-temple,"Mangottu Bhagavathi Temple",Kerala,Kerala,spiritual,Popular,4.2,2266,900,10.688,76.485
meenkulathi-temple,"Meenkulathi Temple",Kerala,Kerala,spiritual,Popular,4.4,18458,900,10.635542,76.655556
anjumoorthy-temple,"Anjumoorthy Temple",Kerala,Kerala,spiritual,Popular,4.6,5463,900,10.777222222,76.573888888
karivellur-mahadeva-temple,"Karivellur Mahadeva Temple",Kerala,Kerala,spiritual,Popular,4.7,5358,900,12.172963,75.190189
shaktheeswaram-temple,"Shaktheeswaram Temple",Kerala,Kerala,spiritual,Popular,4.6,13397,900,9.709166666,76.325833333
manarcad-church,"Manarcad Church",Kerala,Kerala,spiritual,Popular,4.4,11681,900,9.599722,76.584444
kanimangalam-sastha-temple,"Kanimangalam Sastha Temple",Kerala,Kerala,spiritual,Popular,4.1,15180,900,10.488333333,76.2175
nedumpura-kulasekharanellur-shiva-temple,"Nedumpura Kulasekharanellur Shiva Temple",Kerala,Kerala,spiritual,Popular,4.5,6458,900,10.734638888,76.261694444
kootayanimoodu-chamundi-temple,"Kootayanimoodu chamundi temple",Kerala,Kerala,spiritual,Popular,4.2,19623,900,8.562805555,77.054888888
padanayarkulangara-mahadeva-temple,"Padanayarkulangara Mahadeva Temple",Kerala,Kerala,spiritual,Popular,4.5,8985,900,9.0454598,76.5496119
aluvamkudi-sree-mahadeva-temple,"Aluvamkudi Sree Mahadeva Temple",Kerala,Kerala,spiritual,Popular,4.1,9554,900,9.268055555,77.006111111
chammanad-devi-temple,"Chammanad devi temple",Kerala,Kerala,spiritual,Popular,4.1,21445,900,9.809305555,76.310888888
vazhappully-temple,"Vazhappully temple",Kerala,Kerala,spiritual,Popular,4.6,17025,900,10.368075,76.112005
st-george-forane-church-edathua,"St.George Forane Church, Edathua",Kerala,Kerala,spiritual,Popular,4.6,5831,900,9.367,76.4755
marthoman-cheriyapally-kothamangalam,"Marthoman Cheriyapally, Kothamangalam",Kerala,Kerala,spiritual,Popular,4.4,4628,900,10.0625,76.629
avanoor-sreekanteswaram-mahadeva-temple,"Avanoor Sreekanteswaram Mahadeva Temple",Kerala,Kerala,spiritual,Popular,4.6,9064,900,10.611441,76.176018
ootukulangara-bhagavathy-temple-peruvemba,"Ootukulangara Bhagavathy Temple, Peruvemba",Kerala,Kerala,spiritual,Popular,4.6,18891,900,10.706388888,76.691666666
padiyanoor-devi-temple,"Padiyanoor Devi Temple",Kerala,Kerala,spiritual,Popular,4.7,13660,900,8.536944444,77.086944444
nilakkal-sree-mahadeva-temple,"Nilakkal Sree Mahadeva Temple",Kerala,Kerala,spiritual,Popular,4.8,8517,900,9.389638888,77.012444444
changattu-sree-bhagavathy-temple,"Changattu Sree Bhagavathy Temple",Kerala,Kerala,spiritual,Popular,4.5,13633,900,8.74,76.8
sacred-heart-forane-church,"Sacred Heart Forane Church",Kerala,Kerala,spiritual,Popular,4.8,20102,900,11.3637769,76.0093859
mulanthuruthy-marthoman-church,"Mulanthuruthy Marthoman Church",Kerala,Kerala,spiritual,Popular,4.6,16407,900,11.175,75.9187
st-mary-s-forane-church-chalakudy,"St. Mary's Forane Church, Chalakudy",Kerala,Kerala,spiritual,Popular,4.2,6068,900,10.3025,76.33944444
st-mary-s-church-vechoor,"St. Mary's Church, Vechoor",Kerala,Kerala,spiritual,Popular,4.2,14040,900,9.65138889,76.42277778
st-mary-s-forane-church-edoor,"St. Mary's Forane Church Edoor",Kerala,Kerala,spiritual,Popular,4.5,14814,900,11.998,75.7262
st-marys-church-meenangadi,"St. Marys Church Meenangadi",Kerala,Kerala,spiritual,Popular,4.1,21212,900,11.65927222,76.16762222
mar-thoma-sleeha-church-thulappally,"Mar Thoma Sleeha Church Thulappally",Kerala,Kerala,spiritual,Popular,4.5,16159,900,9.42067,76.9664
ramapuram-church,"Ramapuram Church",Kerala,Kerala,spiritual,Popular,4.6,2117,900,9.7963542,76.6600227
st-francis-xavier-s-church-sampaloor,"St. Francis Xavier's Church, Sampaloor",Kerala,Kerala,spiritual,Popular,4.6,19690,900,10.26861111,76.29666667
dutch-church-munroe-island,"Dutch Church, Munroe Island",Kerala,Kerala,spiritual,Popular,4.1,3897,900,8.9815,76.60858
st-mary-s-church-marady,"St. Mary's Church, Marady",Kerala,Kerala,spiritual,Popular,4.7,5005,900,9.9547224,76.5679345
sri-rama-temple-ramapuram,"Sri Rama Temple, Ramapuram",Kerala,Kerala,spiritual,Popular,4.3,18822,900,10.998071,76.140875
avanavanchery-sri-indilayappan-temple,"Avanavanchery Sri Indilayappan Temple",Kerala,Kerala,spiritual,Popular,4.4,4978,900,8.69333333,76.83194444
chittoorkavu-devi-temple,"Chittoorkavu Devi Temple",Kerala,Kerala,spiritual,Popular,4.6,3744,900,10.703596,76.738697
eravikulangara-temple,"Eravikulangara Temple",Kerala,Kerala,spiritual,Popular,4.3,10663,900,10.1611,76.3739
kalamassery-mahaganapathy-temple,"Kalamassery Mahaganapathy Temple",Kerala,Kerala,spiritual,Popular,4.4,8480,900,10.0638,76.3226
manikandeswaram-uma-maheswara-temple,"Manikandeswaram Uma Maheswara temple",Kerala,Kerala,spiritual,Popular,4.6,10650,900,10.6538,76.0062
chennamangalam-temple,"Chennamangalam Temple",Kerala,Kerala,spiritual,Popular,4.8,11904,900,11.620789,75.584902
sree-balakrishna-swami-temple-kuzhuppilly,"Sree Balakrishna Swami Temple, Kuzhuppilly",Kerala,Kerala,spiritual,Popular,4.2,21039,900,10.11,76.202
kannamaly-church-ernakulam,"Kannamaly Church, Ernakulam",Kerala,Kerala,spiritual,Popular,4.7,19319,900,9.875555555,76.264444444
malayalapuzha-devi-temple,"Malayalapuzha Devi Temple",Kerala,Kerala,spiritual,Popular,4.3,14378,900,9.28812,76.822972
st-francis-xavier-s-church-pizhala,"St. Francis Xavier's Church, Pizhala",Kerala,Kerala,spiritual,Popular,4.3,20701,900,10.0479,76.2625
st-mary-s-church-vendore,"St Mary's Church, Vendore",Kerala,Kerala,spiritual,Popular,4.7,9558,900,10.4331056,76.2803145
bela-church,"Bela Church",Kerala,Kerala,spiritual,Popular,4.8,5518,900,12.587447222,75.022169444
sreenarayanapuram-temple,"Sreenarayanapuram Temple",Kerala,Kerala,spiritual,Popular,4.7,15743,900,8.742638888,76.769222222
thattayil-orippurathu-bhagavathy-kshetram,"Thattayil Orippurathu Bhagavathy Kshetram",Kerala,Kerala,spiritual,Popular,4.6,20744,900,9.20982,76.7355
thrissileri-mahadeva-temple,"Thrissileri Mahadeva Temple",Kerala,Kerala,spiritual,Popular,4.2,14167,900,11.851596,76.016596
anandeshwaram-mahadeva-temple,"Anandeshwaram Mahadeva Temple",Kerala,Kerala,spiritual,Popular,4.6,12772,900,9.334972222,76.373916666
karyat-sree-ayyappa-temple-vanimal,"Karyat Sree Ayyappa Temple Vanimal",Kerala,Kerala,spiritual,Popular,4.5,8636,900,11.7110935,75.6870049
st-francis-xavier-forane-church-velur,"St. Francis Xavier Forane Church, Velur",Kerala,Kerala,spiritual,Popular,4.2,17402,900,10.6401882,76.16565381
pazhakulam-punthalaveettil-temple,"Pazhakulam punthalaveettil temple",Kerala,Kerala,spiritual,Popular,4.5,1599,900,9.162138888,76.688194444
parthasarathy-temple-mundakkayam,"Parthasarathy Temple, Mundakkayam",Kerala,Kerala,spiritual,Popular,4.3,4545,900,9.58194444,76.83305556
oorali-appooppan-kavu,"Oorali Appooppan Kavu",Kerala,Kerala,spiritual,Popular,4.3,5448,900,9.192777777,76.903333333
pulimukham-devi-temple,"Pulimukham Devi Temple",Kerala,Kerala,spiritual,Popular,4.5,19075,900,9.093055555,76.553527777
konni-forest-division,"Konni Forest Division",Kerala,Kerala,heritage,Popular,4.6,21309,900,9.230555555,76.851944444
valara,"Valara",Kerala,Kerala,heritage,Popular,4.6,21354,900,10.31,76.4958
kannimara-teak,"Kannimara Teak",Kerala,Kerala,heritage,Popular,4.5,17882,900,10.433044,76.75048
pariyanempatta-bhagavathi-temple,"Pariyanempatta Bhagavathi Temple",Kerala,Kerala,spiritual,Popular,4.2,17140,900,10.8794,76.40309
mukkoottuthara-thiruvambadi-sree-krishaswami-temple,"Mukkoottuthara Thiruvambadi Sree Krishaswami Temple",Kerala,Kerala,spiritual,Popular,4.2,8469,900,9.44706389,76.87789167
mayannur-kavu-sri-kurumba-bagavathy-temple,"Mayannur Kavu Sri Kurumba Bagavathy Temple",Kerala,Kerala,spiritual,Popular,4.7,6738,900,10.754209,76.349445
st-bursouma-s-orthodox-church,"St. Bursouma's Orthodox Church",Kerala,Kerala,spiritual,Popular,4.2,4088,900,9.231824,76.636461
mezhuveli-temple,"Mezhuveli Temple",Kerala,Kerala,spiritual,Popular,4.4,20562,900,9.28805556,76.68861111
sri-gopalakrishna-temple-kumble,"Sri Gopalakrishna Temple Kumble",Kerala,Kerala,spiritual,Popular,4.3,11493,900,12.5949,74.9424
sree-madiyan-koolom-temple,"Sree Madiyan Koolom Temple",Kerala,Kerala,spiritual,Popular,4.4,14076,900,12.351944444,75.080833333
chelamattom-shree-krishna-swami-temple,"Chelamattom Shree Krishna Swami Temple",Kerala,Kerala,spiritual,Popular,4.7,9595,900,10.138650831,76.45425719
st-mary-s-orthodox-cathedral-puthencavu,"St. Mary's Orthodox Cathedral, Puthencavu",Kerala,Kerala,spiritual,Popular,4.2,13179,900,9.32068,76.6325
aruvithura-st-george-s-syro-malabar-catholic-forane-church,"Aruvithura St. George's Syro-Malabar Catholic Forane Church",Kerala,Kerala,spiritual,Popular,4.7,15293,900,9.68556,76.7778
st-thomas-church-thumpoly,"St. Thomas Church, Thumpoly",Kerala,Kerala,spiritual,Popular,4.3,20922,900,9.520319639,76.318520758
nariampara-puthiyakavu-devikshethram,"Nariampara Puthiyakavu Devikshethram",Kerala,Kerala,spiritual,Popular,4.5,13095,900,9.69583333,76.99638889
sasthamangalam-mahadevar-temple,"Sasthamangalam Mahadevar Temple",Kerala,Kerala,spiritual,Popular,4.2,15527,900,8.518534508,76.97388261
sree-kattayattu-bhagavathi-kshethram,"Sree Kattayattu Bhagavathi Kshethram",Kerala,Kerala,spiritual,Popular,4.8,16910,900,11.260024,76.905616
st-george-shrine-pilgrim-centre-kulathuvayal,"St George Shrine Pilgrim Centre Kulathuvayal",Kerala,Kerala,spiritual,Popular,4.4,5912,900,11.560277777,75.815833333
little-flower-forane-church-nilambur,"Little Flower Forane Church, Nilambur",Kerala,Kerala,spiritual,Popular,4.6,3554,900,11.2811,76.2332
kottekkad-temple,"Kottekkad Temple",Kerala,Kerala,spiritual,Popular,4.6,20315,900,10.789854,76.695916
kolathukara-shiva-temple,"Kolathukara shiva temple",Kerala,Kerala,spiritual,Popular,4.7,11628,900,8.5385,76.881805555
padayanivettom,"Padayanivettom",Kerala,Kerala,spiritual,Popular,4.2,3293,900,9.150361111,76.578805555
changankulangara-sri-mahadevar-temple,"Changankulangara Sri Mahadevar Temple",Kerala,Kerala,spiritual,Popular,4.7,8825,900,9.108836,76.52113
kannamcode-cathedral,"Kannamcode Cathedral",Kerala,Kerala,heritage,Popular,4.3,11698,900,9.1542,76.7387
st-joseph-s-syro-malabar-catholic-church-meenkunnam,"St. Joseph's Syro-Malabar Catholic Church, Meenkunnam",Kerala,Kerala,spiritual,Popular,4.7,10272,900,9.928888888,76.576666666
st-george-forane-church-kallody-wayanad,"St. George Forane Church Kallody, Wayanad",Kerala,Kerala,spiritual,Popular,4.8,6437,900,11.76555556,75.96138889
trikandiyur-mahadeva-temple,"Trikandiyur Mahadeva Temple",Kerala,Kerala,spiritual,Popular,4.6,12255,900,10.9054732,75.9230918
nilakkal-st-thomas-church,"Nilakkal St.Thomas Church",Kerala,Kerala,spiritual,Popular,4.4,17582,900,9.558772,76.57382
st-teresa-s-shrine-mahe,"St. Teresa’s Shrine, Mahé",Kerala,Kerala,spiritual,Popular,4.2,6665,900,11.70111084,75.53666687
st-thomas-orthodox-cathedral-thottomon-ranny,"St Thomas Orthodox Cathedral, Thottomon, Ranny",Kerala,Kerala,heritage,Popular,4.5,5889,900,9.370277777,76.779444444
basilica-of-our-lady-of-lourdes-chemperi,"Basilica of Our Lady of Lourdes, Chemperi",Kerala,Kerala,spiritual,Popular,4.1,2675,900,12.0940364,75.5423432
st-mary-s-jacobite-syrian-cathedral-church-karakunnam,"St. Mary's Jacobite Syrian Cathedral Church, Karakunnam",Kerala,Kerala,spiritual,Popular,4.4,13870,900,10.0024,76.6001
polur-temple-kozhikode,"Polur temple, Kozhikode",Kerala,Kerala,spiritual,Popular,4.2,2980,900,11.3133945,75.8387003
st-joseph-s-parish-shrine-pavaratty,"St. Joseph’s Parish Shrine, Pavaratty",Kerala,Kerala,spiritual,Popular,4.4,5376,900,10.563231,76.062865
madhur,"Madhur",Kerala,Kerala,spiritual,Popular,4.6,7126,900,12.5,75
bethel-marthoma-church,"Bethel Marthoma Church",Kerala,Kerala,spiritual,Popular,4.3,1748,900,9.2723,76.8537
st-john-the-baptist-jacobite-syrian-church-south-parur,"St. John The Baptist Jacobite Syrian Church, South Parur",Kerala,Kerala,spiritual,Popular,4.3,8768,900,9.863757999,76.381891097
st-nicholas-church,"St. Nicholas' Church",Kerala,Kerala,spiritual,Popular,4.3,2671,900,8.338067679,77.050359182
st-george-church-kalady,"St. George Church, Kalady",Kerala,Kerala,spiritual,Popular,4.3,4473,900,10.1659783,76.4352503
st-joseph-s-syro-malabar-catholic-church-chennamkary,"St. Joseph's Syro-Malabar Catholic Church, Chennamkary",Kerala,Kerala,spiritual,Popular,4.4,2533,900,9.45611111,76.39833333
holy-magi-syro-malabar-catholic-forane-church-muvattupuzha,"Holy Magi Syro-Malabar Catholic Forane Church, Muvattupuzha",Kerala,Kerala,spiritual,Popular,4.3,15798,900,9.980612619,76.581003507
kadammanittapally,"Kadammanittapally",Kerala,Kerala,spiritual,Popular,4.2,5711,900,9.3,76.76666667
st-antony-s-church-pazhuvil,"St. Antony's Church, Pazhuvil",Kerala,Kerala,spiritual,Popular,4.2,15859,900,10.4169669,76.156884
kadampanad-church,"Kadampanad Church",Kerala,Kerala,spiritual,Popular,4.1,8578,900,9.0945817,76.6882643
st-antony-s-church-kuninji,"St. Antony's Church, Kuninji",Kerala,Kerala,spiritual,Popular,4.1,11123,900,9.84748,76.64989
st-philomena-s-forane-church-koonammavu,"St.Philomena's Forane Church, Koonammavu",Kerala,Kerala,spiritual,Popular,4.2,15821,900,10.099901,76.265577
st-stanislaus-forane-church-mala,"St. Stanislaus Forane Church, Mala",Kerala,Kerala,spiritual,Popular,4.5,8126,900,10.2434404,76.2634311
st-mary-s-orthodox-church-avaneeswaram,"St. Mary's Orthodox Church, Avaneeswaram",Kerala,Kerala,spiritual,Popular,4.3,19090,900,9.0401,76.8545
holy-cross-shrine-mapranam,"Holy Cross Shrine Mapranam",Kerala,Kerala,spiritual,Popular,4.6,19290,900,10.380393014,76.226840927
nileshwar-muthappan-madappura,"Nileshwar Muthappan Madappura",Kerala,Kerala,spiritual,Popular,4.3,14376,900,12.25063,75.13005
hemis-national-park,"Hemis National Park",Ladakh,Ladakh,wildlife,Popular,4.3,5735,2500,33.983333333,77.433333333
thikse-monastery,"Thikse Monastery",Ladakh,Ladakh,spiritual,Popular,4.7,10955,900,34.05638889,77.66666667
diskit-monastery,"Diskit Monastery",Ladakh,Ladakh,hill_station,Popular,4.2,14555,1200,34.54111111,77.56027778
lamayuru-monastery,"Lamayuru Monastery",Ladakh,Ladakh,spiritual,Popular,4.4,11581,900,34.28277778,76.77444444
alchi-monastery,"Alchi Monastery",Ladakh,Ladakh,spiritual,Popular,4.5,10815,900,34.223611111,77.175277777
hemis-monastery,"Hemis Monastery",Ladakh,Ladakh,spiritual,Popular,4.8,21481,900,33.912475,77.70283333
karsha-monastery,"Karsha Monastery",Ladakh,Ladakh,spiritual,Popular,4.8,15694,900,33.533055555,76.905
likir-monastery,"Likir Monastery",Ladakh,Ladakh,spiritual,Popular,4.2,10308,900,34.18,77.15
tingmosgang-monastery,"Tingmosgang monastery",Ladakh,Ladakh,spiritual,Popular,4.5,6674,900,34.321944444,76.988055555
rizong-monastery,"Rizong Monastery",Ladakh,Ladakh,spiritual,Popular,4.2,6656,900,34.269167,77.107222
korzok-monastery,"Korzok Monastery",Ladakh,Ladakh,spiritual,Popular,4.8,16115,900,32.965758,78.253374
lingshed-monastery,"Lingshed Monastery",Ladakh,Ladakh,spiritual,Popular,4.1,12885,900,33.90751,76.82926
matho-monastery,"Matho Monastery",Ladakh,Ladakh,spiritual,Popular,4.4,14606,900,33.99888889,77.63083333
phyang-monastery,"Phyang Monastery",Ladakh,Ladakh,spiritual,Popular,4.2,19115,900,34.18638889,77.48944444
takthok-monastery,"Takthok Monastery",Ladakh,Ladakh,spiritual,Popular,4.3,12087,900,34.0053,77.8203
hanle-monastery,"Hanle Monastery",Ladakh,Ladakh,spiritual,Popular,4.8,6523,900,32.79027778,79.00055556
basgo-monastery,"Basgo Monastery",Ladakh,Ladakh,spiritual,Popular,4.6,7541,900,34.22,77.28
changthang-wildlife-sanctuary,"Changthang Wildlife Sanctuary",Ladakh,Ladakh,wildlife,Popular,4.4,19582,2500,33.43355,78.47771
stok-monastery,"Stok Monastery",Ladakh,Ladakh,spiritual,Popular,4.5,11680,900,34.065694444,77.542222222
bardan-monastery,"Bardan Monastery",Ladakh,Ladakh,spiritual,Popular,4.2,7315,900,33.39,76.91
zangla-khar,"Zangla Khar",Ladakh,Ladakh,heritage,Popular,4.8,7348,900,33.67,76.98
stakna-monastery,"Stakna Monastery",Ladakh,Ladakh,spiritual,Popular,4.2,2090,900,34.005,77.685277777
shey-monastery,"Shey Monastery",Ladakh,Ladakh,spiritual,Popular,4.2,16665,900,34.07583333,77.63527778
khurnak-fort,"Khurnak Fort",Ladakh,Ladakh,heritage,Popular,4.2,10137,900,33.7648645,78.9886308
mangyu-temple-complex,"Mangyu temple complex",Ladakh,Ladakh,spiritual,Popular,4.5,4814,900,34.233333333,77.054166666
bandhavgarh-national-park,"Bandhavgarh National Park",Madhya Pradesh,Madhya Pradesh,wildlife,Popular,4.1,1765,2500,23.69944444,80.96194444
omkareshwar-temple,"Omkareshwar Temple",Madhya Pradesh,Madhya Pradesh,spiritual,Popular,4.6,6156,900,22.245583333,76.151055555
pench-national-park,"Pench National Park",Madhya Pradesh,Madhya Pradesh,wildlife,Popular,4.2,2935,2500,21.6716,79.3033
bhojeshwar-temple,"Bhojeshwar Temple",Madhya Pradesh,Madhya Pradesh,spiritual,Popular,4.7,3949,900,23.1003,77.5797
asirgarh-fort,"Asirgarh Fort",Madhya Pradesh,Madhya Pradesh,heritage,Popular,4.5,13112,900,21.471072,76.293798
chachai-falls,"Chachai Falls",Madhya Pradesh,Madhya Pradesh,heritage,Popular,4.6,6407,900,24.791861111,81.302761111
dhuandhar-falls,"Dhuandhar Falls",Madhya Pradesh,Madhya Pradesh,heritage,Popular,4.2,4178,900,23.125,79.813
pandav-falls,"Pandav Falls",Madhya Pradesh,Madhya Pradesh,heritage,Popular,4.2,10004,900,24.73006,80.06714
van-vihar-national-park,"Van Vihar National Park",Madhya Pradesh,Madhya Pradesh,wildlife,Popular,4.3,8062,2500,23.22948,77.36977
chausath-yogini-temple-mitaoli,"Chausath Yogini Temple, Mitaoli",Madhya Pradesh,Madhya Pradesh,spiritual,Popular,4.5,16909,900,26.4368,78.2352
keoti-falls,"Keoti Falls",Madhya Pradesh,Madhya Pradesh,heritage,Popular,4.6,9885,900,24.816,81.453
kal-bhairav-temple,"Kal Bhairav temple",Madhya Pradesh,Madhya Pradesh,spiritual,Popular,4.6,9454,900,23.218174,75.768618
purwa-falls,"Purwa Falls",Madhya Pradesh,Madhya Pradesh,heritage,Popular,4.3,17981,900,24.783,81.265
raneh-falls,"Raneh Falls",Madhya Pradesh,Madhya Pradesh,heritage,Popular,4.4,1846,900,24.884,80.044
bahuti-falls,"Bahuti Falls",Madhya Pradesh,Madhya Pradesh,heritage,Popular,4.8,6182,900,24.7609,81.8289
pashupatinath-temple,"Pashupatinath Temple",Madhya Pradesh,Madhya Pradesh,spiritual,Popular,4.1,9252,900,24.05472222,75.07291667
gatha-falls,"Gatha Falls",Madhya Pradesh,Madhya Pradesh,heritage,Popular,4.2,11369,900,24.71398,80.094999
taj-mahal-palace,"Taj Mahal Palace",Madhya Pradesh,Madhya Pradesh,heritage,Popular,4.4,7077,900,23.2499,77.4167
bateshwar-hindu-temples,"Bateshwar Hindu temples",Madhya Pradesh,Madhya Pradesh,spiritual,Popular,4.7,17690,900,26.42571667,78.19633056
pench-tiger-reserve,"Pench Tiger Reserve",Madhya Pradesh,Madhya Pradesh,wildlife,Popular,4.7,4549,2500,21.69305556,79.24833333
chanderi-fort,"Chanderi Fort",Madhya Pradesh,Madhya Pradesh,heritage,Popular,4.8,15687,900,24.72,78.13
rajwada-palace,"Rajwada palace",Madhya Pradesh,Madhya Pradesh,heritage,Popular,4.6,5836,900,22.718439,75.855166
bawangaja,"Bawangaja",Madhya Pradesh,Madhya Pradesh,spiritual,Popular,4.4,14814,900,21.996,74.862
kakanmath-temple-sihoniya,"Kakanmath temple, Sihoniya",Madhya Pradesh,Madhya Pradesh,spiritual,Popular,4.8,9110,900,26.5849309,78.2485567
shiva-temple-bhumara,"Shiva temple, Bhumara",Madhya Pradesh,Madhya Pradesh,spiritual,Popular,4.4,3593,900,24.4285,80.64116
ratapani-tiger-reserve,"Ratapani Tiger Reserve",Madhya Pradesh,Madhya Pradesh,wildlife,Popular,4.5,12517,2500,22.918,77.722
patalpani-waterfall,"Patalpani waterfall",Madhya Pradesh,Madhya Pradesh,heritage,Popular,4.2,18292,900,22.5039,75.7987
aharji,"Aharji",Madhya Pradesh,Madhya Pradesh,spiritual,Popular,4.6,9423,900,24.75,79.14
tigawa-temple,"Tigawa Temple",Madhya Pradesh,Madhya Pradesh,spiritual,Popular,4.7,13990,900,23.690694444,80.066555555
gandhi-sagar-sanctuary,"Gandhi Sagar Sanctuary",Madhya Pradesh,Madhya Pradesh,wildlife,Popular,4.6,8452,2500,24.583,75.712
kheoni-wildlife-sanctuary,"Kheoni Wildlife Sanctuary",Madhya Pradesh,Madhya Pradesh,wildlife,Popular,4.7,10982,2500,22.8373,76.8765
gohad-fort,"Gohad Fort",Madhya Pradesh,Madhya Pradesh,heritage,Popular,4.6,12782,900,26.426111111,78.446944444
sabalgarh-fort,"Sabalgarh Fort",Madhya Pradesh,Madhya Pradesh,heritage,Popular,4.3,1931,900,26.241333333,77.405611111
jabalpur-madan-mahal,"Jabalpur Madan Mahal",Madhya Pradesh,Madhya Pradesh,heritage,Popular,4.1,19404,900,23.14832182,79.90157283
bijasan-mata-mandir-indore,"Bijasan mata mandir indore",Madhya Pradesh,Madhya Pradesh,spiritual,Popular,4.3,2179,900,22.73036,75.79827
national-chambal-sanctuary,"National Chambal Sanctuary",Madhya Pradesh,Madhya Pradesh,wildlife,Popular,4.6,17962,2500,26.768333333,78.644444444
champavati-fort,"Champavati Fort",Madhya Pradesh,Madhya Pradesh,heritage,Popular,4.2,10701,900,24.176666666,76.996111111
datia-palace,"Datia Palace",Madhya Pradesh,Madhya Pradesh,heritage,Popular,4.4,13382,900,25.673781,78.454182
hindola-mahal,"Hindola Mahal",Madhya Pradesh,Madhya Pradesh,heritage,Popular,4.2,20445,900,22.35696359,75.39289213
chaman-mahal,"Chaman Mahal",Madhya Pradesh,Madhya Pradesh,heritage,Popular,4.7,9664,900,23.357681,77.417875
shri-kala-bhairava-nath-swami-temple,"Shri Kala Bhairava Nath Swami Temple",Madhya Pradesh,Madhya Pradesh,spiritual,Popular,4.5,10442,900,22.617222222,79.487777777
sun-temple-madkhera,"Sun Temple, Madkhera",Madhya Pradesh,Madhya Pradesh,spiritual,Popular,4.6,4407,900,24.870083333,78.785305555
nava-toran-temple,"Nava Toran Temple",Madhya Pradesh,Madhya Pradesh,spiritual,Popular,4.3,11515,900,24.593,74.8175
bagalamukhi-temple,"Bagalamukhi Temple",Madhya Pradesh,Madhya Pradesh,spiritual,Popular,4.2,12477,900,23.840311,76.2367101
ghatigaon-sanctuary,"Ghatigaon Sanctuary",Madhya Pradesh,Madhya Pradesh,wildlife,Popular,4.4,16076,2500,26.05,77.93333333
deogarh-fort,"Deogarh Fort",Madhya Pradesh,Madhya Pradesh,heritage,Popular,4.4,13091,900,21.882777777,78.732777777
kaliadeh-palace,"Kaliadeh Palace",Madhya Pradesh,Madhya Pradesh,heritage,Popular,4.3,18316,900,23.249,75.778
hanumantal-bada-jain-mandir,"Hanumantal Bada Jain Mandir",Madhya Pradesh,Madhya Pradesh,spiritual,Popular,4.4,7107,900,23.1667,79.9333
bajramath-temple-gyaraspur,"Bajramath Temple, Gyaraspur",Madhya Pradesh,Madhya Pradesh,spiritual,Popular,4.2,19985,900,23.6626,78.11171944
christ-church-dr-ambedkar-nagar,"Christ Church, Dr.Ambedkar Nagar",Madhya Pradesh,Madhya Pradesh,spiritual,Popular,4.2,19133,900,22.560547,75.760394
siddhanath-temple-nemawar,"Siddhanath Temple, Nemawar",Madhya Pradesh,Madhya Pradesh,spiritual,Popular,4.4,17386,900,22.493138888,76.977916666
unao-balaji-sun-temple,"Unao Balaji Sun Temple",Madhya Pradesh,Madhya Pradesh,spiritual,Popular,4.4,3074,900,25.576154837,78.599761734
mohajmata-temple-terahi,"Mohajmata temple, Terahi",Madhya Pradesh,Madhya Pradesh,spiritual,Popular,4.4,19700,900,25.045666666,77.94925
dada-darbar,"Dada Darbar",Madhya Pradesh,Madhya Pradesh,spiritual,Popular,4.7,14235,900,21.81861111,76.33361111
virateshwar-temple-sohagpur,"Virateshwar temple, Sohagpur",Madhya Pradesh,Madhya Pradesh,spiritual,Popular,4.6,14827,900,23.32046662,81.35885963
adhyatma-niketan,"Adhyatma Niketan",Madhya Pradesh,Madhya Pradesh,heritage,Popular,4.2,18379,900,26.14,78.1
ralamandal-wildlife-sanctuary,"Ralamandal Wildlife Sanctuary",Madhya Pradesh,Madhya Pradesh,wildlife,Popular,4.7,5577,2500,22.6503,75.974
ken-gharial-sanctuary,"Ken Gharial Sanctuary",Madhya Pradesh,Madhya Pradesh,wildlife,Popular,4.3,11424,2500,24.890555555,80.076666666
veerangana-durgavati-wildlife-sanctuary,"Veerangana Durgavati Wildlife Sanctuary",Madhya Pradesh,Madhya Pradesh,wildlife,Popular,4.3,8110,2500,23.547,79.7286
son-gharial-wildlife-sanctuary,"Son Gharial Wildlife Sanctuary",Madhya Pradesh,Madhya Pradesh,wildlife,Popular,4.7,20082,2500,24.282934,81.45285
dinosaur-fossils-national-park,"Dinosaur Fossils National Park",Madhya Pradesh,Madhya Pradesh,wildlife,Popular,4.3,17961,2500,22.341,74.779
narsinghgarh-wildlife-sanctuary,"Narsinghgarh Wildlife Sanctuary",Madhya Pradesh,Madhya Pradesh,wildlife,Popular,4.8,14103,2500,23.625,77.0667
sardarpur-wildlife-sanctuary,"Sardarpur Wildlife Sanctuary",Madhya Pradesh,Madhya Pradesh,wildlife,Popular,4.4,21423,2500,22.7428,74.9138
fellowship-of-the-pentecostal-churches-in-india,"Fellowship of the Pentecostal Churches in India",Madhya Pradesh,Madhya Pradesh,spiritual,Popular,4.4,10211,900,22.62,77.75
gadarmal-devi-temple,"Gadarmal Devi temple",Madhya Pradesh,Madhya Pradesh,spiritual,Popular,4.7,8626,900,23.9182813,78.2224866
neelkantha-nilkantheswar,"Neelkantha (Nilkantheswar)",Madhya Pradesh,Madhya Pradesh,spiritual,Popular,4.1,3107,900,22.32673247,75.38997543
kailasa-temple-ellora,"Kailasa Temple, Ellora",Maharashtra,Maharashtra,spiritual,Popular,4.5,17543,900,20.02388889,75.17916667
raigad-fort,"Raigad Fort",Maharashtra,Maharashtra,heritage,Popular,4.5,14038,900,18.235352,73.445463
bhimashankar-temple,"Bhimashankar Temple",Maharashtra,Maharashtra,spiritual,Popular,4.3,19460,900,19.071944444,73.535833333
sanjay-gandhi-national-park,"Sanjay Gandhi National Park",Maharashtra,Maharashtra,wildlife,Popular,4.7,16070,2500,19.25,72.9167
shivneri-fort,"Shivneri Fort",Maharashtra,Maharashtra,heritage,Popular,4.6,10530,900,19.19664276,73.85900088
trimbakeshwar-shiva-temple,"Trimbakeshwar Shiva Temple",Maharashtra,Maharashtra,spiritual,Popular,4.6,5296,900,19.93224064,73.53069043
siddhivinayak-temple-mumbai,"Siddhivinayak Temple, Mumbai",Maharashtra,Maharashtra,spiritual,Popular,4.6,5947,900,19.01692,72.830409
aga-khan-palace,"Aga Khan Palace",Maharashtra,Maharashtra,heritage,Popular,4.3,16816,900,18.55240278,73.90152222
shaniwar-wada,"Shaniwar Wada",Maharashtra,Maharashtra,heritage,Popular,4.3,9012,900,18.51916667,73.85527778
murud-janjira,"Murud-Janjira",Maharashtra,Maharashtra,heritage,Popular,4.4,8808,900,18.299772222,72.964238888
hazur-sahib,"Hazur Sahib",Maharashtra,Maharashtra,heritage,Popular,4.4,13890,900,19.1528,77.319
mumba-devi-temple,"Mumba Devi Temple",Maharashtra,Maharashtra,spiritual,Popular,4.8,6749,900,18.95,72.83
fort-vasai,"Fort Vasai",Maharashtra,Maharashtra,heritage,Popular,4.3,12470,900,19.32987469,72.81460489
rajgad-fort,"Rajgad Fort",Maharashtra,Maharashtra,heritage,Popular,4.5,15072,900,18.2459862,73.6821929
sindhudurg-fort,"Sindhudurg Fort",Maharashtra,Maharashtra,heritage,Popular,4.2,14141,900,16.04199662,73.45985873
vithoba-temple,"Vithoba Temple",Maharashtra,Maharashtra,spiritual,Popular,4.7,20148,900,17.67,75.33
mahalakshmi-temple,"Mahalakshmi Temple",Maharashtra,Maharashtra,spiritual,Popular,4.3,5885,900,16.7,74.23333333
chandoli-national-park,"Chandoli National Park",Maharashtra,Maharashtra,wildlife,Popular,4.1,20860,2500,17.19166667,73.775
khanderi-island,"Khānderi Island",Maharashtra,Maharashtra,heritage,Popular,4.6,16793,900,18.7042,72.8131
harishchandragad,"Harishchandragad",Maharashtra,Maharashtra,heritage,Popular,4.2,9556,900,19.388239,73.77594
lenyadri,"Lenyadri",Maharashtra,Maharashtra,spiritual,Popular,4.6,3336,900,19.24277778,73.88555556
ahmednagar-fort,"Ahmednagar Fort",Maharashtra,Maharashtra,heritage,Popular,4.7,14939,900,19.095,74.755
panhala-fort,"Panhala Fort",Maharashtra,Maharashtra,heritage,Popular,4.8,2097,900,16.8088889,74.1091667
morgaon-ganesha-temple,"Morgaon Ganesha Temple",Maharashtra,Maharashtra,spiritual,Popular,4.1,10835,900,18.27605556,74.32138889
nawegaon-national-park,"Nawegaon National Park",Maharashtra,Maharashtra,wildlife,Popular,4.6,17307,2500,20.93333333,80.16666667
sinhagad,"Sinhagad",Maharashtra,Maharashtra,heritage,Popular,4.3,5908,900,18.36566389,73.75526944
harihar-fort,"Harihar Fort",Maharashtra,Maharashtra,heritage,Popular,4.3,16530,900,19.904972,73.472
daulatabad-fort,"Daulatabad Fort",Maharashtra,Maharashtra,heritage,Popular,4.1,14266,900,19.94454277,75.21718662
lohagad,"Lohagad",Maharashtra,Maharashtra,heritage,Popular,4.3,4403,900,18.70986111,73.47640833
pratapgad,"Pratapgad",Maharashtra,Maharashtra,heritage,Popular,4.5,18650,900,17.936224,73.577607
mount-mary-church,"Mount Mary Church",Maharashtra,Maharashtra,spiritual,Popular,4.5,9512,900,19.046666666,72.8225
aksa-beach,"Aksa Beach",Maharashtra,Maharashtra,beach,Popular,4.5,6436,1200,19.177275,72.79496667
arnala-fort,"Arnala Fort",Maharashtra,Maharashtra,heritage,Popular,4.7,19355,900,19.46577,72.73247
karnala-fort,"Karnala Fort",Maharashtra,Maharashtra,heritage,Popular,4.2,20989,900,18.88166667,73.11805556
torna-fort,"Torna Fort",Maharashtra,Maharashtra,heritage,Popular,4.2,9820,900,18.2761,73.6227
gawilghur-fort,"Gawilghur Fort",Maharashtra,Maharashtra,heritage,Popular,4.6,14672,900,21.3748,77.33970278
kopeshwar-temple,"Kopeshwar temple",Maharashtra,Maharashtra,spiritual,Popular,4.6,13265,900,16.7,74.68472222
walkeshwar-temple,"Walkeshwar Temple",Maharashtra,Maharashtra,spiritual,Popular,4.3,16847,900,18.945,72.794
kalaram-temple,"Kalaram Temple",Maharashtra,Maharashtra,spiritual,Popular,4.2,18434,900,20.006906,73.795551
amboli,"Amboli",Maharashtra,Maharashtra,hill_station,Popular,4.4,7748,1200,15.9625,73.997777777
belapur-fort,"Belapur Fort",Maharashtra,Maharashtra,heritage,Popular,4.3,16865,900,19.005524,73.028403
suvarnadurg-fort,"Suvarnadurg Fort",Maharashtra,Maharashtra,heritage,Popular,4.4,2635,900,17.816874,73.084448
dongri-fort,"Dongri Fort",Maharashtra,Maharashtra,heritage,Popular,4.7,15242,900,19.3092806,72.7922
kolaba-fort,"Kolaba Fort",Maharashtra,Maharashtra,heritage,Popular,4.1,15434,900,18.63428056,72.86416944
vajreshwari-temple,"Vajreshwari Temple",Maharashtra,Maharashtra,spiritual,Popular,4.8,1589,900,19.4867,73.0258
karnala-bird-sanctuary,"Karnala Bird Sanctuary",Maharashtra,Maharashtra,wildlife,Popular,4.6,5625,2500,18.90861111,73.1025
jijamata-udyaan,"Jijamata Udyaan",Maharashtra,Maharashtra,wildlife,Popular,4.7,10559,2500,18.9781154,72.8367457
rajiv-gandhi-zoological-park,"Rajiv Gandhi Zoological Park",Maharashtra,Maharashtra,wildlife,Popular,4.6,13753,2500,18.4529061,73.8611752
rajmachi-fort,"Rajmachi Fort",Maharashtra,Maharashtra,heritage,Popular,4.3,15789,900,18.83059701,73.39503896
alang-fort,"Alang Fort",Maharashtra,Maharashtra,heritage,Popular,4.1,3141,900,19.5827,73.6612
ajinkyatara-fort,"Ajinkyatara Fort",Maharashtra,Maharashtra,heritage,Popular,4.5,6244,900,17.672361111,73.995388888
riwa-fort,"Riwa Fort",Maharashtra,Maharashtra,heritage,Popular,4.3,12483,900,19.051107746,72.859982225
udgir-fort,"Udgir Fort",Maharashtra,Maharashtra,heritage,Popular,4.4,11228,900,18.4028,77.1178
purandar-fort,"Purandar Fort",Maharashtra,Maharashtra,heritage,Popular,4.5,10697,900,18.28333333,73.98333333
afghan-church,"Afghan Church",Maharashtra,Maharashtra,spiritual,Popular,4.8,16794,900,18.903648,72.815076
amruteshwar-temple,"Amruteshwar Temple",Maharashtra,Maharashtra,spiritual,Popular,4.4,3686,900,19.5177359,73.7229797
madh-fort,"Madh Fort",Maharashtra,Maharashtra,heritage,Popular,4.7,20298,900,19.13228333,72.79478611
naldurg-fort,"Naldurg Fort",Maharashtra,Maharashtra,heritage,Popular,4.4,16136,900,17.82,76.3
ghodbunder-fort,"Ghodbunder Fort",Maharashtra,Maharashtra,heritage,Popular,4.7,12318,900,19.2962,72.8883
akola-fort,"Akola Fort",Maharashtra,Maharashtra,heritage,Popular,4.4,7970,900,20.706225,76.99001944
asheri-fort,"Asheri Fort",Maharashtra,Maharashtra,heritage,Popular,4.4,5743,900,19.82041667,72.92111111
kaldurg-fort,"Kaldurg Fort",Maharashtra,Maharashtra,heritage,Popular,4.1,9325,900,19.6913,72.817
vijaydurg-fort,"Vijaydurg Fort",Maharashtra,Maharashtra,heritage,Popular,4.7,9233,900,16.560833,73.333333
st-patrick-s-cathedral-pune,"St. Patrick's Cathedral, Pune",Maharashtra,Maharashtra,heritage,Popular,4.2,10579,900,18.5088,73.8982
saptashrungi,"Saptashrungi",Maharashtra,Maharashtra,spiritual,Popular,4.4,17828,900,20.39027778,73.90861111
siddhivinayak-temple-siddhatek,"Siddhivinayak Temple, Siddhatek",Maharashtra,Maharashtra,spiritual,Popular,4.6,6936,900,18.44411389,74.72625833
bhimashankar-wildlife-sanctuary,"Bhimashankar Wildlife Sanctuary",Maharashtra,Maharashtra,wildlife,Popular,4.2,14639,2500,19.132,73.554
koyna-wildlife-sanctuary,"Koyna Wildlife Sanctuary",Maharashtra,Maharashtra,wildlife,Popular,4.1,2622,2500,17.549,73.753
phansad-wildlife-sanctuary,"Phansad Wildlife Sanctuary",Maharashtra,Maharashtra,wildlife,Popular,4.8,11000,2500,18.344111111,73.059083333
nandur-madhmeshwar-bird-sanctuary,"Nandur Madhmeshwar Bird Sanctuary",Maharashtra,Maharashtra,wildlife,Popular,4.5,12902,2500,20.0079,74.0073
dabhosa-waterfalls,"Dabhosa Waterfalls",Maharashtra,Maharashtra,heritage,Popular,4.4,10646,900,20.003888888,73.206833333
tikona,"Tikona",Maharashtra,Maharashtra,heritage,Popular,4.3,19492,900,18.6317,73.5128
laling-fort,"Laling Fort",Maharashtra,Maharashtra,heritage,Popular,4.5,17434,900,20.48,74.44
kavnai-fort,"Kavnai Fort",Maharashtra,Maharashtra,heritage,Popular,4.5,9008,900,19.773083,73.619389
ghosalegad-fort,"Ghosalegad Fort",Maharashtra,Maharashtra,heritage,Popular,4.4,10509,900,18.36406944,73.09115556
ballarpur-fort,"Ballarpur Fort",Maharashtra,Maharashtra,heritage,Popular,4.2,15409,900,19.850836111,79.341875
jaigad-fort,"Jaigad Fort",Maharashtra,Maharashtra,heritage,Popular,4.3,12876,900,17.30211502,73.22090282
paranda-fort,"Paranda Fort",Maharashtra,Maharashtra,heritage,Popular,4.5,9347,900,18.27012233,75.453193988
achala-fort,"Achala Fort",Maharashtra,Maharashtra,heritage,Popular,4.4,21499,900,20.43172222,73.81525
mahuli-fort,"Mahuli Fort",Maharashtra,Maharashtra,heritage,Popular,4.2,18915,900,19.48135,73.24927222
prabalgad,"Prabalgad",Maharashtra,Maharashtra,heritage,Popular,4.2,11859,900,18.971194444,73.225294444
narnala-fort,"Narnala Fort",Maharashtra,Maharashtra,heritage,Popular,4.4,4809,900,21.241205561,77.027336111
korlai-fort,"Korlai Fort",Maharashtra,Maharashtra,heritage,Popular,4.5,9899,900,18.53583333,72.90805556
mangi-tungi,"Mangi-Tungi",Maharashtra,Maharashtra,spiritual,Popular,4.6,3472,900,20.58,74.22
shiv-mandir-ambarnath,"Shiv Mandir, Ambarnath",Maharashtra,Maharashtra,spiritual,Popular,4.6,6505,900,19.1986181,73.17664275
chaturshringi-temple,"Chaturshringi Temple",Maharashtra,Maharashtra,spiritual,Popular,4.6,20649,900,18.53898889,73.82822222
tulja-bhavani-temple,"Tulja Bhavani Temple",Maharashtra,Maharashtra,spiritual,Popular,4.8,17860,900,18.0114,76.1256
vigneshwara-temple-ozar,"Vigneshwara Temple, Ozar",Maharashtra,Maharashtra,spiritual,Popular,4.6,20315,900,19.1881,73.9596
yamai-temple,"Yamai Temple",Maharashtra,Maharashtra,spiritual,Popular,4.3,17472,900,17.5420427,74.3316205
bor-wildlife-sanctuary,"Bor Wildlife Sanctuary",Maharashtra,Maharashtra,wildlife,Popular,4.2,11153,2500,20.9775,78.67583333
dugarwadi-waterfall,"Dugarwadi waterfall",Maharashtra,Maharashtra,heritage,Popular,4.6,7986,900,19.9406,73.4684
yawal-wildlife-sanctuary,"Yawal Wildlife Sanctuary",Maharashtra,Maharashtra,wildlife,Popular,4.4,19850,2500,21.382,75.876
pandavkada-falls,"Pandavkada Falls",Maharashtra,Maharashtra,heritage,Popular,4.6,10560,900,19.056680555,73.063030555
avchitgad,"Avchitgad",Maharashtra,Maharashtra,heritage,Popular,4.5,14573,900,18.475,73.11833333
kandhar-fort,"Kandhar Fort",Maharashtra,Maharashtra,heritage,Popular,4.6,11300,900,18.9005,77.2014
antur-fort,"Antur Fort",Maharashtra,Maharashtra,heritage,Popular,4.2,7919,900,20.427345,75.236017
ankai-fort,"Ankai Fort",Maharashtra,Maharashtra,heritage,Popular,4.6,10230,900,20.18722222,74.44763889
ghangad,"Ghangad",Maharashtra,Maharashtra,heritage,Popular,4.2,4964,900,18.54575,73.359583
hadsar,"Hadsar",Maharashtra,Maharashtra,heritage,Popular,4.4,3462,900,19.270306,73.802583
dhodap-fort,"Dhodap Fort",Maharashtra,Maharashtra,heritage,Popular,4.4,15549,900,20.47777778,73.925
kamalgad,"Kamalgad",Maharashtra,Maharashtra,heritage,Popular,4.2,7441,900,17.96727778,73.74519444
malanggad,"Malanggad",Maharashtra,Maharashtra,heritage,Popular,4.2,8719,900,19.110055555,73.178194444
sajjangad,"Sajjangad",Maharashtra,Maharashtra,heritage,Popular,4.7,2750,900,17.64956298,73.91216813
indrai-fort,"Indrai Fort",Maharashtra,Maharashtra,heritage,Popular,4.3,7296,900,20.361333333,74.209305555
kamandurg,"Kamandurg",Maharashtra,Maharashtra,heritage,Popular,4.7,5227,900,19.3825,72.95638889
malegaon-fort,"Malegaon Fort",Maharashtra,Maharashtra,heritage,Popular,4.7,6357,900,20.54538889,74.52988889
anjanvel-fort,"Anjanvel Fort",Maharashtra,Maharashtra,heritage,Popular,4.6,18436,900,17.57147222,73.15180556
bankot-fort,"Bankot Fort",Maharashtra,Maharashtra,heritage,Popular,4.5,5171,900,17.97322222,73.04252778
akluj-fort,"Akluj Fort",Maharashtra,Maharashtra,heritage,Popular,4.7,12674,900,17.89419444,75.02269444
mahur-fort,"Mahur Fort",Maharashtra,Maharashtra,heritage,Popular,4.7,7101,900,19.835972222,77.925694444
jivdhan,"Jivdhan",Maharashtra,Maharashtra,heritage,Popular,4.4,17880,900,19.2774432,73.6867189
kothaligad,"Kothaligad",Maharashtra,Maharashtra,heritage,Popular,4.7,20833,900,18.99209614,73.51240342
tung-fort,"Tung Fort",Maharashtra,Maharashtra,heritage,Popular,4.5,16384,900,18.6603,73.4631
irshalgad,"Irshalgad",Maharashtra,Maharashtra,heritage,Popular,4.2,9743,900,18.933568,73.232031
talagad,"Talagad",Maharashtra,Maharashtra,heritage,Popular,4.1,10630,900,18.292475,73.135553
galna-fort,"Galna Fort",Maharashtra,Maharashtra,heritage,Popular,4.5,9562,900,20.7733387,74.5333314
siddheshwar-temple-solapur,"Siddheshwar Temple, Solapur",Maharashtra,Maharashtra,spiritual,Popular,4.8,20109,900,17.67277778,75.90444444
chintamani-temple-theur,"Chintamani Temple, Theur",Maharashtra,Maharashtra,spiritual,Popular,4.7,10325,900,18.52379722,74.04628333
shri-dev-rameshwar-temple,"Shri Dev Rameshwar Temple",Maharashtra,Maharashtra,spiritual,Popular,4.6,18548,900,16.074444444,73.668611111
mahalakshmi-temple-dahanu,"Mahalakshmi Temple, Dahanu",Maharashtra,Maharashtra,spiritual,Popular,4.6,3559,900,19.94073,72.93453
shri-vaijnath-temple,"Shri Vaijnath Temple",Maharashtra,Maharashtra,spiritual,Popular,4.2,6817,900,18.84277222,76.53539444
khandoba-temple-jejuri,"Khandoba Temple, Jejuri",Maharashtra,Maharashtra,spiritual,Popular,4.6,9750,900,18.272384283,74.160417648
aundha-nagnath-temple,"Aundha Nagnath Temple",Maharashtra,Maharashtra,spiritual,Popular,4.7,9558,900,19.537087,77.041508
mayureshwar-wildlife-sanctuary,"Mayureshwar Wildlife Sanctuary",Maharashtra,Maharashtra,wildlife,Popular,4.2,11911,2500,18.335,74.37083333
sahasrakund-waterfall,"Sahasrakund Waterfall",Maharashtra,Maharashtra,heritage,Popular,4.2,13527,900,19.2708,78.002
hazara-falls,"Hazara Falls",Maharashtra,Maharashtra,heritage,Popular,4.7,14209,900,21.2791717,80.5720238
devkund-waterfall,"Devkund Waterfall",Maharashtra,Maharashtra,heritage,Popular,4.5,4242,900,18.4775,73.408611111
kanchana-fort,"Kanchana Fort",Maharashtra,Maharashtra,heritage,Popular,4.7,13710,900,20.3756131,74.112922
korigad,"Korigad",Maharashtra,Maharashtra,heritage,Popular,4.6,10395,900,18.62027778,73.38611111
fort-mangad,"Fort Mangad",Maharashtra,Maharashtra,heritage,Popular,4.5,18017,900,18.3121,73.3509
hatgadh-fort,"Hatgadh Fort",Maharashtra,Maharashtra,heritage,Popular,4.2,11624,900,20.5424,73.7603
birwadi-fort,"Birwadi Fort",Maharashtra,Maharashtra,heritage,Popular,4.5,11711,900,18.42446056,73.04131125
kankrala,"Kankrala",Maharashtra,Maharashtra,heritage,Popular,4.2,16705,900,20.706666666,74.486611111
dronagiri-fort,"Dronagiri Fort द्रौणपुर रियासत",Maharashtra,Maharashtra,heritage,Popular,4.6,14507,900,18.866958,72.935885
mora-fort,"Mora fort",Maharashtra,Maharashtra,heritage,Popular,4.6,13137,900,20.753083333,74.066638888
bhaskargad,"Bhaskargad",Maharashtra,Maharashtra,heritage,Popular,4.5,7840,900,19.903972222,73.430666666
bhushangad,"Bhushangad",Maharashtra,Maharashtra,heritage,Popular,4.3,3354,900,17.4648,74.4063
shirgaon-fort,"Shirgaon Fort",Maharashtra,Maharashtra,heritage,Popular,4.7,2742,900,19.69616667,72.7135
dategad,"Dategad",Maharashtra,Maharashtra,heritage,Popular,4.8,2971,900,17.379249,73.864191
kelve-fort,"Kelve Fort",Maharashtra,Maharashtra,heritage,Popular,4.1,8971,900,19.618083,72.728278
gorakhgad,"Gorakhgad",Maharashtra,Maharashtra,heritage,Popular,4.1,20867,900,19.19219444,73.54077778
chandwad-fort,"Chandwad Fort",Maharashtra,Maharashtra,heritage,Popular,4.2,6864,900,20.33683333,74.25916667
ahivant-fort,"Ahivant Fort",Maharashtra,Maharashtra,heritage,Popular,4.2,7665,900,20.41544444,73.86
avandha-fort,"Avandha Fort",Maharashtra,Maharashtra,heritage,Popular,4.2,5510,900,19.746333333,73.837166666
bharatgad,"Bharatgad",Maharashtra,Maharashtra,heritage,Popular,4.2,10760,900,16.171027777,73.498666666
bahadur-fort,"Bahadur Fort",Maharashtra,Maharashtra,heritage,Popular,4.2,13007,900,18.507952777,74.704133333
devgad-fort,"Devgad Fort",Maharashtra,Maharashtra,heritage,Popular,4.5,6847,900,16.387139,73.37225
kohoj,"Kohoj",Maharashtra,Maharashtra,heritage,Popular,4.5,8862,900,19.6700315,72.9875099
gambhirgad,"Gambhirgad",Maharashtra,Maharashtra,heritage,Popular,4.7,3789,900,20.055083333,73.050416666
dativare-fort,"Dativare Fort",Maharashtra,Maharashtra,heritage,Popular,4.3,10434,900,19.51417,72.77222
bhavangad-fort,"Bhavangad Fort",Maharashtra,Maharashtra,heritage,Popular,4.3,20468,900,19.584278,72.746639
manikgad,"Manikgad",Maharashtra,Maharashtra,heritage,Popular,4.8,7711,900,18.825916666,73.193027777
yeshwantgad,"Yeshwantgad",Maharashtra,Maharashtra,heritage,Popular,4.5,13397,900,16.6297,73.357252777
balapur-fort,"Balapur Fort",Maharashtra,Maharashtra,heritage,Popular,4.2,4225,900,20.67025556,76.77369722
padmadurg,"Padmadurg",Maharashtra,Maharashtra,heritage,Popular,4.2,5549,900,18.322135,72.932755
st-john-the-baptist-church-mumbai,"St. John the Baptist Church, Mumbai",Maharashtra,Maharashtra,spiritual,Popular,4.6,4362,900,19.194967,72.975816
markanda-group-of-temples-gadchiroli,"Markanda Group of Temples, Gadchiroli",Maharashtra,Maharashtra,spiritual,Popular,4.7,19792,900,19.99462176,79.86650445
baneshwar-temple-nasrapur,"Baneshwar temple, Nasrapur",Maharashtra,Maharashtra,spiritual,Popular,4.2,7623,900,18.255666666,73.874222222
dashabhuja-temple,"Dashabhuja Temple",Maharashtra,Maharashtra,spiritual,Popular,4.3,7338,900,18.50577778,73.8258
mandhardevi-kalubai-temple,"Mandhardevi Kalubai temple",Maharashtra,Maharashtra,spiritual,Popular,4.5,8617,900,18.0467235,73.8754768
shri-kaleshwar-mandir,"Shri Kaleshwar Mandir",Maharashtra,Maharashtra,spiritual,Popular,4.3,20233,900,16.00305556,73.63694444
siddhivinayak-mahaganapati-temple,"Siddhivinayak Mahaganapati Temple",Maharashtra,Maharashtra,spiritual,Popular,4.2,7367,900,19.30055556,73.22166667
gondeshwar-temple,"Gondeshwar Temple",Maharashtra,Maharashtra,spiritual,Popular,4.7,21407,900,19.85134722,74.00198333
trivikrama-temple,"Trivikrama Temple",Maharashtra,Maharashtra,spiritual,Popular,4.7,7094,900,18.319444444,76.141666666
balaji-mandir-ketkawla,"Balaji Mandir Ketkawla",Maharashtra,Maharashtra,spiritual,Popular,4.4,2108,900,18.256573,73.93264
gajpanth,"Gajpanth",Maharashtra,Maharashtra,spiritual,Popular,4.4,5895,900,20.0630539,73.7924618
great-indian-bustard-sanctuary,"Great Indian Bustard Sanctuary",Maharashtra,Maharashtra,wildlife,Popular,4.2,2642,2500,18.35,75.19388889
sagareshwar-wildlife-sanctuary,"Sagareshwar Wildlife Sanctuary",Maharashtra,Maharashtra,wildlife,Popular,4.3,1728,2500,17.153213,74.37673
vajrai-waterfall,"Vajrai Waterfall",Maharashtra,Maharashtra,heritage,Popular,4.6,17986,900,17.709,73.815
nagzira-wildlife-sanctuary,"Nagzira Wildlife Sanctuary",Maharashtra,Maharashtra,wildlife,Popular,4.7,9519,2500,21.243942,79.985962
aner-dam-wildlife-sanctuary,"Aner Dam Wildlife Sanctuary",Maharashtra,Maharashtra,wildlife,Popular,4.6,20082,2500,21.35,75.0225
tansa-wildlife-sanctuary,"Tansa Wildlife Sanctuary",Maharashtra,Maharashtra,wildlife,Popular,4.7,3640,2500,19.545,73.265
ghodazari-wildlife-sanctuary,"Ghodazari Wildlife Sanctuary",Maharashtra,Maharashtra,wildlife,Popular,4.4,19420,2500,20.5347429,79.6332774
umred-karhandla-wildlife-sanctuary,"Umred Karhandla Wildlife Sanctuary",Maharashtra,Maharashtra,wildlife,Popular,4.7,9218,2500,20.83555556,79.51111111
maharajbagh-zoo,"Maharajbagh zoo",Maharashtra,Maharashtra,wildlife,Popular,4.4,4032,2500,21.143521,79.076462
kalamb-beach,"Kalamb Beach",Maharashtra,Maharashtra,beach,Popular,4.1,10773,1200,19.403418,72.761435
kirkee-war-cemetery,"Kirkee War Cemetery",Maharashtra,Maharashtra,heritage,Popular,4.4,18394,900,18.55203,73.85638
rangana-fort,"Rangana Fort",Maharashtra,Maharashtra,heritage,Popular,4.4,20369,900,16.0775,73.850833333
rohida-fort,"Rohida Fort",Maharashtra,Maharashtra,heritage,Popular,4.6,19860,900,18.1022,73.8208
sagargad,"Sagargad",Maharashtra,Maharashtra,heritage,Popular,4.4,13323,900,18.656083333,72.958916666
surgad,"Surgad",Maharashtra,Maharashtra,heritage,Popular,4.1,17544,900,18.45338889,73.22616667
mrugagad,"Mrugagad",Maharashtra,Maharashtra,heritage,Popular,4.4,15078,900,18.688833333,73.364361111
tandulwadi-fort,"Tandulwadi Fort",Maharashtra,Maharashtra,heritage,Popular,4.3,5031,900,19.616972222,72.841722222
jangali-jayagad,"Jangali Jayagad",Maharashtra,Maharashtra,heritage,Popular,4.5,5544,900,17.45355556,73.69377778
mahipatgad,"Mahipatgad",Maharashtra,Maharashtra,heritage,Popular,4.4,10482,900,17.838916666,73.498722222
rasalgad,"Rasalgad",Maharashtra,Maharashtra,heritage,Popular,4.7,11473,900,17.764746839,73.511555033
nhavigad,"Nhavigad",Maharashtra,Maharashtra,heritage,Popular,4.1,4543,900,20.833111111,74.044861111
chandan-fort,"Chandan Fort",Maharashtra,Maharashtra,heritage,Popular,4.7,4591,900,17.84741667,74.04480556
salota-fort,"Salota fort",Maharashtra,Maharashtra,heritage,Popular,4.4,12376,900,20.722441,73.9536738
vairagad-fort,"Vairagad Fort",Maharashtra,Maharashtra,heritage,Popular,4.2,9150,900,20.43251,80.09205
indori-fort,"Indori Fort",Maharashtra,Maharashtra,heritage,Popular,4.6,19183,900,18.736055555,73.714083333
gowalkot,"Gowalkot",Maharashtra,Maharashtra,heritage,Popular,4.3,17385,900,17.54652778,73.48780556
mangalgad,"Mangalgad",Maharashtra,Maharashtra,heritage,Popular,4.7,4124,900,18.051527777,73.579361111
vasota-fort,"Vasota Fort",Maharashtra,Maharashtra,heritage,Popular,4.4,20973,900,17.6633449,73.694792
bitangad,"Bitangad",Maharashtra,Maharashtra,heritage,Popular,4.4,9911,900,19.653830555,73.786141666
vairatgad-fort,"Vairatgad Fort",Maharashtra,Maharashtra,heritage,Popular,4.3,20329,900,17.8779971,73.9167563
patta-fort,"Patta Fort",Maharashtra,Maharashtra,heritage,Popular,4.6,7478,900,19.707277777,73.836277777
kalyangad,"Kalyangad",Maharashtra,Maharashtra,heritage,Popular,4.4,13239,900,17.7784416,74.1264734
purnagad-fort,"Purnagad Fort",Maharashtra,Maharashtra,heritage,Popular,4.1,5926,900,16.80802778,73.31491667
vardhangad-fort,"Vardhangad Fort",Maharashtra,Maharashtra,heritage,Popular,4.2,16642,900,17.6819467,74.1833913
yashwantgad-fort,"Yashwantgad Fort",Maharashtra,Maharashtra,heritage,Popular,4.3,14674,900,15.7529,73.6657
kunjargad,"Kunjargad",Maharashtra,Maharashtra,heritage,Popular,4.5,6376,900,19.392361111,73.862
ghargad,"Ghargad",Maharashtra,Maharashtra,heritage,Popular,4.3,14461,900,19.884861,73.641528
tringalwadi,"Tringalwadi",Maharashtra,Maharashtra,heritage,Popular,4.2,4785,900,19.73777778,73.53633333
rajdher-fort,"Rajdher fort",Maharashtra,Maharashtra,heritage,Popular,4.3,11821,900,20.38663889,74.19444444
pisola-fort,"Pisola fort",Maharashtra,Maharashtra,heritage,Popular,4.2,17909,900,20.850916666,74.223083333
narayangad,"Narayangad",Maharashtra,Maharashtra,heritage,Popular,4.2,15826,900,19.115069012,74.033659303
chandragad,"Chandragad",Maharashtra,Maharashtra,heritage,Popular,4.3,13713,900,18.00155577,73.61917137
vikatgad,"Vikatgad",Maharashtra,Maharashtra,heritage,Popular,4.6,5121,900,19.028694444,73.279055555
kurdugad,"Kurdugad",Maharashtra,Maharashtra,heritage,Popular,4.5,13999,900,18.365222222,73.405916666
chavand,"Chavand",Maharashtra,Maharashtra,heritage,Popular,4.2,18071,900,19.236848,73.748217
bhorgiri-fort,"Bhorgiri Fort",Maharashtra,Maharashtra,heritage,Popular,4.4,5391,900,19.049555555,73.568444444
malhargad,"Malhargad",Maharashtra,Maharashtra,heritage,Popular,4.5,8687,900,18.41222222,74.04888889
sandor,"Sandor",Maharashtra,Maharashtra,spiritual,Popular,4.3,11448,900,19.366539,72.804165
gurdwara-guru-nanak-punjabi-sabha-chakala,"Gurdwara Guru Nanak Punjabi Sabha Chakala",Maharashtra,Maharashtra,heritage,Popular,4.3,16679,900,19.114888888,72.858194444
siddhanath-temple-mhaswad,"Siddhanath Temple, Mhaswad",Maharashtra,Maharashtra,spiritual,Popular,4.2,5101,900,17.63111111,74.7875
wagheshwari-temple,"Wagheshwari Temple",Maharashtra,Maharashtra,spiritual,Popular,4.2,4693,900,19.175361111,72.873194444
madhe-ghat,"Madhe Ghat",Maharashtra,Maharashtra,spiritual,Popular,4.3,14196,900,18.1975,73.5744
gautala-autramghat-sanctuary,"Gautala Autramghat Sanctuary",Maharashtra,Maharashtra,wildlife,Popular,4.5,8600,2500,20.3325,75.140833333
banoti-waterfall,"Banoti waterfall",Maharashtra,Maharashtra,heritage,Popular,4.1,1666,900,20.443,75.312
kalsubai-harishchandragad-wildlife-sanctuary,"Kalsubai Harishchandragad Wildlife Sanctuary",Maharashtra,Maharashtra,wildlife,Popular,4.3,10239,2500,19.4514,73.7652
lonar-wildlife-sanctuary,"Lonar Wildlife Sanctuary",Maharashtra,Maharashtra,wildlife,Popular,4.3,10335,2500,19.975,76.5075
karanja-sohol-wildlife-sanctuary,"Karanja Sohol Wildlife Sanctuary",Maharashtra,Maharashtra,wildlife,Popular,4.8,2295,2500,20.4289,77.5059
gagangad,"Gagangad",Maharashtra,Maharashtra,heritage,Popular,4.2,18634,900,16.5432,73.8185
mohangad,"Mohangad",Maharashtra,Maharashtra,heritage,Popular,4.5,16000,900,18.077527777,73.620777777
konkan-diva-fort,"Konkan Diva Fort",Maharashtra,Maharashtra,heritage,Popular,4.3,12011,900,18.294222222,73.422722222
pandavgad,"Pandavgad",Maharashtra,Maharashtra,heritage,Popular,4.4,9256,900,17.9983984,73.8614032
pabargad,"Pabargad",Maharashtra,Maharashtra,heritage,Popular,4.1,4218,900,19.482361111,73.752833333
mansantoshgad,"Mansantoshgad",Maharashtra,Maharashtra,heritage,Popular,4.6,18724,900,16.050388888,73.969972222
santoshgad,"Santoshgad",Maharashtra,Maharashtra,heritage,Popular,4.3,7682,900,17.858,74.321
samangad,"Samangad",Maharashtra,Maharashtra,heritage,Popular,4.5,1848,900,16.175716,74.405158
prachitgad,"Prachitgad",Maharashtra,Maharashtra,heritage,Popular,4.1,11380,900,17.22611111,73.69027778
machindragad,"Machindragad",Maharashtra,Maharashtra,heritage,Popular,4.1,3923,900,17.163527777,74.268833333
suamargad,"Suamargad",Maharashtra,Maharashtra,heritage,Popular,4.6,15649,900,17.808472222,73.511916666
javlya-fort,"Javlya Fort",Maharashtra,Maharashtra,heritage,Popular,4.6,7345,900,20.374166666,73.957527777
pavangad,"Pavangad",Kerala,Kerala,heritage,Popular,4.6,16724,900,11.323,75.764
tungi-fort,"Tungi fort",Maharashtra,Maharashtra,heritage,Popular,4.7,11821,900,19.042472222,73.49
shantinatha-temple-ramtek,"Shantinatha temple, Ramtek",Maharashtra,Maharashtra,spiritual,Popular,4.2,12114,900,21.405555555,79.329833333
dhandai-devi,"Dhandai Devi",Maharashtra,Maharashtra,spiritual,Popular,4.6,2273,900,20.886448,74.4160043
sacred-heart-church-santacruz,"Sacred Heart Church, Santacruz",Maharashtra,Maharashtra,spiritual,Popular,4.5,18757,900,19.074722222,72.838055555
holy-trinity-church-powai,"Holy Trinity Church, Powai",Maharashtra,Maharashtra,spiritual,Popular,4.5,9185,900,19.12963889,72.92147222
patnadevi,"Patnadevi",Maharashtra,Maharashtra,spiritual,Popular,4.8,17048,900,20.33003,74.967424
shree-dev-vyadeshar,"Shree Dev Vyadeshar",Maharashtra,Maharashtra,spiritual,Popular,4.3,12175,900,17.47,73.2
kankaleshwar-temple,"Kankaleshwar Temple",Maharashtra,Maharashtra,spiritual,Popular,4.5,10203,900,18.987662357,75.768160532
birla-mandir-shahad,"Birla Mandir, Shahad",Maharashtra,Maharashtra,spiritual,Popular,4.3,11767,900,19.244066,73.166368
siddheshwar-and-ratneshwar-temple,"Siddheshwar & Ratneshwar Temple",Maharashtra,Maharashtra,spiritual,Popular,4.7,18093,900,18.24,76.82
dnyanganga-wildlife-sanctuary,"Dnyanganga Wildlife Sanctuary",Maharashtra,Maharashtra,wildlife,Popular,4.1,10935,2500,20.5599,76.3688
wan-wildlife-sanctuary,"Wan Wildlife Sanctuary",Maharashtra,Maharashtra,wildlife,Popular,4.3,8862,2500,21.2441,76.8509
kidzania-mumbai,"KidZania Mumbai",Maharashtra,Maharashtra,heritage,Popular,4.3,7859,900,19.0998065,72.9144114
mahipalgad,"Mahipalgad",Maharashtra,Maharashtra,heritage,Popular,4.7,11891,900,15.902472222,74.386638888
mohandar-fort,"Mohandar fort",Maharashtra,Maharashtra,heritage,Popular,4.4,9263,900,20.442555555,73.894416666
mandangad-fort,"Mandangad fort",Maharashtra,Maharashtra,heritage,Popular,4.8,13875,900,17.979833333,73.243611111
makrandgad,"Makrandgad",Maharashtra,Maharashtra,heritage,Popular,4.5,5379,900,17.84933333,73.60338889
st-joseph-s-church-juhu,"St. Joseph's Church, Juhu",Maharashtra,Maharashtra,spiritual,Popular,4.7,9150,900,19.1072,72.8264
our-lady-of-immaculate-conception-church-mt-poinsur,"Our Lady of Immaculate Conception Church, Mt. Poinsur",Maharashtra,Maharashtra,spiritual,Popular,4.3,19708,900,19.24444444,72.85305556
st-michael-s-and-all-angels-church-oorgaum-kgf,"St. Michael's and All Angels' Church, Oorgaum, KGF",Karnataka,Karnataka,spiritual,Popular,4.5,11790,900,12.9493041,78.2517101
gajanan-maharaj-temple-kanhor,"Gajanan Maharaj Temple, Kanhor",Maharashtra,Maharashtra,spiritual,Popular,4.4,4649,900,19.1483823,73.2769649
khidkaleshwar-mandir,"Khidkaleshwar Mandir",Maharashtra,Maharashtra,spiritual,Popular,4.6,13471,900,19.1557109,73.0638188
revansiddha-temple,"Revansiddha Temple",Maharashtra,Maharashtra,spiritual,Popular,4.2,5687,900,17.26972222,74.61055556
sidhhanath-temple-kharsundi,"Sidhhanath Temple, Kharsundi",Maharashtra,Maharashtra,spiritual,Popular,4.2,15897,900,17.34305556,74.77555556
bhawani-waghjai-temple-terav,"Bhawani Waghjai Temple, Terav",Maharashtra,Maharashtra,spiritual,Popular,4.7,14913,900,17.47852,73.537239
ganpati-temple,"Ganpati Temple",Maharashtra,Maharashtra,spiritual,Popular,4.3,2522,900,17.03333333,74.66666667
vithal-dayaji-temple-sulewadi,"Vithal Dayaji Temple, Sulewadi",Maharashtra,Maharashtra,spiritual,Popular,4.8,11490,900,17.6758,74.9269
sri-sai-janmasthan-temple-pathri,"Sri Sai Janmasthan Temple, Pathri",Maharashtra,Maharashtra,spiritual,Popular,4.5,1921,900,19.25,76.45
mudhai-devi-temple,"Mudhai Devi temple",Maharashtra,Maharashtra,spiritual,Popular,4.4,19669,900,20.50239363,75.09473027
keibul-lamjao-national-park,"Keibul Lamjao National Park",Manipur,Manipur,wildlife,Popular,4.5,21333,2500,24.4856,93.8402
kangla-fort,"Kangla Fort",Manipur,Manipur,heritage,Popular,4.3,17623,900,24.808,93.94
shirui-national-park,"Shirui National Park",Manipur,Manipur,wildlife,Popular,4.7,5471,2500,24.23083333,94.23083333
sanamahi-lainingkol,"Sanamahi Lainingkol",Manipur,Manipur,spiritual,Popular,4.5,15239,900,24.805044711,94.035432527
st-joseph-s-cathedral-imphal,"St. Joseph's Cathedral, Imphal",Manipur,Manipur,heritage,Popular,4.8,15378,900,24.850833,93.9325
yangoupokpi-lokchao-wildlife-sanctuary,"Yangoupokpi-Lokchao Wildlife Sanctuary",Manipur,Manipur,wildlife,Popular,4.6,20726,2500,24.32,94.23
bihu-loukon,"Bihu Loukon",Manipur,Manipur,heritage,Popular,4.2,15126,900,24.805214,93.81951
menjor-multipurpose-research-centre-and-unity-park,"Menjor Multipurpose Research Centre and Unity Park",Manipur,Manipur,wildlife,Popular,4.3,10941,2500,24.61895,94.01788
nohsngithiang-falls,"Nohsngithiang Falls",Meghalaya,Meghalaya,heritage,Popular,4.5,16379,900,25.242777777,91.740833333
nohkalikai-falls,"Nohkalikai Falls",Meghalaya,Meghalaya,heritage,Popular,4.8,13180,900,25.275519444,91.686680555
langshiang-falls,"Langshiang Falls",Meghalaya,Meghalaya,heritage,Popular,4.7,19949,900,25.44521,91.22866
kynrem-falls,"Kynrem Falls",Meghalaya,Meghalaya,heritage,Popular,4.6,18004,900,25.227,91.716
wah-kaba-falls,"Wah Kaba Falls",Meghalaya,Meghalaya,heritage,Popular,4.2,13787,900,25.31145,91.732861111
nartiang-durga-temple,"Nartiang Durga Temple",Meghalaya,Meghalaya,spiritual,Popular,4.4,2504,900,25.567,92.209
baghmara-pitcher-plant-wildlife-sanctuary,"Baghmara Pitcher Plant Wildlife Sanctuary",Meghalaya,Meghalaya,wildlife,Popular,4.2,9904,2500,25.198139,90.638765
vantawng-falls,"Vantawng Falls",Mizoram,Mizoram,heritage,Popular,4.5,2156,900,23.256919444,92.762461111
phawngpui-national-park,"Phawngpui National Park",Mizoram,Mizoram,wildlife,Popular,4.5,11740,2500,22.66666667,93.05
lengteng-wildlife-sanctuary,"Lengteng Wildlife Sanctuary",Mizoram,Mizoram,wildlife,Popular,4.7,1649,2500,23.8333,93.2167
solomon-s-temple-aizawl-mizoram-india,"Solomon's Temple, Aizawl Mizoram, India",Mizoram,Mizoram,spiritual,Popular,4.6,7833,900,23.7479,92.6884
pualreng-wildlife-sanctuary,"Pualreng Wildlife Sanctuary",Mizoram,Mizoram,wildlife,Popular,4.6,10815,2500,24.136,92.838
tokalo-wildlife-sanctuary,"Tokalo Wildlife Sanctuary",Mizoram,Mizoram,wildlife,Popular,4.3,8642,2500,22.0374,92.9067
ntangki-national-park,"Ntangki National Park",Nagaland,Nagaland,wildlife,Popular,4.4,12155,2500,25.56,93.45
dimapur-kalibari,"Dimapur Kalibari",Nagaland,Nagaland,spiritual,Popular,4.2,10275,900,25.9043,93.7253
nagaland-zoological-park,"Nagaland Zoological Park",Nagaland,Nagaland,wildlife,Popular,4.2,6764,2500,25.853371,93.724281
jain-temple-kohima,"Jain Temple Kohima",Nagaland,Nagaland,spiritual,Popular,4.3,5247,900,25.4035,94.0633
sumi-baptist-church,"Sumi Baptist Church",Nagaland,Nagaland,spiritual,Popular,4.6,7142,900,26.017888888,94.529222222
pulie-badze-wildlife-sanctuary,"Pulie Badze Wildlife Sanctuary",Nagaland,Nagaland,wildlife,Popular,4.5,20133,2500,25.6107,94.0623
sanctuary-falls,"Sanctuary Falls",Nagaland,Nagaland,wildlife,Popular,4.8,3174,2500,25.591772222,94.013272222
fakim-wildlife-sanctuary,"Fakim Wildlife Sanctuary",Nagaland,Nagaland,wildlife,Popular,4.1,20338,2500,25.825528,94.954389
lingaraja-temple,"Lingaraja Temple",Odisha,Odisha,spiritual,Popular,4.3,17431,900,20.238333333,85.833611111
bhitarkanika-national-park,"Bhitarkanika National Park",Odisha,Odisha,wildlife,Popular,4.7,6459,2500,20.6625,86.9341
udayagiri-and-khandagiri-caves,"Udayagiri and Khandagiri Caves",Odisha,Odisha,spiritual,Popular,4.3,16173,900,20.2628,85.786
chausath-yogini-temple-hirapur,"Chausath Yogini Temple, Hirapur",Odisha,Odisha,spiritual,Popular,4.7,4678,900,20.21666667,85.87083333
barehipani-falls,"Barehipani Falls",Odisha,Odisha,heritage,Popular,4.5,21178,900,21.933576,86.380343
sanaghagara-waterfall,"Sanaghagara Waterfall",Odisha,Odisha,heritage,Popular,4.8,17318,900,21.632792,85.55688
talasari-beach,"Talasari beach",Odisha,Odisha,beach,Popular,4.6,13227,1200,21.623,87.4059
tara-tarini-temple,"Tara Tarini Temple",Odisha,Odisha,spiritual,Popular,4.5,12479,900,19.4897,84.8998
alarnatha-temple,"Alarnatha Temple",Odisha,Odisha,spiritual,Popular,4.8,11081,900,19.79279167,85.64511389
chandaka-elephant-sanctuary,"Chandaka Elephant Sanctuary",Odisha,Odisha,wildlife,Popular,4.6,3041,2500,20.36666667,85.76666667
barabati-fort,"Barabati Fort",Odisha,Odisha,heritage,Popular,4.4,11252,900,20.484631,85.864425
jagannath-temple-koraput,"Jagannath Temple, Koraput",Odisha,Odisha,spiritual,Popular,4.3,10175,900,18.81060556,82.70919722
biraja-temple,"Biraja Temple",Odisha,Odisha,spiritual,Popular,4.2,19821,900,20.83376389,86.33814444
chandrasekhara-mahadeva-temple,"Chandrasekhara Mahadeva Temple",Odisha,Odisha,spiritual,Popular,4.3,2739,900,20.34972222,85.83527778
khirachora-gopinatha-temple,"Khirachora Gopinatha Temple",Odisha,Odisha,spiritual,Popular,4.2,6429,900,21.53772222,86.87945278
kichakeshwari-temple,"Kichakeshwari Temple",Odisha,Odisha,spiritual,Popular,4.6,19329,900,21.553,85.495
raibania-fort,"Raibania Fort",Odisha,Odisha,heritage,Popular,4.8,21142,900,21.926406,87.186728
maa-tarini-temple-ghatgaon,"Maa Tarini Temple, Ghatgaon",Odisha,Odisha,spiritual,Popular,4.7,3171,900,21.3833,85.8833
bhattarika-temple,"Bhattarika Temple",Odisha,Odisha,spiritual,Popular,4.1,18419,900,20.36853056,85.27171111
varahi-deula,"Varahi Deula",Odisha,Odisha,spiritual,Popular,4.4,8007,900,20.0585,86.1185
harishankar-temple,"Harishankar Temple",Odisha,Odisha,spiritual,Popular,4.2,6459,900,20.854406,82.86061
nilamadhav-temple,"Nilamadhav Temple",Odisha,Odisha,spiritual,Popular,4.5,3413,900,20.364629,85.195096
gandhi-temple-bhatara,"Gandhi Temple, Bhatara",Odisha,Odisha,spiritual,Popular,4.4,8124,900,21.439548,83.993937
satkosia-tiger-reserve,"Satkosia Tiger Reserve",Odisha,Odisha,wildlife,Popular,4.7,20384,2500,20.540137,84.831564
sarala-temple,"Sarala Temple",Odisha,Odisha,spiritual,Popular,4.6,17811,900,20.70119444,86.41757778
sacred-heart-cathedral-rourkela,"Sacred Heart Cathedral, Rourkela",Odisha,Odisha,spiritual,Popular,4.3,12705,900,22.2689,84.8628
shri-shri-hari-baladev-jew-bije-baripada,"Shri Shri Hari Baladev Jew Bije, Baripada",Odisha,Odisha,spiritual,Popular,4.4,3526,900,21.92916111,86.72330556
majhighariani-temple,"Majhighariani Temple",Odisha,Odisha,spiritual,Popular,4.6,15861,900,19.16003361,83.40779
biranchinarayan-temple-buguda,"Biranchinarayan Temple, Buguda",Odisha,Odisha,spiritual,Popular,4.3,5027,900,19.80882,84.794202
kakatpur-mangala-temple,"Kakatpur Mangala Temple",Odisha,Odisha,spiritual,Popular,4.2,19218,900,19.99991667,86.19479444
baladevjew-temple,"Baladevjew Temple",Odisha,Odisha,spiritual,Popular,4.3,18922,900,20.03333333,86.03333333
odogaon-raghunath-temple,"Odogaon Raghunath Temple",Odisha,Odisha,spiritual,Popular,4.2,20495,900,20.025691,84.98096389
nalbana-bird-sanctuary,"Nalbana Bird Sanctuary",Odisha,Odisha,wildlife,Popular,4.3,15218,2500,19.69416667,85.30666667
chandrabhaga-beach,"Chandrabhaga beach",Odisha,Odisha,beach,Popular,4.6,18196,1200,19.854521,86.074573
gajlaxmi-palace,"Gajlaxmi palace",Odisha,Odisha,heritage,Popular,4.7,1552,900,20.6487,85.6077
kanika-palace,"Kanika Palace",Odisha,Odisha,heritage,Popular,4.2,12739,900,20.735060687,86.699850549
manikeshwari-temple,"Manikeshwari Temple",Odisha,Odisha,spiritual,Popular,4.3,2516,900,19.905996,83.16938
marichi-temple,"Marichi Temple",Odisha,Odisha,spiritual,Popular,4.6,20342,900,21.55831667,86.75276667
dishisvara-siva-temple,"Dishisvara Siva Temple",Odisha,Odisha,spiritual,Popular,4.4,19090,900,20.1464,85.5029
ghanteswari-temple,"Ghanteswari Temple",Odisha,Odisha,spiritual,Popular,4.4,9070,900,21.35469,83.919217
leaning-temple-of-huma,"Leaning Temple of Huma",Odisha,Odisha,spiritual,Popular,4.5,4595,900,21.280673,83.912484
nilakantheswar-temple,"Nilakantheswar Temple",Odisha,Odisha,spiritual,Popular,4.7,17624,900,19.2428,83.8181
laxminarayan-temple-therubali,"Laxminarayan temple, Therubali",Odisha,Odisha,spiritual,Popular,4.5,11110,900,19.32694444,83.43888889
akhandalamani-temple,"Akhandalamani Temple",Odisha,Odisha,spiritual,Popular,4.7,16104,900,20.03430833,85.13544167
sakhigopal-temple,"Sakhigopal Temple",Odisha,Odisha,spiritual,Popular,4.3,11251,900,19.94536944,85.82046667
lokanatha-temple,"Lokanatha Temple",Odisha,Odisha,spiritual,Popular,4.5,11361,900,19.803493,85.801156
varahanatha-temple,"Varahanatha Temple",Odisha,Odisha,spiritual,Popular,4.2,21156,900,20.8583,86.0856
jagannath-temple-gunupur,"Jagannath Temple, Gunupur",Odisha,Odisha,spiritual,Popular,4.7,11736,900,19.08,83.82
kapilasa-wildlife-sanctuary,"Kapilasa Wildlife Sanctuary",Odisha,Odisha,wildlife,Popular,4.2,8703,2500,20.7073695,85.8017064
lakhari-valley-wildlife-sanctuary,"Lakhari Valley Wildlife Sanctuary",Odisha,Odisha,wildlife,Popular,4.5,6859,2500,19.3031,84.3239
gandahati-waterfall,"Gandahati Waterfall",Odisha,Odisha,heritage,Popular,4.6,7783,900,18.88925,84.270138888
asurgarh,"Asurgarh",Odisha,Odisha,heritage,Popular,4.6,14069,900,20.09541,83.344277
konark-beach,"Konark Beach",Odisha,Odisha,beach,Popular,4.3,1623,1200,19.866498,86.114242
dhabaleswar,"Dhabaleswar",Odisha,Odisha,spiritual,Popular,4.2,19091,900,20.19833333,85.84472222
kalijai,"Kalijai",Odisha,Odisha,spiritual,Popular,4.2,12656,900,19.665091,85.216016
khajuresvara-temple-complex,"Khajuresvara temple complex",Odisha,Odisha,spiritual,Popular,4.4,18432,900,21.43644444,86.82808333
ghanteswara-siva-temple,"Ghanteswara Siva Temple",Odisha,Odisha,spiritual,Popular,4.5,11583,900,20.26472222,85.86111111
buddhanath-temple,"Buddhanath Temple",Odisha,Odisha,spiritual,Popular,4.3,9708,900,20.196681,85.948491
brahmani-temple,"Brahmani temple",Odisha,Odisha,spiritual,Popular,4.3,20333,900,21.25586667,86.80938889
chari-sambhu-temple,"Chari sambhu temple",Odisha,Odisha,spiritual,Popular,4.7,10025,900,20.874982,84.20538
maa-baulasuni-temple,"Maa Baulasuni Temple",Odisha,Odisha,spiritual,Popular,4.5,13303,900,21.086172,86.336102
maa-samleswari-temple,"Maa Samleswari Temple",Odisha,Odisha,spiritual,Popular,4.6,21151,900,21.474,83.959
siddha-bhairavi,"Siddha Bhairavi",Odisha,Odisha,spiritual,Popular,4.2,12730,900,19.186959,84.769194
bhadrakali-temple,"Bhadrakali Temple",Odisha,Odisha,spiritual,Popular,4.5,13724,900,21.01527222,86.53671944
lakhmi-varaha-temple,"Lakhmi Varaha Temple",Odisha,Odisha,spiritual,Popular,4.6,12543,900,20.68419444,86.64597222
kukutesvara-siva-temple,"Kukutesvara Siva Temple",Odisha,Odisha,spiritual,Popular,4.1,13561,900,21.25,85.825
lakhesvara-siva-temple,"Lakhesvara Siva temple",Odisha,Odisha,spiritual,Popular,4.4,17380,900,20.441205555,85.907863888
subai-jain-temples,"Subai Jain temples",Odisha,Odisha,spiritual,Popular,4.1,13754,900,18.606388888,82.799444444
baneswara-temple-balasore,"Baneswara Temple, Balasore",Odisha,Odisha,spiritual,Popular,4.7,11634,900,21.4880063,86.9583586
nrusinghanath-temple,"Nrusinghanath Temple",Odisha,Odisha,spiritual,Popular,4.3,2036,900,20.895796,82.827939
ladoo-baba-temple,"Ladoo Baba Temple",Odisha,Odisha,spiritual,Popular,4.6,8568,900,20.032038,85.085007
hadgarh-wildlife-sanctuary,"Hadgarh Wildlife Sanctuary",Odisha,Odisha,wildlife,Popular,4.3,20513,2500,21.2934,86.2689
gajapati-palace,"Gajapati Palace",Odisha,Odisha,heritage,Popular,4.3,11873,900,18.778687,84.086881
sekhareswar-temple,"Sekhareswar Temple",Odisha,Odisha,spiritual,Popular,4.7,12708,900,20.27143,86.435778
maa-jhanjiri-mangala-temple,"Maa Jhanjiri Mangala Temple",Odisha,Odisha,spiritual,Popular,4.3,20945,900,20.45964,85.87666
jagannath-temple-angul,"Jagannath Temple, Angul",Odisha,Odisha,spiritual,Popular,4.2,1979,900,20.844,85.1515
jagannath-temple-nayagarh,"Jagannath Temple, Nayagarh",Odisha,Odisha,spiritual,Popular,4.6,3150,900,20.131731,85.092373
tirunallar-saniswaran-temple,"Tirunallar Saniswaran Temple",Puducherry,Puducherry,spiritual,Popular,4.2,10889,900,10.9167,79.7833
vadukeeswarar-temple,"Vadukeeswarar temple",Puducherry,Puducherry,spiritual,Popular,4.5,5038,900,11.91908333,79.65730556
promenade-beach,"Promenade Beach",Puducherry,Puducherry,beach,Popular,4.4,8689,1200,11.9325,79.8358
our-lady-of-lourdes-shrine,"Our Lady of Lourdes Shrine",Puducherry,Puducherry,spiritual,Popular,4.2,11204,900,11.911262,79.760664
karaikal-ammayar-temple,"Karaikal Ammayar Temple",Puducherry,Puducherry,spiritual,Popular,4.2,7870,900,10.9238,79.8322
oussudu-bird-sanctuary,"Oussudu Bird Sanctuary",Puducherry,Puducherry,wildlife,Popular,4.3,3573,2500,11.95164,79.74182
harmandir-sahib,"Harmandir Sahib",Punjab,Punjab,heritage,Popular,4.3,3049,900,31.62,74.876667
qila-mubarak,"Qila Mubarak",Punjab,Punjab,heritage,Popular,4.2,14877,900,30.208,74.937166
qila-mubarak-patiala,"Qila Mubarak, Patiala",Punjab,Punjab,heritage,Popular,4.5,11292,900,30.3242743,76.4007578
takht-sri-damdama-sahib,"Takht Sri Damdama Sahib",Punjab,Punjab,heritage,Popular,4.6,4974,900,29.986937,75.078562
gurdwara-fatehgarh-sahib,"Gurdwara Fatehgarh Sahib",Punjab,Punjab,heritage,Popular,4.5,13150,900,30.617385,76.388754
gurdwara-sri-tarn-taran-sahib,"Gurdwara Sri Tarn Taran Sahib",Punjab,Punjab,heritage,Popular,4.5,19693,900,31.451708,74.925217
ram-teerath,"Ram Teerath",Punjab,Punjab,spiritual,Popular,4.4,17279,900,31.67416667,74.75583333
shri-devi-talab-mandir,"Shri Devi Talab Mandir",Punjab,Punjab,spiritual,Popular,4.1,15463,900,31.34361111,75.58305556
manauli-fort,"Manauli Fort",Punjab,Punjab,heritage,Popular,4.1,3291,900,30.3835,76.432
gurdwara-manji-sahib,"Gurdwara Manji Sahib",Punjab,Punjab,heritage,Popular,4.7,8970,900,30.8107,75.8622
st-mary-s-cathedral-jalandhar,"St. Mary's Cathedral, Jalandhar",Punjab,Punjab,heritage,Popular,4.4,5197,900,31.2879,75.62
mughal-serai,"Mughal Serai",Punjab,Punjab,heritage,Popular,4.1,14540,900,30.798333333,76.021666666
gurdwara-karamsar-rara-sahib,"Gurdwara Karamsar Rara Sahib",Punjab,Punjab,heritage,Popular,4.3,16084,900,30.727742,75.947494
gurudwara-naulakha-sahib,"Gurudwara Naulakha Sahib",Punjab,Punjab,spiritual,Popular,4.5,16363,900,30.53,76.4
phillaur-fort,"Phillaur Fort",Punjab,Punjab,heritage,Popular,4.7,13933,900,31.011805555,75.788888888
gurudwara-guptsar-sahib,"Gurudwara Guptsar Sahib",Punjab,Punjab,spiritual,Popular,4.3,5271,900,30.3165,74.6755
mukteshwar-temple-punjab,"Mukteshwar Temple, Punjab",Punjab,Punjab,spiritual,Popular,4.6,11873,900,32.4251,75.733
gurdwara-sri-ber-sahib,"Gurdwara Sri Ber Sahib",Punjab,Punjab,heritage,Popular,4.7,7390,900,31.216519,75.185025
gurdwara-patalpuri-sahib,"Gurdwara Patalpuri Sahib",Punjab,Punjab,heritage,Popular,4.5,18712,900,31.178062,76.563187
gurdwara-baba-bakala-sahib,"Gurdwara Baba Bakala Sahib",Punjab,Punjab,heritage,Popular,4.1,3445,900,31.555438,75.264062
shanaleshwara-swayambhu-temple,"Shanaleshwara Swayambhu Temple",Punjab,Punjab,spiritual,Popular,4.2,14232,900,30.5378,76.5811
nangal-wildlife-sanctuary,"Nangal Wildlife Sanctuary",Punjab,Punjab,wildlife,Popular,4.4,19993,2500,31.4025,76.37
addhi-khuyi,"Addhi Khuyi",Punjab,Punjab,heritage,Popular,4.6,11299,900,31.112815,75.529126
keshgarh-qila,"Keshgarh Qila",Punjab,Punjab,heritage,Popular,4.7,14902,900,31.235,76.498888888
sainik-school-kapurthala,"Sainik School, Kapurthala",Punjab,Punjab,heritage,Popular,4.6,7841,900,31.373848254,75.391787263
gurdwara-jyoti-sarup,"Gurdwara Jyoti Sarup",Punjab,Punjab,heritage,Popular,4.3,20531,900,30.645406564,76.404619697
gurdwara-jand-sahib,"Gurdwara Jand Sahib",Punjab,Punjab,heritage,Popular,4.2,4657,900,30.689166666,74.527222222
bir-aishvan-wildlife-sanctuary,"Bir Aishvan Wildlife Sanctuary",Punjab,Punjab,wildlife,Popular,4.5,14809,2500,30.242,75.84
bir-bunerheri-wildlife-sanctuary,"Bir Bunerheri Wildlife Sanctuary",Punjab,Punjab,wildlife,Popular,4.4,12406,2500,30.19,76.46
bajwara-fort,"Bajwara Fort",Punjab,Punjab,heritage,Popular,4.3,11828,900,31.515179,75.949369
qila-mubarak-faridkot,"Qila Mubarak, Faridkot",Punjab,Punjab,heritage,Popular,4.2,4049,900,30.672922,74.753765
hawa-mahal,"Hawa Mahal",Rajasthan,Rajasthan,heritage,Popular,4.7,13101,900,26.924,75.82672
kevladev-national-park,"Kevladev National Park",Rajasthan,Rajasthan,wildlife,Popular,4.2,11129,2500,27.166667,77.516667
hill-forts-of-rajasthan,"Hill Forts of Rajasthan",Rajasthan,Rajasthan,heritage,Popular,4.5,14627,900,24.883306,74.646111
amber-fort,"Amber Fort",Rajasthan,Rajasthan,heritage,Popular,4.8,8616,900,26.9859,75.8507
kumbhalgarh,"Kumbhalgarh",Rajasthan,Rajasthan,heritage,Popular,4.2,14599,900,25.14916667,73.58111111
mehrangarh-fort,"Mehrangarh Fort",Rajasthan,Rajasthan,heritage,Popular,4.3,3015,900,26.298055555,73.018888888
ranthambore-fort,"Ranthambore Fort",Rajasthan,Rajasthan,heritage,Popular,4.4,11082,900,26.01924167,76.45517778
lake-palace,"Lake Palace",Rajasthan,Rajasthan,heritage,Popular,4.4,7555,900,24.57507,73.68022
jal-mahal,"Jal Mahal",Rajasthan,Rajasthan,heritage,Popular,4.6,10773,900,26.953333333,75.846111111
gagron-fort,"Gagron Fort",Rajasthan,Rajasthan,heritage,Popular,4.3,2453,900,24.628,76.183
karni-mata-temple,"Karni Mata Temple",Rajasthan,Rajasthan,spiritual,Popular,4.2,7617,900,27.79055556,73.34083333
sariska-tiger-reserve,"Sariska Tiger Reserve",Rajasthan,Rajasthan,wildlife,Popular,4.8,7676,2500,27.3175,76.43694444
bhangarh-fort,"Bhangarh Fort",Rajasthan,Rajasthan,heritage,Popular,4.7,11265,900,27.095833333,76.2875
rishabhdeo,"Rishabhdeo",Rajasthan,Rajasthan,spiritual,Popular,4.2,20035,900,24.1,73.4
om-banna,"Om Banna",Rajasthan,Rajasthan,spiritual,Popular,4.4,4028,900,25.891263382,73.198695576
monsoon-palace,"Monsoon Palace",Rajasthan,Rajasthan,heritage,Popular,4.7,5007,900,24.594,73.639
taragarh-fort,"Taragarh Fort",Rajasthan,Rajasthan,heritage,Popular,4.3,2155,900,26.442222222,74.618333333
ranakpur-jain-temple,"Ranakpur Jain Temple",Rajasthan,Rajasthan,spiritual,Popular,4.6,1766,900,25.135,73.447
lohagarh-fort,"Lohagarh Fort",Rajasthan,Rajasthan,heritage,Popular,4.6,3806,900,27.219722222,77.495277777
birla-mandir,"Birla Mandir",Rajasthan,Rajasthan,heritage,Popular,4.4,7439,900,26.8921609,75.8155296
galtaji,"Galtaji",Rajasthan,Rajasthan,spiritual,Popular,4.2,17784,900,26.91692,75.85812
harshnath-temple,"Harshnath Temple",Rajasthan,Rajasthan,spiritual,Popular,4.3,15594,900,27.49956389,75.17218333
sita-mata-wildlife-sanctuary,"Sita Mata Wildlife Sanctuary",Rajasthan,Rajasthan,wildlife,Popular,4.6,4945,2500,24.0667,74.4167
nakoda,"Nakoda",Rajasthan,Rajasthan,spiritual,Popular,4.7,10644,900,25.83,72.22
kiradu-temples,"Kiradu temples",Rajasthan,Rajasthan,spiritual,Popular,4.4,13321,900,25.7528,71.0977
sahastra-bahu-temples,"Sahastra Bahu Temples",Rajasthan,Rajasthan,spiritual,Popular,4.2,12169,900,24.73611111,73.72083333
binnayaga-caves,"Binnayaga caves",Rajasthan,Rajasthan,spiritual,Popular,4.5,11969,900,24.062657,75.8925667
bhatner-fort,"Bhatner Fort",Rajasthan,Rajasthan,heritage,Popular,4.2,19626,900,29.586111111,74.325277777
shrinathji-temple,"Shrinathji Temple",Rajasthan,Rajasthan,spiritual,Popular,4.7,8781,900,24.9289935,73.8150981
harshat-mata-temple,"Harshat Mata Temple",Rajasthan,Rajasthan,spiritual,Popular,4.8,11783,900,27.00758889,76.60510833
bisaldeo-temple,"Bisaldeo temple",Rajasthan,Rajasthan,spiritual,Popular,4.5,8180,900,25.92705,75.457125
bhand-deva-temple,"Bhand Deva Temple",Rajasthan,Rajasthan,spiritual,Popular,4.5,8867,900,25.33333333,76.62416667
hill-fort-kesroli,"Hill Fort Kesroli",Rajasthan,Rajasthan,heritage,Popular,4.3,5753,900,27.5489507,76.7114854
deeg-palace,"Deeg Palace",Rajasthan,Rajasthan,heritage,Popular,4.4,19514,900,27.47220384,77.32385605
baroli-temple-complex,"Baroli Temple Complex",Rajasthan,Rajasthan,spiritual,Popular,4.2,17492,900,24.95805556,75.59361111
mehandipur-balaji-temple,"Mehandipur Balaji Temple",Rajasthan,Rajasthan,spiritual,Popular,4.7,19756,900,26.94,76.79
madan-mohan-temple,"Madan Mohan Temple",Rajasthan,Rajasthan,spiritual,Popular,4.7,14511,900,26.81841667,77.06047222
tal-chhapar-sanctuary,"Tal Chhapar Sanctuary",Rajasthan,Rajasthan,wildlife,Popular,4.5,5001,2500,27.7981,74.4349
fort-madhogarh,"Fort Madhogarh",Rajasthan,Rajasthan,heritage,Popular,4.8,6276,900,26.856,76.091
alwar-fort,"Alwar Fort",Rajasthan,Rajasthan,heritage,Popular,4.6,7341,900,27.57444444,76.58777778
jagannath-temple,"Jagannath Temple",Rajasthan,Rajasthan,spiritual,Popular,4.7,17198,900,27.5305792,76.6038109
jirawala-tirth,"Jirawala Tirth",Rajasthan,Rajasthan,spiritual,Popular,4.8,10917,900,24.67397222,72.493
sundha-mata-temple,"Sundha Mata Temple",Rajasthan,Rajasthan,spiritual,Popular,4.6,20671,900,24.833,72.367
kaila-devi,"Kaila devi",Rajasthan,Rajasthan,spiritual,Popular,4.1,5796,900,26.3351,76.8938
mirpur-jain-temple,"Mirpur Jain Temple",Rajasthan,Rajasthan,spiritual,Popular,4.4,15067,900,24.8575,72.8064
sanwariaji-temple,"Sanwariaji Temple",Rajasthan,Rajasthan,spiritual,Popular,4.2,2686,900,24.718055555,74.38
salasar-balaji,"Salasar Balaji",Rajasthan,Rajasthan,spiritual,Popular,4.6,4276,900,27.72,74.71
sachiya-mata-temple,"Sachiya Mata Temple",Rajasthan,Rajasthan,spiritual,Popular,4.3,8241,900,26.43,72.55
rani-sati-temple,"Rani Sati Temple",Rajasthan,Rajasthan,spiritual,Popular,4.2,10621,900,28.13527778,75.40361111
jalore-fort,"Jalore Fort",Rajasthan,Rajasthan,heritage,Popular,4.4,16374,900,25.3373,72.6144
laxmangarh-fort,"Laxmangarh Fort",Rajasthan,Rajasthan,heritage,Popular,4.2,11502,900,27.823829,75.024841
umed-bhawan-palace,"Umed Bhawan Palace",Rajasthan,Rajasthan,heritage,Popular,4.4,10080,900,25.21,75.8667
hindaun-fort,"Hindaun Fort",Rajasthan,Rajasthan,heritage,Popular,4.6,1850,900,26.7303,77.0391
juna-mahal-dungarpur,"Juna Mahal, Dungarpur",Rajasthan,Rajasthan,heritage,Popular,4.1,6299,900,23.828344,73.716026
kunjal-mata-temple,"Kunjal Mata Temple",Rajasthan,Rajasthan,spiritual,Popular,4.7,11958,900,27.30916667,73.91611111
shri-mahavirji,"Shri Mahavirji",Rajasthan,Rajasthan,spiritual,Popular,4.6,3628,900,26.69547222,76.93021667
tijara-jain-temple,"Tijara Jain Temple",Rajasthan,Rajasthan,spiritual,Popular,4.3,9781,900,27.93,76.85
sanghiji,"Sanghiji",Rajasthan,Rajasthan,spiritual,Popular,4.2,11595,900,26.815,75.78611111
gupteshwar-mahadev-udaipur,"Gupteshwar Mahadev, Udaipur",Rajasthan,Rajasthan,spiritual,Popular,4.8,7725,900,24.5418891,73.7395009
mahavira-jain-temple,"Mahavira Jain temple",Rajasthan,Rajasthan,spiritual,Popular,4.2,10052,900,26.724555555,72.891777777
naugaza-digambar-jain-temple,"Naugaza Digambar Jain temple",Rajasthan,Rajasthan,spiritual,Popular,4.3,18925,900,27.246222222,76.348888888
todgarh-raoli-sanctuary,"Todgarh-Raoli Sanctuary",Rajasthan,Rajasthan,wildlife,Popular,4.8,15309,2500,25.658333333,73.873611111
bhensrodgarh-wildlife-sanctuary,"Bhensrodgarh Wildlife Sanctuary",Rajasthan,Rajasthan,wildlife,Popular,4.6,9488,2500,24.866666666,75.516666666
bijai-garh,"Bijai Garh",Rajasthan,Rajasthan,heritage,Popular,4.2,3567,900,26.88446667,77.24489722
rajgarh-fort,"Rajgarh Fort",Rajasthan,Rajasthan,heritage,Popular,4.6,14848,900,27.2343,76.6152
bhainsrorgarh,"Bhainsrorgarh",Rajasthan,Rajasthan,heritage,Popular,4.4,7575,900,24.9625,75.553333333
jahaj-mandir,"Jahaj Mandir",Rajasthan,Rajasthan,spiritual,Popular,4.4,4384,900,25.42941667,72.52338889
muchhal-mahavir-temple,"Muchhal Mahavir Temple",Rajasthan,Rajasthan,spiritual,Popular,4.2,14143,900,25.19625,73.55922222
bhomiaji-maharaj-temple-sopra-bhopalgarh,"Bhomiaji Maharaj Temple, Sopra, Bhopalgarh",Rajasthan,Rajasthan,spiritual,Popular,4.2,20878,900,26.6072556,73.4168856
ladnu-jain-temple,"Ladnu Jain temple",Rajasthan,Rajasthan,spiritual,Popular,4.8,13662,900,27.641388888,74.394
shri-kalyan-temple,"Shri Kalyan Temple",Rajasthan,Rajasthan,spiritual,Popular,4.5,20440,900,26.3781443,75.4372723
keshav-rai-temple,"Keshav Rai Temple",Rajasthan,Rajasthan,spiritual,Popular,4.3,3499,900,25.289,75.939
chamatkarji-jain-temple,"Chamatkarji Jain Temple",Rajasthan,Rajasthan,spiritual,Popular,4.8,6117,900,26.000555555,76.363888888
kailadevi-wildlife-sanctuary,"Kailadevi Wildlife Sanctuary",Rajasthan,Rajasthan,wildlife,Popular,4.2,2872,2500,26.29969,76.93204
jamwa-ramgarh-wildlife-sanctuary,"Jamwa Ramgarh Wildlife Sanctuary",Rajasthan,Rajasthan,wildlife,Popular,4.2,14162,2500,27.047777777,76.055555555
bandh-baretha,"Bandh Baretha",Rajasthan,Rajasthan,heritage,Popular,4.5,1654,900,26.883333333,77.361111111
sawai-man-singh-wildlife-sanctuary,"Sawai Man Singh Wildlife Sanctuary",Rajasthan,Rajasthan,wildlife,Popular,4.3,20796,2500,25.8824,76.3907
van-vihar-wildlife-sanctuary,"Van Vihar Wildlife Sanctuary",Rajasthan,Rajasthan,wildlife,Popular,4.3,10998,2500,26.6118,77.74904
ramsagar-wildlife-sanctuary,"Ramsagar Wildlife Sanctuary",Rajasthan,Rajasthan,wildlife,Popular,4.2,6572,2500,26.5755,77.6003
darrah-wildlife-sanctuary,"Darrah Wildlife Sanctuary",Rajasthan,Rajasthan,wildlife,Popular,4.6,7355,2500,24.833333333,75.966666666
kesarbagh-wildlife-sanctuary,"Kesarbagh Wildlife Sanctuary",Rajasthan,Rajasthan,wildlife,Popular,4.2,4530,2500,26.66,77.83
jawahar-sagar-wildlife-sanctuary,"Jawahar Sagar Wildlife Sanctuary",Rajasthan,Rajasthan,wildlife,Popular,4.3,14214,2500,25.0097,75.6386
sawariya-seth-temple,"Sawariya Seth Temple",Rajasthan,Rajasthan,spiritual,Popular,4.4,16662,900,24.66,74.4
shri-mansa-mata-mandir-hasampur,"Shri Mansa Mata Mandir Hasampur",Rajasthan,Rajasthan,spiritual,Popular,4.1,8603,900,27.7744,75.9512
atishaya-kshetra-lunwa-jain-temple,"Atishaya Kshetra Lunwa Jain Temple",Rajasthan,Rajasthan,spiritual,Popular,4.4,19646,900,27.0338153,75.1941904
manibandh-shaktipeeth,"Manibandh Shaktipeeth",Rajasthan,Rajasthan,spiritual,Popular,4.7,2126,900,26.4736,74.5514
khangchendzonga-national-park,"Khangchendzonga National Park",Sikkim,Sikkim,wildlife,Popular,4.2,14481,2500,27.6563,88.3123
varsey-rhododendron-sanctuary,"Varsey Rhododendron Sanctuary",Sikkim,Sikkim,wildlife,Popular,4.2,20758,2500,27.1942,88.1183
shingba-rhododendron-sanctuary,"Shingba Rhododendron Sanctuary",Sikkim,Sikkim,wildlife,Popular,4.7,7302,2500,27.84111111,88.73916667
kirateshwar-mahadev-temple,"Kirateshwar Mahadev Temple",Sikkim,Sikkim,spiritual,Popular,4.3,19244,900,27.45,88.45
kyongnosla-alpine-sanctuary,"Kyongnosla Alpine Sanctuary",Sikkim,Sikkim,wildlife,Popular,4.5,5186,2500,27.377,88.741
pangolakha-wildlife-sanctuary,"Pangolakha Wildlife Sanctuary",Sikkim,Sikkim,wildlife,Popular,4.4,21439,2500,27.34,88.76
maenam-wildlife-sanctuary,"Maenam Wildlife Sanctuary",Sikkim,Sikkim,wildlife,Popular,4.7,5038,2500,27.338032,88.385591
dubdi-monastery,"Dubdi Monastery",Sikkim,Sikkim,spiritual,Popular,4.7,3258,900,27.36682081,88.22995835
gurdwara-nanaklama,"Gurdwara Nanaklama",Sikkim,Sikkim,heritage,Popular,4.3,7386,900,27.60433,88.645847
kitam-bird-sanctuary,"Kitam bird sanctuary",Sikkim,Sikkim,wildlife,Popular,4.4,12364,2500,27.1,88.333333333
tendong-gumpa,"Tendong Gumpa",Sikkim,Sikkim,heritage,Popular,4.1,13858,900,27.20611111,88.40805556
shri-viswa-vinayaka-mandir-rhenock,"Shri Viswa Vinayaka Mandir Rhenock",Sikkim,Sikkim,spiritual,Popular,4.5,3652,900,27.17,88.64
prahadisvarar-temple,"Prahadisvarar Temple",Tamil Nadu,Tamil Nadu,spiritual,Popular,4.5,4231,900,10.78305556,79.1325
san-thome-basilica,"San Thome Basilica",Tamil Nadu,Tamil Nadu,heritage,Popular,4.3,19198,900,13.0336,80.277831
ranganathaswamy-temple-srirangam,"Ranganathaswamy Temple, Srirangam",Tamil Nadu,Tamil Nadu,spiritual,Popular,4.2,5633,900,10.8621,78.6901
mudumalai-national-park,"Mudumalai National Park",Tamil Nadu,Tamil Nadu,wildlife,Popular,4.2,5015,2500,11.6,76.5
fort-st-george,"Fort St. George",Tamil Nadu,Tamil Nadu,heritage,Popular,4.4,5149,900,13.07972222,80.28694444
airavatesvara-temple,"Airavatesvara Temple",Tamil Nadu,Tamil Nadu,spiritual,Popular,4.6,10700,900,10.94841,79.356708
hogenakkal-falls,"Hogenakkal Falls",Tamil Nadu,Tamil Nadu,heritage,Popular,4.3,11802,900,12.1192,77.774
basilica-of-our-lady-of-good-health,"Basilica of Our Lady of Good Health",Tamil Nadu,Tamil Nadu,spiritual,Popular,4.4,17544,900,10.68031,79.84962
kailasanathar-temple-kanchipuram,"Kailasanathar Temple, Kanchipuram",Tamil Nadu,Tamil Nadu,spiritual,Popular,4.5,11331,900,12.84230695,79.68967944
mukurthi-national-park,"Mukurthi National Park",Tamil Nadu,Tamil Nadu,wildlife,Popular,4.4,14537,2500,11.266666666,76.475
gangaikonda-cholapuram-temple,"Gangaikonda Cholapuram Temple",Tamil Nadu,Tamil Nadu,spiritual,Popular,4.1,13529,900,11.206306,79.448447
agaya-gangai,"Agaya Gangai",Tamil Nadu,Tamil Nadu,heritage,Popular,4.3,18408,900,11.266944444,78.393888888
nataraja-temple,"Nataraja Temple",Tamil Nadu,Tamil Nadu,spiritual,Popular,4.3,17740,900,11.39944444,79.69333333
anaimalai-tiger-reserve,"Anaimalai Tiger Reserve",Tamil Nadu,Tamil Nadu,wildlife,Popular,4.5,10773,2500,10.366944444,77.125
gingee-fort,"Gingee Fort",Tamil Nadu,Tamil Nadu,heritage,Popular,4.1,13433,900,12.250833333,79.395833333
varadharaja-perumal-temple,"Varadharaja Perumal Temple",Tamil Nadu,Tamil Nadu,spiritual,Popular,4.1,19341,900,12.8194,79.7247
pykara,"Pykara",Tamil Nadu,Tamil Nadu,heritage,Popular,4.6,18453,900,11.45472222,76.59722222
thalaiyar-falls,"Thalaiyar Falls",Tamil Nadu,Tamil Nadu,heritage,Popular,4.7,13025,900,10.223888888,77.598611111
vellore-fort,"Vellore Fort",Tamil Nadu,Tamil Nadu,heritage,Popular,4.4,19305,900,12.920833333,79.128333333
lakshmi-narayani-golden-temple,"Lakshmi Narayani Golden Temple",Tamil Nadu,Tamil Nadu,spiritual,Popular,4.5,19943,900,12.873267,79.08842
varaha-cave-temple,"Varaha Cave Temple",Tamil Nadu,Tamil Nadu,spiritual,Popular,4.2,3278,900,12.6167,80.025
gulf-of-mannar-marine-national-park,"Gulf of Mannar Marine National Park",Tamil Nadu,Tamil Nadu,wildlife,Popular,4.7,17926,2500,9.1375,79.4725
nellaiappar-temple,"Nellaiappar Temple",Tamil Nadu,Tamil Nadu,spiritual,Popular,4.5,6554,900,8.727858,77.687156
siruvani-waterfalls,"Siruvani Waterfalls",Tamil Nadu,Tamil Nadu,heritage,Popular,4.1,20611,900,10.938011111,76.687177777
suruli-falls,"Suruli Falls",Tamil Nadu,Tamil Nadu,heritage,Popular,4.1,3961,900,9.664444444,77.303333333
kiliyur-falls,"Kiliyur Falls",Tamil Nadu,Tamil Nadu,heritage,Popular,4.3,9250,900,11.766666666,78.233333333
thirparappu-waterfalls,"Thirparappu Waterfalls",Tamil Nadu,Tamil Nadu,heritage,Popular,4.6,5832,900,8.391333333,77.259444444
fort-dansborg,"Fort Dansborg",Tamil Nadu,Tamil Nadu,heritage,Popular,4.7,3627,900,11.0246,79.8558
subramaniya-swamy-temple-tiruttani,"Subramaniya Swamy Temple, Tiruttani",Tamil Nadu,Tamil Nadu,spiritual,Popular,4.4,8636,900,13.1718,79.6038
ucchi-pillayar-temple-rockfort,"Ucchi Pillayar Temple, Rockfort",Tamil Nadu,Tamil Nadu,spiritual,Popular,4.5,14524,900,10.8285,78.6974
masani-amman,"Masānī Ammān",Tamil Nadu,Tamil Nadu,spiritual,Popular,4.3,19480,900,10.5755701,76.9348486
kutladampatti-falls,"Kutladampatti Falls",Tamil Nadu,Tamil Nadu,heritage,Popular,4.2,3122,900,10.131,78.017
dindigul-fort,"Dindigul Fort",Tamil Nadu,Tamil Nadu,heritage,Popular,4.4,20805,900,10.360555555,77.963055555
padmanabhapuram-palace,"Padmanabhapuram Palace",Tamil Nadu,Tamil Nadu,heritage,Popular,4.8,16284,900,8.250916,77.326702
karpaka-vinayakar-temple,"Karpaka Vinayakar Temple",Tamil Nadu,Tamil Nadu,spiritual,Popular,4.7,12680,900,10.118888888,78.668055555
maruthamalai-marudhachalamurthy-temple,"Maruthamalai Marudhachalamurthy Temple",Tamil Nadu,Tamil Nadu,spiritual,Popular,4.1,11347,900,11.04611111,76.85194444
dhandayuthapani-swamy-temple,"Dhandayuthapani Swamy Temple",Tamil Nadu,Tamil Nadu,spiritual,Popular,4.5,12552,900,10.438805,77.520261
tirumalai-tamil-nadu,"Tirumalai (Tamil Nadu)",Tamil Nadu,Tamil Nadu,spiritual,Popular,4.4,18859,900,12.22,79.07
chitharal-jain-monuments,"Chitharal Jain Monuments",Tamil Nadu,Tamil Nadu,spiritual,Popular,4.2,13478,900,8.3321348,77.2381845
tiger-cave,"Tiger Cave",Tamil Nadu,Tamil Nadu,spiritual,Popular,4.4,3196,900,12.6569852,80.2093449
vedanthangal-bird-sanctuary,"Vedanthangal Bird Sanctuary",Tamil Nadu,Tamil Nadu,wildlife,Popular,4.1,17057,2500,12.54598,79.8559
kumbakkarai-falls,"Kumbakkarai Falls",Tamil Nadu,Tamil Nadu,heritage,Popular,4.6,3768,900,10.18,77.530555555
grizzled-squirrel-wildlife-sanctuary,"Grizzled Squirrel Wildlife Sanctuary",Tamil Nadu,Tamil Nadu,wildlife,Popular,4.3,12145,2500,9.575,77.55833333
fort-st-david,"Fort St. David",Tamil Nadu,Tamil Nadu,heritage,Popular,4.6,16355,900,11.740592647,79.7793548
yathothkari-perumal-temple,"Yathothkari Perumal Temple",Tamil Nadu,Tamil Nadu,spiritual,Popular,4.6,4781,900,12.49,79.43
marundeeswarar-temple,"Marundeeswarar Temple",Tamil Nadu,Tamil Nadu,spiritual,Popular,4.6,15999,900,12.98555556,80.26138889
thirunadhikkara-cave-temple,"Thirunadhikkara Cave Temple",Tamil Nadu,Tamil Nadu,spiritual,Popular,4.5,2531,900,8.398970321,77.29747856
atcheeswarar-temple,"Atcheeswarar Temple",Tamil Nadu,Tamil Nadu,spiritual,Popular,4.5,3713,900,12.401,79.8177
kodumudi-magudeswarar-temple,"Kodumudi Magudeswarar temple",Tamil Nadu,Tamil Nadu,spiritual,Popular,4.2,14307,900,11.0833,77.8667
swamimalai-murugan-temple,"Swamimalai Murugan Temple",Tamil Nadu,Tamil Nadu,spiritual,Popular,4.1,1524,900,10.956844,79.325776
adikesava-perumal-temple,"Adikesava Perumal Temple",Tamil Nadu,Tamil Nadu,spiritual,Popular,4.7,11762,900,8.32972222,77.26583333
iskcon-temple-chennai,"ISKCON Temple Chennai",Tamil Nadu,Tamil Nadu,spiritual,Popular,4.5,10063,900,12.90611111,80.24166667
pataleeswarar-temple,"Pataleeswarar Temple",Tamil Nadu,Tamil Nadu,spiritual,Popular,4.6,12683,900,11.748358242,79.748628544
basilica-of-our-lady-of-snows-thoothukudi,"Basilica of Our Lady of Snows, Thoothukudi",Tamil Nadu,Tamil Nadu,hill_station,Popular,4.4,14389,1200,8.799444,78.156389
vijayalaya-cholesvaram,"Vijayalaya Cholesvaram",Tamil Nadu,Tamil Nadu,spiritual,Popular,4.2,6645,900,10.51305556,78.60111111
sri-appakkudathaan-perumal-temple,"Sri Appakkudathaan Perumal Temple",Tamil Nadu,Tamil Nadu,spiritual,Popular,4.8,8207,900,10.84055556,78.88638889
koothankulam-bird-sanctuary,"Koothankulam Bird Sanctuary",Tamil Nadu,Tamil Nadu,wildlife,Popular,4.8,10554,2500,8.58102,77.76123
kalakkad-mundanthurai-tiger-reserve,"Kalakkad Mundanthurai Tiger Reserve",Tamil Nadu,Tamil Nadu,wildlife,Popular,4.3,2780,2500,8.68333333,77.31666667
karaivetti-bird-sanctuary,"Karaivetti Bird Sanctuary",Tamil Nadu,Tamil Nadu,wildlife,Popular,4.4,16370,2500,10.970277777,79.041388888
arignar-anna-zoological-park,"Arignar Anna Zoological Park",Tamil Nadu,Tamil Nadu,wildlife,Popular,4.6,15202,2500,12.885,80.0953
vattakottai-fort,"Vattakottai Fort",Tamil Nadu,Tamil Nadu,heritage,Popular,4.6,11264,900,8.125672967,77.56490666
attur-fort,"Attur Fort",Tamil Nadu,Tamil Nadu,heritage,Popular,4.8,13427,900,11.603529,78.600868
thenkurangaduthurai-temple,"Thenkurangaduthurai Temple",Tamil Nadu,Tamil Nadu,spiritual,Popular,4.7,14893,900,11,79.3
thiruarimeya-vinnagaram,"Thiruarimeya Vinnagaram",Tamil Nadu,Tamil Nadu,spiritual,Popular,4.2,4222,900,11.1775,79.7792
vayalur-murugan-temple,"Vayalur Murugan Temple",Tamil Nadu,Tamil Nadu,spiritual,Popular,4.6,7709,900,10.8289,78.6232
samayapuram-mariamman-temple,"Samayapuram Mariamman Temple",Tamil Nadu,Tamil Nadu,spiritual,Popular,4.5,20111,900,10.9185,78.7389
tiruvalithayam,"Tiruvalithayam",Tamil Nadu,Tamil Nadu,spiritual,Popular,4.4,19154,900,13.1,80.1833
adhi-ratneswarar-temple,"Adhi Ratneswarar Temple",Tamil Nadu,Tamil Nadu,spiritual,Popular,4.2,5938,900,9.78333333,78.91944444
tiruvetkalam-pasupatheswarar-temple,"Tiruvetkalam Pasupatheswarar Temple",Tamil Nadu,Tamil Nadu,spiritual,Popular,4.2,17117,900,11.39138889,79.71963889
vadapalani-andavar-temple,"Vadapalani Andavar Temple",Tamil Nadu,Tamil Nadu,spiritual,Popular,4.2,3415,900,13.0527,80.2136
ulagalantha-perumal-temple-tirukoyilur,"Ulagalantha Perumal Temple, Tirukoyilur",Tamil Nadu,Tamil Nadu,spiritual,Popular,4.1,3508,900,11.95,79.2
mahalingeswarar-temple-thiruvidaimarudur,"Mahalingeswarar Temple, Thiruvidaimarudur",Tamil Nadu,Tamil Nadu,spiritual,Popular,4.2,17073,900,10.99444444,79.45027778
neyyadiappar-temple,"Neyyadiappar Temple",Tamil Nadu,Tamil Nadu,spiritual,Popular,4.6,19608,900,10.88333333,79.1
perur-pateeswarar-temple,"Perur Pateeswarar Temple",Tamil Nadu,Tamil Nadu,spiritual,Popular,4.2,19231,900,10.97583333,76.91472222
pazhamudircholai-murugan-temple,"Pazhamudircholai Murugan Temple",Tamil Nadu,Tamil Nadu,spiritual,Popular,4.6,2199,900,10.094107,78.223536
papanasanathar-temple,"Papanasanathar Temple",Tamil Nadu,Tamil Nadu,spiritual,Popular,4.7,15523,900,8.71333333,77.40583333
srivilliputhur-andal-temple,"Srivilliputhur Andal Temple",Tamil Nadu,Tamil Nadu,spiritual,Popular,4.5,5207,900,9.50888889,77.63222222
thyagaraja-temple-tiruvottiyur,"Thyagaraja Temple, Tiruvottiyur",Tamil Nadu,Tamil Nadu,spiritual,Popular,4.3,9409,900,13.15,80.3
moovar-koil,"Moovar Koil",Tamil Nadu,Tamil Nadu,spiritual,Popular,4.2,1839,900,10.541666666,78.519166666
sri-devaadi-raja-perumal-temple,"Sri Devaadi Raja Perumal Temple",Tamil Nadu,Tamil Nadu,spiritual,Popular,4.1,18353,900,11.6,79.33
sundaravarada-perumal-temple,"Sundaravarada Perumal Temple",Tamil Nadu,Tamil Nadu,spiritual,Popular,4.3,19917,900,12.61472222,79.755
odhanavaneswarar-temple-tiruchotruturai,"Odhanavaneswarar Temple, Tiruchotruturai",Tamil Nadu,Tamil Nadu,spiritual,Popular,4.5,11123,900,10.87555556,79.13777778
agniswarar-temple-kanjanur,"Agniswarar Temple, Kanjanur",Tamil Nadu,Tamil Nadu,spiritual,Popular,4.3,7982,900,11.06583333,79.49583333
vettuvan-koil,"Vettuvan Koil",Tamil Nadu,Tamil Nadu,spiritual,Popular,4.3,4968,900,9.1529512,77.7043968
bhaktavatsala-perumal-temple-thirunindravur,"Bhaktavatsala Perumal Temple, Thirunindravur",Tamil Nadu,Tamil Nadu,spiritual,Popular,4.6,6324,900,13.11138889,80.02611111
panchavarnaswamy-temple,"Panchavarnaswamy Temple",Tamil Nadu,Tamil Nadu,spiritual,Popular,4.7,2446,900,10.36666667,78.85
veeraraghava-swamy-temple,"Veeraraghava Swamy Temple",Tamil Nadu,Tamil Nadu,spiritual,Popular,4.8,7670,900,13.14305556,79.90694444
eri-katha-ramar-temple,"Eri-Katha Ramar Temple",Tamil Nadu,Tamil Nadu,spiritual,Popular,4.6,6438,900,12.48638889,79.89111111
tirumaanturai,"Tirumaanturai",Tamil Nadu,Tamil Nadu,spiritual,Popular,4.3,20812,900,10.85,78.85
thiruvadigai-temple-panruti,"Thiruvadigai Temple, Panruti",Tamil Nadu,Tamil Nadu,spiritual,Popular,4.3,3035,900,11.46,79.33
atulya-nadheswarar-temple,"Atulya Nadheswarar Temple",Tamil Nadu,Tamil Nadu,spiritual,Popular,4.8,3792,900,11.97444444,79.22027778
poondi-madha-basilica,"Poondi Madha Basilica",Tamil Nadu,Tamil Nadu,spiritual,Popular,4.2,21024,900,10.86111111,78.93833333
thenupuriswarar-temple,"Thenupuriswarar Temple",Tamil Nadu,Tamil Nadu,spiritual,Popular,4.2,9884,900,10.9167,79.3333
subramaniya-swamy-temple-tiruchendur,"Subramaniya Swamy Temple, Tiruchendur",Tamil Nadu,Tamil Nadu,spiritual,Popular,4.3,7879,900,8.49583,78.1292
thyagaraja-temple-tiruvarur,"Thyagaraja Temple, Tiruvarur",Tamil Nadu,Tamil Nadu,spiritual,Popular,4.4,8810,900,10.7667,79.65
jalantheeswarar-temple,"Jalantheeswarar Temple",Tamil Nadu,Tamil Nadu,spiritual,Popular,4.3,13834,900,13.01583333,79.73694444
thalagireeshwarar-temple,"Thalagireeshwarar Temple",Tamil Nadu,Tamil Nadu,spiritual,Popular,4.7,5086,900,12.104166666,79.378611111
kasi-viswanathar-temple-tenkasi,"Kasi Viswanathar temple, Tenkasi",Tamil Nadu,Tamil Nadu,spiritual,Popular,4.1,4562,900,8.95666667,77.3075
arulmigu-koniamman-temple,"Arulmigu Koniamman Temple",Tamil Nadu,Tamil Nadu,spiritual,Popular,4.2,15239,900,10.99333333,76.96361111
st-francis-xavier-s-cathedral-kottar,"St. Francis Xavier's Cathedral, Kottar",Tamil Nadu,Tamil Nadu,heritage,Popular,4.7,12362,900,8.17481,77.43869
st-george-s-cathedral,"St. George's Cathedral",Tamil Nadu,Tamil Nadu,heritage,Popular,4.4,3005,900,13.052138,80.252898
patalathri-narasimhar-temple,"Patalathri Narasimhar Temple",Tamil Nadu,Tamil Nadu,spiritual,Popular,4.5,14721,900,12.76194444,80.00416667
pundarikakshan-perumal-temple,"Pundarikakshan Perumal Temple",Tamil Nadu,Tamil Nadu,spiritual,Popular,4.2,4131,900,10.49,78.41
point-calimere-wildlife-and-bird-sanctuary,"Point Calimere Wildlife and Bird Sanctuary",Tamil Nadu,Tamil Nadu,wildlife,Popular,4.7,10311,2500,10.31,79.86
vaduvoor-bird-sanctuary,"Vaduvoor Bird Sanctuary",Tamil Nadu,Tamil Nadu,wildlife,Popular,4.7,17621,2500,10.6989,79.3225
agasthiyar-falls,"Agasthiyar Falls",Tamil Nadu,Tamil Nadu,heritage,Popular,4.5,17900,900,8.704166666,77.365277777
namakkal-fort,"Namakkal Fort",Tamil Nadu,Tamil Nadu,heritage,Popular,4.4,19957,900,11.233333,78.166667
alamparai-fort,"Alamparai Fort",Tamil Nadu,Tamil Nadu,heritage,Popular,4.4,8864,900,12.2659,80.0101
thirumayam-fort,"Thirumayam Fort",Tamil Nadu,Tamil Nadu,heritage,Popular,4.5,20652,900,10.2471,78.7508
thirukkadigai,"Thirukkadigai",Tamil Nadu,Tamil Nadu,spiritual,Popular,4.7,16429,900,13.07,79.25
thiruppathisaram,"Thiruppathisaram",Tamil Nadu,Tamil Nadu,spiritual,Popular,4.5,5377,900,8.20806,77.4475
thiruppullani,"Thiruppullani",Tamil Nadu,Tamil Nadu,spiritual,Popular,4.5,2526,900,9.288498,78.834457
mahendrapalli-tirumeni-azhagar-temple,"Mahendrapalli Tirumeni Azhagar Temple",Tamil Nadu,Tamil Nadu,spiritual,Popular,4.6,19748,900,11.363611111,79.793333333
vedapureeswarar-temple,"Vedapureeswarar Temple",Tamil Nadu,Tamil Nadu,spiritual,Popular,4.6,5840,900,12.39,79.32
chandra-choodeswarar-temple-hosur,"Chandra Choodeswarar Temple, Hosur",Tamil Nadu,Tamil Nadu,spiritual,Popular,4.4,11067,900,12.7257938,77.8363817
anna-nagar-ayyappan-koil-chennai,"Anna Nagar Ayyappan Koil, Chennai",Tamil Nadu,Tamil Nadu,spiritual,Popular,4.8,3771,900,13.085,80.21305556
tiruvaikavur-temple,"Tiruvaikavur Temple",Tamil Nadu,Tamil Nadu,spiritual,Popular,4.2,5371,900,10.9667,79.2667
uthirakosamangai,"Uthirakosamangai",Tamil Nadu,Tamil Nadu,spiritual,Popular,4.4,18929,900,9.31667,78.7333
vaithamanidhi-perumal-temple,"Vaithamanidhi Perumal Temple",Tamil Nadu,Tamil Nadu,spiritual,Popular,4.1,7462,900,8.59667,77.9578
eachanari-vinayagar-temple,"Eachanari Vinayagar Temple",Tamil Nadu,Tamil Nadu,spiritual,Popular,4.3,3256,900,10.9167,76.9833
rahu-stalam,"Rahu Stalam",Tamil Nadu,Tamil Nadu,spiritual,Popular,4.8,13735,900,10.96666667,79.45
kasi-viswanathar-temple-sivakasi,"Kasi Viswanathar temple, Sivakasi",Tamil Nadu,Tamil Nadu,spiritual,Popular,4.5,13870,900,9.45027778,77.79555556
thiruporur-kandaswamy-temple,"Thiruporur Kandaswamy temple",Tamil Nadu,Tamil Nadu,spiritual,Popular,4.7,9666,900,12.72527778,80.18888889
sattainathar-temple-sirkazhi,"Sattainathar Temple, Sirkazhi",Tamil Nadu,Tamil Nadu,spiritual,Popular,4.5,16094,900,11.23333333,79.73333333
sikkal-singaravelan-temple,"Sikkal Singaravelan Temple",Tamil Nadu,Tamil Nadu,spiritual,Popular,4.2,10373,900,10.756651,79.798685
sri-sivalokanathar-temple-tirupunkur,"Sri Sivalokanathar Temple, Tirupunkur",Tamil Nadu,Tamil Nadu,spiritual,Popular,4.4,8071,900,11.13055556,79.79
sri-srinivasa-perumal-temple-tirukulandhai,"Sri Srinivasa Perumal Temple, Tirukulandhai",Tamil Nadu,Tamil Nadu,spiritual,Popular,4.6,18048,900,8.64806,77.9992
srivaikuntanathan-permual-temple,"Srivaikuntanathan Permual Temple",Tamil Nadu,Tamil Nadu,spiritual,Popular,4.8,14100,900,8.61667,77.9333
pasupateeswarar-temple-karur,"Pasupateeswarar Temple, Karur",Tamil Nadu,Tamil Nadu,spiritual,Popular,4.5,12933,900,10.95,78.08333333
thirumuruganatheeswar-temple,"Thirumuruganatheeswar Temple",Tamil Nadu,Tamil Nadu,spiritual,Popular,4.7,12001,900,11.165,77.31138889
avudaiyarkoil,"Avudaiyarkoil",Tamil Nadu,Tamil Nadu,spiritual,Popular,4.5,17290,900,10.073055555,79.04
brahmapureeswarar-temple-thirukkuvalai,"Brahmapureeswarar Temple, Thirukkuvalai",Tamil Nadu,Tamil Nadu,spiritual,Popular,4.3,2396,900,10.61666667,79.71666667
mayuranathaswami-temple-mayiladuthurai,"Mayuranathaswami Temple, Mayiladuthurai",Tamil Nadu,Tamil Nadu,spiritual,Popular,4.4,18298,900,11,79
ponsei-natrunaiyappar-temple,"Ponsei Natrunaiyappar Temple",Tamil Nadu,Tamil Nadu,spiritual,Popular,4.8,9662,900,11.1307,79.7596
thindal-murugan-temple,"Thindal Murugan Temple",Tamil Nadu,Tamil Nadu,spiritual,Popular,4.6,15009,900,11.3189799,77.6751482
thirumakaraleeswarar-temple,"Thirumakaraleeswarar Temple",Tamil Nadu,Tamil Nadu,spiritual,Popular,4.3,5946,900,12.71833333,79.75472222
shanmughanathar-temple-kunnakudi,"Shanmughanathar Temple, Kunnakudi",Tamil Nadu,Tamil Nadu,spiritual,Popular,4.4,12934,900,10.115,78.69916667
pushpavaneswarar-temple,"Pushpavaneswarar temple",Tamil Nadu,Tamil Nadu,spiritual,Popular,4.3,15799,900,9.82694444,78.25666667
amirthakadeswarar-temple-sakkottai,"Amirthakadeswarar Temple, Sakkottai",Tamil Nadu,Tamil Nadu,spiritual,Popular,4.1,3511,900,10.93530278,79.39983333
pushpavananathar-temple-tiruppoonturutti,"Pushpavananathar Temple, Tiruppoonturutti",Tamil Nadu,Tamil Nadu,spiritual,Popular,4.5,15616,900,10.86055556,79.07944444
koneswarar-temple-kudavasal,"Koneswarar Temple, Kudavasal",Tamil Nadu,Tamil Nadu,spiritual,Popular,4.5,7756,900,10.85805556,79.48222222
nadutariappar-temple,"Nadutariappar Temple",Tamil Nadu,Tamil Nadu,spiritual,Popular,4.3,13246,900,10.70472222,79.69666667
rajagopalaswamy-temple-mannargudi,"Rajagopalaswamy Temple, Mannargudi",Tamil Nadu,Tamil Nadu,spiritual,Popular,4.7,8830,900,10.66694444,79.44222222
thirukutralam,"Thirukutralam",Tamil Nadu,Tamil Nadu,spiritual,Popular,4.4,3960,900,8.92917,77.2692
prananadeswarar-temple,"Prananadeswarar Temple",Tamil Nadu,Tamil Nadu,spiritual,Popular,4.6,10616,900,11.02416667,79.47055556
erumbeeswarar-temple,"Erumbeeswarar Temple",Tamil Nadu,Tamil Nadu,spiritual,Popular,4.3,12766,900,10.79277778,78.7675
vekkali-amman-temple,"Vekkali Amman Temple",Tamil Nadu,Tamil Nadu,spiritual,Popular,4.4,15412,900,10.839,78.67
vaseeswarar-temple,"Vaseeswarar Temple",Tamil Nadu,Tamil Nadu,spiritual,Popular,4.5,13821,900,13.14083333,79.87611111
tiruppukkozhiyur,"Tiruppukkozhiyur",Tamil Nadu,Tamil Nadu,spiritual,Popular,4.5,4941,900,11.1833,77.2667
vedapureeswarar-temple-thiruverkadu,"Vedapureeswarar Temple, Thiruverkadu",Tamil Nadu,Tamil Nadu,spiritual,Popular,4.2,2944,900,13.07138889,80.11472222
vedagiriswarar-temple,"Vedagiriswarar temple",Tamil Nadu,Tamil Nadu,spiritual,Popular,4.5,10190,900,12.6067,80.0625
apatsahayesvarar-temple-alangudi,"Apatsahayesvarar Temple, Alangudi",Tamil Nadu,Tamil Nadu,spiritual,Popular,4.8,7537,900,10.36666667,78.96666667
chenraya-perumal-temple,"Chenraya Perumal Temple",Tamil Nadu,Tamil Nadu,spiritual,Popular,4.6,19397,900,12.074774,78.119289
padikasu-nathar-temple,"Padikasu Nathar Temple",Tamil Nadu,Tamil Nadu,spiritual,Popular,4.7,2977,900,10.93025556,79.42951667
pasupatiswarar-temple,"Pasupatiswarar Temple",Tamil Nadu,Tamil Nadu,spiritual,Popular,4.6,14395,900,11.11666667,79.51666667
thiruvali-thirunagari,"Thiruvali-Thirunagari",Tamil Nadu,Tamil Nadu,spiritual,Popular,4.8,8113,900,11.2256,79.7994
thiruvanthipuram-temple,"Thiruvanthipuram temple",Tamil Nadu,Tamil Nadu,spiritual,Popular,4.2,7542,900,11.7448,79.709
thirukumaresar-temple,"Thirukumaresar temple",Tamil Nadu,Tamil Nadu,spiritual,Popular,4.6,19874,900,11.42388889,79.34777778
tirutalinathar-temple,"Tirutalinathar Temple",Tamil Nadu,Tamil Nadu,spiritual,Popular,4.8,17307,900,10.111666666,78.6025
sudarkozhundeeswarar-temple-pennadam,"Sudarkozhundeeswarar Temple, Pennadam",Tamil Nadu,Tamil Nadu,spiritual,Popular,4.2,20885,900,11.4025,79.25666667
avanibhajana-pallaveshwaram-temple,"Avanibhajana Pallaveshwaram temple",Tamil Nadu,Tamil Nadu,spiritual,Popular,4.2,2426,900,12.43111111,79.46638889
nithyakalyana-perumal-temple,"Nithyakalyana Perumal temple",Tamil Nadu,Tamil Nadu,spiritual,Popular,4.2,7698,900,12.763364968,80.241908596
arasaleeswarar-temple,"Arasaleeswarar temple",Tamil Nadu,Tamil Nadu,spiritual,Popular,4.2,18183,900,12.0525,79.77277778
nehanurpatti,"Nehanurpatti",Tamil Nadu,Tamil Nadu,spiritual,Popular,4.6,17517,900,12.28734,79.444885
vilwanatheswarar-temple,"Vilwanatheswarar temple",Tamil Nadu,Tamil Nadu,spiritual,Popular,4.4,8830,900,12.98472222,79.26638889
innambur-ezhutharinathar-temple,"Innambur Ezhutharinathar Temple",Tamil Nadu,Tamil Nadu,spiritual,Popular,4.3,16749,900,10.98166667,79.33888889
sakshinatheswarar-temple-thiruppurambiyam,"Sakshinatheswarar Temple, Thiruppurambiyam.",Tamil Nadu,Tamil Nadu,spiritual,Popular,4.5,12820,900,10.48333333,78.68333333
amirthakadeswarar-temple,"Amirthakadeswarar Temple",Tamil Nadu,Tamil Nadu,spiritual,Popular,4.5,13678,900,11.236737,79.52706
thirumalapadi-siva-temple,"Thirumalapadi Siva Temple",Tamil Nadu,Tamil Nadu,spiritual,Popular,4.7,12662,900,10.89944444,79.05833333
abirameswarar-temple,"Abirameswarar temple",Tamil Nadu,Tamil Nadu,spiritual,Popular,4.5,1854,900,11.96763889,79.46569444
marundeeswarar-temple-t-edayar,"Marundeeswarar Temple, T. Edayar",Tamil Nadu,Tamil Nadu,spiritual,Popular,4.3,10403,900,11.89305556,79.33666667
sivalokanathar-temple-gramam,"Sivalokanathar temple, Gramam",Tamil Nadu,Tamil Nadu,spiritual,Popular,4.6,14599,900,11.85,79.40444444
chandramouleeswar-temple-thiruvakkarai,"Chandramouleeswar temple, Thiruvakkarai",Tamil Nadu,Tamil Nadu,spiritual,Popular,4.3,4527,900,12.02777778,79.65222222
bhaktajaneswarar-temple,"Bhaktajaneswarar temple",Tamil Nadu,Tamil Nadu,spiritual,Popular,4.2,19623,900,11.75875,79.39875
kasi-viswanathar-temple-kumbakonam,"Kasi Viswanathar Temple, Kumbakonam",Tamil Nadu,Tamil Nadu,spiritual,Popular,4.4,2747,900,10.98333333,79.36666667
sangameswarar-temple,"Sangameswarar Temple",Tamil Nadu,Tamil Nadu,spiritual,Popular,4.3,20744,900,11.433611111,77.682777777
sri-vadaranyeswarar-temple,"Sri Vadaranyeswarar Temple",Tamil Nadu,Tamil Nadu,spiritual,Popular,4.1,16140,900,13.13,79.775
ninra-narayana-perumal-temple,"Ninra Narayana Perumal temple",Tamil Nadu,Tamil Nadu,spiritual,Popular,4.6,10197,900,9.481,77.813
kazheesirama-vinnagaram,"Kazheesirama Vinnagaram",Tamil Nadu,Tamil Nadu,spiritual,Popular,4.2,18288,900,11.11,79.43
bhu-varaha-swamy-temple,"Bhu Varaha Swamy temple",Tamil Nadu,Tamil Nadu,spiritual,Popular,4.2,4357,900,11.4019,79.4053
makara-nedunkuzhai-kannan-temple,"Makara Nedunkuzhai Kannan Temple",Tamil Nadu,Tamil Nadu,spiritual,Popular,4.5,12843,900,8.61055556,78.00138889
adhirangam-ranganathaswamy-temple,"Adhirangam Ranganathaswamy temple",Tamil Nadu,Tamil Nadu,spiritual,Popular,4.2,20560,900,12.00277778,79.06166667
katary-falls,"Katary Falls",Tamil Nadu,Tamil Nadu,heritage,Popular,4.8,14906,900,11.338032,76.736777
chitrangudi-bird-sanctuary,"Chitrangudi Bird Sanctuary",Tamil Nadu,Tamil Nadu,wildlife,Popular,4.4,13986,2500,9.32277778,78.48666667
vallanadu-wildlife-sanctuary,"Vallanadu Wildlife Sanctuary",Tamil Nadu,Tamil Nadu,wildlife,Popular,4.7,20439,2500,8.7011,77.8876
vellode-birds-sanctuary,"Vellode Birds Sanctuary",Tamil Nadu,Tamil Nadu,wildlife,Popular,4.5,9669,2500,11.2525,77.6522
fort-vijf-sinnen,"Fort Vijf Sinnen",Tamil Nadu,Tamil Nadu,heritage,Popular,4.5,2760,900,10.75,79.8333
sankagiri-fort,"Sankagiri Fort",Tamil Nadu,Tamil Nadu,heritage,Popular,4.3,13847,900,11.77,78.203
thiruppunavayil,"Thiruppunavayil",Tamil Nadu,Tamil Nadu,spiritual,Popular,4.5,17238,900,9.89417,79.0636
vriddhagiriswarar-temple-vriddhachalam,"Vriddhagiriswarar Temple, Vriddhachalam",Tamil Nadu,Tamil Nadu,spiritual,Popular,4.4,10219,900,11.3,79.2
thiruchuzhial,"Thiruchuzhial",Tamil Nadu,Tamil Nadu,spiritual,Popular,4.4,11132,900,9.7,78.483
achalpuram-shivalokathyagar-temple,"Achalpuram Shivalokathyagar Temple",Tamil Nadu,Tamil Nadu,spiritual,Popular,4.5,9873,900,11.329,79.755689
tirunellikka-nellivananathar-temple,"Tirunellikka Nellivananathar Temple",Tamil Nadu,Tamil Nadu,spiritual,Popular,4.2,19147,900,10.653333333,79.632777777
tiruppaatrurai-adhimooleswarar-temple,"Tiruppaatrurai Adhimooleswarar Temple",Tamil Nadu,Tamil Nadu,spiritual,Popular,4.5,14303,900,10.84583333,78.76916667
dandeeswarar-temple,"Dandeeswarar Temple",Tamil Nadu,Tamil Nadu,spiritual,Popular,4.8,3594,900,12.84611111,80.06472222
koothanur-maha-saraswathi-temple,"Koothanur Maha Saraswathi Temple",Tamil Nadu,Tamil Nadu,spiritual,Popular,4.1,15070,900,10.933186,79.645662
mondaicaud-bhagavathi-temple,"Mondaicaud Bhagavathi Temple",Tamil Nadu,Tamil Nadu,spiritual,Popular,4.4,20932,900,8.16326,77.280153
mudikondan-kothandaramar-temple,"Mudikondan Kothandaramar Temple",Tamil Nadu,Tamil Nadu,spiritual,Popular,4.5,4547,900,10.9025,79.64327778
nagannathaswamy-temple-keezhaperumpallam,"Nagannathaswamy Temple, Keezhaperumpallam",Tamil Nadu,Tamil Nadu,spiritual,Popular,4.3,18734,900,11.1351,79.8353
narasingam-yoga-narasimha-perumal-temple,"Narasingam Yoga Narasimha Perumal Temple",Tamil Nadu,Tamil Nadu,spiritual,Popular,4.3,3041,900,9.96682,78.1889
paampuranathar-temple-thirupampuram,"Paampuranathar Temple, Thirupampuram",Tamil Nadu,Tamil Nadu,spiritual,Popular,4.4,15390,900,10.95,79.61666667
edaganathar-temple,"Edaganathar temple",Tamil Nadu,Tamil Nadu,spiritual,Popular,4.6,6623,900,9.59,77.59
vandiyur-mariamman-temple,"Vandiyur Mariamman Temple",Tamil Nadu,Tamil Nadu,spiritual,Popular,4.1,2789,900,9.910348864,78.147863759
agnipureeswarar-temple-thirupugalur,"Agnipureeswarar Temple, Thirupugalur",Tamil Nadu,Tamil Nadu,spiritual,Popular,4.3,9758,900,10.88472222,79.70305556
someswarar-temple-pazhayarai,"Someswarar Temple, Pazhayarai",Tamil Nadu,Tamil Nadu,spiritual,Popular,4.1,3793,900,10.63333333,79.23333333
sri-venkatesa-perumal-temple-melathiruppathi-mondipalayam,"Sri Venkatesa Perumal Temple (Melathiruppathi) – Mondipalayam",Tamil Nadu,Tamil Nadu,spiritual,Popular,4.4,2406,900,11.2942,77.1647
keezhvelur-kediliappar-temple,"Keezhvelur Kediliappar Temple",Tamil Nadu,Tamil Nadu,spiritual,Popular,4.4,7946,900,10.767574,79.740495
swamithope-pathi,"Swamithope Pathi",Tamil Nadu,Tamil Nadu,spiritual,Popular,4.7,1884,900,8.11705,77.4913
ithiyapuram-kaavu,"Ithiyapuram kaavu",Tamil Nadu,Tamil Nadu,spiritual,Popular,4.4,3715,900,8.3076,77.221785
thanthondreeswarar-temple,"Thanthondreeswarar Temple",Tamil Nadu,Tamil Nadu,spiritual,Popular,4.2,7718,900,11.7075,78.404166666
amritaghateswarar-abirami-temple-thirukkadaiyur,"Amritaghateswarar-Abirami Temple,Thirukkadaiyur",Tamil Nadu,Tamil Nadu,spiritual,Popular,4.3,8414,900,11.0775,79.81833333
swetharanyeswarar-temple,"Swetharanyeswarar Temple",Tamil Nadu,Tamil Nadu,spiritual,Popular,4.6,19753,900,11.1753,79.8094
agastheeswarar-temple,"Agastheeswarar Temple",Tamil Nadu,Tamil Nadu,spiritual,Popular,4.7,7079,900,10.35777778,79.84666667
soundararajaperumal-temple-thadikombu,"Soundararajaperumal Temple, Thadikombu",Tamil Nadu,Tamil Nadu,spiritual,Popular,4.8,5808,900,10.43972222,77.95388889
vallakottai-subramaniyaswami-temple,"Vallakottai Subramaniyaswami temple",Tamil Nadu,Tamil Nadu,spiritual,Popular,4.2,9880,900,12.88361111,79.93333333
adikesava-perumal-temple-sriperumpudur,"Adikesava Perumal temple, Sriperumpudur",Tamil Nadu,Tamil Nadu,spiritual,Popular,4.4,8823,900,12.96833333,79.94861111
sowmya-narayana-perumal-temple,"Sowmya Narayana Perumal temple",Tamil Nadu,Tamil Nadu,spiritual,Popular,4.1,7455,900,10.06083333,78.56
chakravageswarar-temple,"Chakravageswarar Temple",Tamil Nadu,Tamil Nadu,spiritual,Popular,4.5,9872,900,10.90194444,79.19916667
piranmalai-kodunkundreeswar-temple,"Piranmalai Kodunkundreeswar Temple",Tamil Nadu,Tamil Nadu,spiritual,Popular,4.7,7788,900,10.23861111,78.43694444
punnainallur-mariamman,"Punnainallur Mariamman",Tamil Nadu,Tamil Nadu,spiritual,Popular,4.6,9255,900,10.785319,79.189593
bhaktavatsala-perumal-temple,"Bhaktavatsala Perumal Temple",Tamil Nadu,Tamil Nadu,spiritual,Popular,4.5,16418,900,10.79944444,79.58694444
tirucherai-saranathan-temple,"Tirucherai Saranathan Temple",Tamil Nadu,Tamil Nadu,spiritual,Popular,4.7,18045,900,10.9322,79.5328
valisvara-temple,"Valisvara Temple",Tamil Nadu,Tamil Nadu,spiritual,Popular,4.7,4243,900,8.739611111,77.439888888
suyambulingaswamy-temple-uvari,"Suyambulingaswamy Temple, Uvari",Tamil Nadu,Tamil Nadu,spiritual,Popular,4.6,16766,900,8.286111111,77.899166666
anjaneya-temple-nanganallur,"Anjaneya Temple, Nanganallur",Tamil Nadu,Tamil Nadu,spiritual,Popular,4.7,10804,900,12.986276,80.194308
jakath-rakshaka-perumal-temple-thirukkoodaloor,"Jakath Rakshaka Perumal Temple, Thirukkoodaloor.",Tamil Nadu,Tamil Nadu,spiritual,Popular,4.5,14549,900,10.99055556,79.66944444
mel-sithamur-jain-math,"Mel Sithamur Jain Math",Tamil Nadu,Tamil Nadu,spiritual,Popular,4.6,12933,900,12.26972222,79.51416667
oondreswarar-temple,"Oondreswarar Temple",Tamil Nadu,Tamil Nadu,spiritual,Popular,4.2,2293,900,13.20805556,79.87861111
choleesvarar-temple-mulanur,"Choleesvarar Temple, Mulanur",Tamil Nadu,Tamil Nadu,spiritual,Popular,4.3,15043,900,10.796545,77.710445
uthanda-velayudhasamy-temple-uthiyur,"Uthanda VelayudhaSamy Temple, Uthiyur",Tamil Nadu,Tamil Nadu,spiritual,Popular,4.5,17052,900,10.892083333,77.524638888
bannari-amman-temple,"Bannari Amman Temple",Tamil Nadu,Tamil Nadu,spiritual,Popular,4.2,18798,900,11.552847,77.139363
kaliyuga-varadaraja-perumal-temple,"Kaliyuga Varadaraja Perumal Temple",Tamil Nadu,Tamil Nadu,spiritual,Popular,4.5,15080,900,11.15036111,79.11993056
palaivananathar-temple,"Palaivananathar Temple",Tamil Nadu,Tamil Nadu,spiritual,Popular,4.1,13851,900,10.93333333,79.28333333
parimala-ranganatha-perumal-temple,"Parimala Ranganatha Perumal Temple",Tamil Nadu,Tamil Nadu,spiritual,Popular,4.7,3840,900,11.10944444,79.64722222
venjamakoodal,"Venjamakoodal",Tamil Nadu,Tamil Nadu,spiritual,Popular,4.7,15716,900,11.1833,77.6833
kolanjiappar-temple,"Kolanjiappar Temple",Tamil Nadu,Tamil Nadu,spiritual,Popular,4.4,3924,900,11.52194444,79.29972222
akshayapureeswarar-temple,"Akshayapureeswarar Temple",Tamil Nadu,Tamil Nadu,spiritual,Popular,4.8,10931,900,10.1981099,79.2197236
ranganathaswamy-temple-karamadai,"Ranganathaswamy Temple, Karamadai",Tamil Nadu,Tamil Nadu,spiritual,Popular,4.2,20402,900,11.24222222,76.96027778
narthana-vallabeswarar-temple,"Narthana Vallabeswarar temple",Tamil Nadu,Tamil Nadu,spiritual,Popular,4.7,10285,900,11.41583333,79.47722222
basilica-of-our-lady-of-the-holy-rosary-karumathampatti,"Basilica of Our Lady of the Holy Rosary, Karumathampatti",Tamil Nadu,Tamil Nadu,spiritual,Popular,4.3,8452,900,11.108485,77.182178
dalavanur,"Dalavanur",Tamil Nadu,Tamil Nadu,spiritual,Popular,4.7,15589,900,12.151005,79.478474
thirumarperu,"Thirumarperu",Tamil Nadu,Tamil Nadu,spiritual,Popular,4.5,1540,900,12.9567,79.6736
ardhanareeswarar-temple,"Ardhanareeswarar Temple",Tamil Nadu,Tamil Nadu,spiritual,Popular,4.6,9688,900,11.25,77.93333333
navapashanam-temple,"Navapashanam temple",Tamil Nadu,Tamil Nadu,spiritual,Popular,4.7,9260,900,9.48138889,78.89861111
sivasailam-temple,"Sivasailam Temple",Tamil Nadu,Tamil Nadu,spiritual,Popular,4.8,8117,900,8.78111111,77.34277778
kripapureeswarar-temple,"Kripapureeswarar Temple",Tamil Nadu,Tamil Nadu,spiritual,Popular,4.6,16222,900,11.86027778,79.36638889
netroddharakaswami-temple,"Netroddharakaswami Temple",Tamil Nadu,Tamil Nadu,spiritual,Popular,4.4,1540,900,12.00777778,79.53666667
kola-valvill-ramar-temple-tiruvelliyangudi,"Kola Valvill Ramar Temple, Tiruvelliyangudi",Tamil Nadu,Tamil Nadu,spiritual,Popular,4.3,2663,900,11.05694444,79.44333333
prasanna-venkatachalapathy-temple,"Prasanna Venkatachalapathy Temple",Tamil Nadu,Tamil Nadu,spiritual,Popular,4.3,17148,900,10.90204722,78.56777778
jagannath-temple-chennai,"Jagannath Temple, Chennai",Tamil Nadu,Tamil Nadu,spiritual,Popular,4.8,4357,900,12.8502325,80.2435036
udayamarthandapuram-bird-sanctuary,"Udayamarthandapuram Bird Sanctuary",Tamil Nadu,Tamil Nadu,wildlife,Popular,4.7,14351,2500,10.4505,79.5545
kodaikanal-wildlife-sanctuary,"Kodaikanal Wildlife Sanctuary",Tamil Nadu,Tamil Nadu,wildlife,Popular,4.8,14411,2500,10.383333333,77.8
vettangudi-bird-sanctuary,"Vettangudi Bird Sanctuary",Tamil Nadu,Tamil Nadu,wildlife,Popular,4.3,10937,2500,10.112,78.51
kalhatty-falls,"Kalhatty Falls",Tamil Nadu,Tamil Nadu,heritage,Popular,4.3,7084,900,11.479166666,76.679444444
dash-n-splash,"Dash n Splash",Tamil Nadu,Tamil Nadu,heritage,Popular,4.3,4933,900,13.027691,80.010831
kurumbapatti-zoological-park,"Kurumbapatti Zoological Park",Tamil Nadu,Tamil Nadu,wildlife,Popular,4.6,6638,2500,11.744153,78.170944
ranjankudi-fort,"Ranjankudi Fort",Tamil Nadu,Tamil Nadu,heritage,Popular,4.7,18456,900,11.346,78.939
kokarneswarar-temple-thirukokarnam,"Kokarneswarar Temple, Thirukokarnam",Tamil Nadu,Tamil Nadu,spiritual,Popular,4.4,14643,900,10.391512,78.800634
thiruppudaimarudur,"Thiruppudaimarudur",Tamil Nadu,Tamil Nadu,spiritual,Popular,4.3,15169,900,8.696666666,77.518611111
anniyur-agnipureeswarar-temple,"Anniyur Agnipureeswarar Temple",Tamil Nadu,Tamil Nadu,spiritual,Popular,4.4,9872,900,10.964722222,79.559444444
aakkoor-thanthondreeswarar-temple,"Aakkoor Thanthondreeswarar Temple",Tamil Nadu,Tamil Nadu,spiritual,Popular,4.2,11695,900,11.102909,79.785929
anniyur-abathsahayeswarar-temple,"Anniyur Abathsahayeswarar Temple",Tamil Nadu,Tamil Nadu,spiritual,Popular,4.5,10608,900,11.1225,79.606388888
korukkai-veeratteswarar-temple,"Korukkai Veeratteswarar Temple",Tamil Nadu,Tamil Nadu,spiritual,Popular,4.6,10023,900,11.155277777,79.6125
tirundudevankudi-karkadeswarar-temple,"Tirundudevankudi Karkadeswarar Temple",Tamil Nadu,Tamil Nadu,spiritual,Popular,4.3,14005,900,11.015833333,79.421666666
tirunedunkulam-nedungalanathar-temple,"Tirunedunkulam Nedungalanathar Temple",Tamil Nadu,Tamil Nadu,spiritual,Popular,4.4,8446,900,10.770555555,78.8525
tirupandurai-sivanandeswarar-temple,"Tirupandurai Sivanandeswarar Temple",Tamil Nadu,Tamil Nadu,spiritual,Popular,4.6,18420,900,10.925555555,79.460277777
tirupalli-mukkudal-tirunethranathar-temple,"Tirupalli Mukkudal Tirunethranathar Temple",Tamil Nadu,Tamil Nadu,spiritual,Popular,4.5,13035,900,10.798333333,79.656944444
tirumanancheri-udhvaganathar-temple,"Tirumanancheri Udhvaganathar Temple",Tamil Nadu,Tamil Nadu,spiritual,Popular,4.8,20094,900,11.106944444,79.57
thiruvattathurai-theerthapureeswarar-temple,"Thiruvattathurai Theerthapureeswarar Temple",Tamil Nadu,Tamil Nadu,spiritual,Popular,4.4,20208,900,11.3840414,79.1855777
tiruvalaputhur-manickavannar-temple,"Tiruvalaputhur Manickavannar Temple",Tamil Nadu,Tamil Nadu,spiritual,Popular,4.3,18076,900,11.200277777,79.62
tiruvirkudi-veerataneswarar-temple,"Tiruvirkudi Veerataneswarar Temple",Tamil Nadu,Tamil Nadu,spiritual,Popular,4.1,2518,900,10.831111111,79.663333333
uchira-vaneswarar-temple,"Uchira Vaneswarar Temple",Tamil Nadu,Tamil Nadu,spiritual,Popular,4.2,17497,900,11.105701,79.707484
arulmigu-prasanna-venkatesa-perumal-temple,"Arulmigu Prasanna Venkatesa Perumal Temple",Tamil Nadu,Tamil Nadu,spiritual,Popular,4.5,12995,900,12.9003,79.4514
kuzhanthai-velappar-temple,"Kuzhanthai Velappar temple",Tamil Nadu,Tamil Nadu,spiritual,Popular,4.3,3180,900,10.25638889,77.40722222
twin-temples-keezhaiyur,"Twin Temples, Keezhaiyur",Tamil Nadu,Tamil Nadu,spiritual,Popular,4.8,2361,900,11.0424555,79.0408116
masilamaniswara-temple-thirumullaivoyal,"Masilamaniswara Temple, Thirumullaivoyal",Tamil Nadu,Tamil Nadu,spiritual,Popular,4.2,2188,900,13.11666667,80.11666667
venni-karumbeswarar-temple,"Venni Karumbeswarar Temple",Tamil Nadu,Tamil Nadu,spiritual,Popular,4.4,11202,900,10.78,79.35
piramanoor-kailasha-nathar-temple,"Piramanoor Kailasha Nathar Temple",Tamil Nadu,Tamil Nadu,spiritual,Popular,4.7,12110,900,9.770419,78.276089
shri-pathirakali-mariamman-temple,"Shri Pathirakali Mariamman Temple",Tamil Nadu,Tamil Nadu,spiritual,Popular,4.3,20463,900,9.81,77.98
chennai-om-sri-skandhashramam,"Chennai Om Sri Skandhashramam",Tamil Nadu,Tamil Nadu,spiritual,Popular,4.4,15646,900,12.920611111,80.1485
betrayaswamy-temple,"Betrayaswamy Temple",Tamil Nadu,Tamil Nadu,spiritual,Popular,4.3,11149,900,12.51611111,77.79861111
ashtamsa-varadha-anjaneyar-temple,"Ashtamsa Varadha Anjaneyar Temple",Tamil Nadu,Tamil Nadu,spiritual,Popular,4.5,5233,900,11.0211,76.9969
pratyangira-temple-hosur,"Pratyangira temple, Hosur",Tamil Nadu,Tamil Nadu,spiritual,Popular,4.4,19100,900,12.727,77.8699
kamakshi-amman-temple-mangadu,"Kamakshi Amman Temple, Mangadu",Tamil Nadu,Tamil Nadu,spiritual,Popular,4.5,19248,900,13.029969,80.110375
kamakshi-amman-temple-saidapet,"Kamakshi Amman Temple, Saidapet",Tamil Nadu,Tamil Nadu,spiritual,Popular,4.3,3030,900,13.021001,80.220251
rathnagiriswarar-temple-thirumarugal,"Rathnagiriswarar Temple,Thirumarugal",Tamil Nadu,Tamil Nadu,spiritual,Popular,4.7,13749,900,10.868888888,79.746666666
ravishwarar-temple,"Ravishwarar Temple",Tamil Nadu,Tamil Nadu,spiritual,Popular,4.3,10780,900,13.1157,80.2617
sri-navaladi-karuppannaswami-temple-mohanur,"Sri Navaladi Karuppannaswami Temple – Mohanur",Tamil Nadu,Tamil Nadu,spiritual,Popular,4.7,7983,900,11.05311111,78.14541667
kaichinam-kaichineswarar-temple,"Kaichinam Kaichineswarar Temple",Tamil Nadu,Tamil Nadu,spiritual,Popular,4.3,21098,900,10.624496,79.667664
kodi-kuzhagar-temple,"Kodi Kuzhagar Temple",Tamil Nadu,Tamil Nadu,spiritual,Popular,4.5,21064,900,10.30361111,79.82861111
varadaraja-perumal-temple-shoolagiri,"Varadaraja Perumal Temple, Shoolagiri",Tamil Nadu,Tamil Nadu,spiritual,Popular,4.3,11033,900,12.664,78.012
pallikonda-perumal-temple-malayadippatti,"Pallikonda Perumal Temple, Malayadippatti",Tamil Nadu,Tamil Nadu,spiritual,Popular,4.3,12588,900,10.654166666,78.896666666
ekambaranathar-temple-tiruvekambathur,"Ekambaranathar Temple, Tiruvekambathur",Tamil Nadu,Tamil Nadu,spiritual,Popular,4.7,20836,900,9.8316,78.7833
kundrathur-murugan-temple,"Kundrathur Murugan Temple",Tamil Nadu,Tamil Nadu,spiritual,Popular,4.7,1926,900,12.9974,80.0966
pachaimalai-subramanya-swamy-temple,"Pachaimalai Subramanya Swamy Temple",Tamil Nadu,Tamil Nadu,spiritual,Popular,4.2,2865,900,11.7333,77.7333
kanthaswamy-temple-cheyyur,"Kanthaswamy Temple, Cheyyur",Tamil Nadu,Tamil Nadu,spiritual,Popular,4.3,11335,900,12.3525,80.03944444
vijayaraghava-perumal-temple,"Vijayaraghava Perumal temple",Tamil Nadu,Tamil Nadu,spiritual,Popular,4.4,2170,900,12.8725,79.61888889
cherugudi-sukshmapureeswarar-temple,"Cherugudi Sukshmapureeswarar Temple",Tamil Nadu,Tamil Nadu,spiritual,Popular,4.4,8141,900,10.96527778,79.58694444
tirumeeyachur-mehanadhar-temple,"Tirumeeyachur Mehanadhar Temple",Tamil Nadu,Tamil Nadu,spiritual,Popular,4.7,8696,900,10.96277778,79.64722222
sathya-vageeswarar-temple-kalakkad,"Sathya Vageeswarar Temple, Kalakkad",Tamil Nadu,Tamil Nadu,spiritual,Popular,4.7,3288,900,8.51638889,77.55
vaithya-lingam-temple,"Vaithya lingam temple",Tamil Nadu,Tamil Nadu,spiritual,Popular,4.7,10855,900,8.8711,77.5169
vanniappar-temple,"Vanniappar Temple",Tamil Nadu,Tamil Nadu,spiritual,Popular,4.2,7807,900,8.785277777,77.402777777
our-lady-of-snows,"Our Lady of Snows",Tamil Nadu,Tamil Nadu,hill_station,Popular,4.2,5847,1200,8.353055555,77.663055555
arjuneswarar,"Arjuneswarar",Tamil Nadu,Tamil Nadu,spiritual,Popular,4.3,16850,900,10.6206,77.3989
vishamangalesvarar-temple-thudaiyur,"Vishamangalesvarar Temple, Thudaiyur",Tamil Nadu,Tamil Nadu,spiritual,Popular,4.3,12631,900,10.886402244,78.649764989
sukreeswarar-temple,"Sukreeswarar temple",Tamil Nadu,Tamil Nadu,spiritual,Popular,4.5,8092,900,11.133611111,77.398888888
agasteeswarar-temple-kolapakkam,"Agasteeswarar Temple, Kolapakkam",Tamil Nadu,Tamil Nadu,spiritual,Popular,4.7,15754,900,13.012202,80.150728
badhri-narayanan-temple,"Badhri Narayanan temple",Tamil Nadu,Tamil Nadu,spiritual,Popular,4.2,1857,900,10.061957,78.211908
brahmapureeswarar-temple,"Brahmapureeswarar Temple",Tamil Nadu,Tamil Nadu,spiritual,Popular,4.8,2765,900,11.02,78.46
ganga-jadadisvarar-temple,"Ganga Jadadisvarar Temple",Tamil Nadu,Tamil Nadu,spiritual,Popular,4.5,7925,900,11.030499,79.297731
garbharakshambigai-temple,"Garbharakshambigai temple",Tamil Nadu,Tamil Nadu,spiritual,Popular,4.4,16063,900,10.86805556,79.27555556
kalahastiswamy-temple-uthamapalayam,"Kalahastiswamy Temple, Uthamapalayam",Tamil Nadu,Tamil Nadu,spiritual,Popular,4.7,4882,900,9.802571,77.335706
tirusoolanathar-temple,"Tirusoolanathar Temple",Tamil Nadu,Tamil Nadu,spiritual,Popular,4.1,4680,900,12.973333333,80.165833333
semponarkoil-swarnapureeswarar-temple,"Semponarkoil Swarnapureeswarar Temple",Tamil Nadu,Tamil Nadu,spiritual,Popular,4.1,13436,900,11.105,79.741944444
vilamal-pathanchali-manoharar-temple,"Vilamal Pathanchali Manoharar Temple",Tamil Nadu,Tamil Nadu,spiritual,Popular,4.3,17286,900,10.777777777,79.611944444
tirunaarayur-soundaryeswarar-temple,"Tirunaarayur Soundaryeswarar Temple",Tamil Nadu,Tamil Nadu,spiritual,Popular,4.6,15740,900,11.296666666,79.598055555
egowri-amman-temple-vallam,"Egowri Amman Temple, Vallam",Tamil Nadu,Tamil Nadu,spiritual,Popular,4.6,19815,900,10.733055555,79.052777777
st-antony-s-church-chemmanvilai,"St. Antony's Church, Chemmanvilai",Tamil Nadu,Tamil Nadu,spiritual,Popular,4.6,16530,900,8.22333333,77.33666667
christ-church-salem,"Christ Church, Salem",Tamil Nadu,Tamil Nadu,spiritual,Popular,4.3,20843,900,11.6558571,78.1554634
ringeltaube-vethamonikam-memorial-church-mylaudy,"Ringeltaube Vethamonikam Memorial Church, Mylaudy",Tamil Nadu,Tamil Nadu,spiritual,Popular,4.2,15486,900,8.1574,77.5034
st-mary-s-basilica,"St. Mary's Basilica",Tamil Nadu,Tamil Nadu,spiritual,Popular,4.7,12986,900,8.263502423,77.288211824
balasubramaniyaswamy-temple,"Balasubramaniyaswamy Temple",Tamil Nadu,Tamil Nadu,spiritual,Popular,4.2,15046,900,10.99166667,78.07333333
st-joseph-shrine-panagudi,"St. Joseph Shrine, Panagudi",Tamil Nadu,Tamil Nadu,spiritual,Popular,4.5,20094,900,8.316895,77.577703
jain-temple-mettupudur,"Jain temple, Mettupudur",Tamil Nadu,Tamil Nadu,spiritual,Popular,4.1,1627,900,11.249444444,77.502916666
poondi-arugar-temple,"Poondi Arugar Temple",Tamil Nadu,Tamil Nadu,spiritual,Popular,4.3,20919,900,12.697455,79.301535
irumbai-mahaleswarar-temple,"Irumbai Mahaleswarar Temple",Tamil Nadu,Tamil Nadu,spiritual,Popular,4.6,20705,900,12.009722222,79.787777777
kothandaramaswami-temple-nandambakkam,"Kothandaramaswami Temple, Nandambakkam",Tamil Nadu,Tamil Nadu,spiritual,Popular,4.5,6476,900,13.017302,80.191254
holy-trinity-cathedral-palayamkottai,"Holy Trinity Cathedral, Palayamkottai",Tamil Nadu,Tamil Nadu,spiritual,Popular,4.3,20840,900,8.726513,77.727067
koranganatha-temple,"Koranganatha Temple",Tamil Nadu,Tamil Nadu,spiritual,Popular,4.3,11009,900,10.973333333,78.3625
rajagopala-perumal-temple,"Rajagopala Perumal Temple",Tamil Nadu,Tamil Nadu,spiritual,Popular,4.2,16095,900,12.916,80.037
othandeeswarar-temple,"Othandeeswarar temple",Tamil Nadu,Tamil Nadu,spiritual,Popular,4.7,5935,900,13.055,80.06166667
parthasarathy-temple-parthivapuram,"Parthasarathy temple, Parthivapuram",Tamil Nadu,Tamil Nadu,spiritual,Popular,4.1,20644,900,8.275277777,77.170638888
kodandaramaswamy-temple-ayodhyapatinam,"Kodandaramaswamy Temple, Ayodhyapatinam",Tamil Nadu,Tamil Nadu,spiritual,Popular,4.2,15505,900,11.6748,78.2385
cauvery-north-wildlife-sanctuary,"Cauvery North Wildlife Sanctuary",Tamil Nadu,Tamil Nadu,wildlife,Popular,4.7,19722,2500,12.41,77.87
kallaperambur-lake-bird-sanctuary,"Kallaperambur Lake Bird Sanctuary",Tamil Nadu,Tamil Nadu,wildlife,Popular,4.4,17381,2500,10.798888888,79.025833333
melaselvanur-kilaselvanur-bird-sanctuary,"Melaselvanur-Kilaselvanur Bird Sanctuary",Tamil Nadu,Tamil Nadu,wildlife,Popular,4.3,17651,2500,9.215555555,78.551944444
gangaikondan-spotted-deer-sanctuary,"Gangaikondan Spotted Deer Sanctuary",Tamil Nadu,Tamil Nadu,wildlife,Popular,4.5,2371,2500,8.826944444,77.759444444
kazhuveli-bird-sanctuary,"Kazhuveli Bird Sanctuary",Tamil Nadu,Tamil Nadu,wildlife,Popular,4.6,8564,2500,12.122222222,79.875
nanjarayan-tank-bird-sanctuary,"Nanjarayan Tank Bird Sanctuary",Tamil Nadu,Tamil Nadu,wildlife,Popular,4.5,18683,2500,11.214166666,77.526388888
sakkarakottai-bird-sanctuary,"Sakkarakottai Bird Sanctuary",Tamil Nadu,Tamil Nadu,wildlife,Popular,4.3,6735,2500,9.369722222,78.866388888
frog-hill-view-point,"Frog Hill View Point",Tamil Nadu,Tamil Nadu,heritage,Popular,4.4,16987,900,11.4991711,76.5187653
droog-fort,"Droog Fort",Tamil Nadu,Tamil Nadu,heritage,Popular,4.4,19484,900,11.35,76.82
anchettidurgam,"Anchettidurgam",Tamil Nadu,Tamil Nadu,heritage,Popular,4.4,11885,900,12.590125,77.889752777
tangrakottai,"Tangrakottai",Tamil Nadu,Tamil Nadu,heritage,Popular,4.1,15756,900,12.07,78.16
sivaganga-palace,"Sivaganga Palace",Tamil Nadu,Tamil Nadu,heritage,Popular,4.5,19129,900,9.84861,78.4864
vanmeekanathar-temple-tiruvetriyur,"Vanmeekanathar Temple, Tiruvetriyur",Tamil Nadu,Tamil Nadu,spiritual,Popular,4.8,13369,900,9.708186,78.9468018
thiruthaleeshwarar-temple,"Thiruthaleeshwarar Temple",Tamil Nadu,Tamil Nadu,spiritual,Popular,4.2,21164,900,13.100846,79.954766
velveeswarar-temple,"Velveeswarar Temple",Tamil Nadu,Tamil Nadu,spiritual,Popular,4.3,19943,900,13.04151,80.17766
aridwaramangalam-padaleswarar-temple,"Aridwaramangalam Padaleswarar Temple",Tamil Nadu,Tamil Nadu,spiritual,Popular,4.3,18354,900,10.831747,79.350697
pereyil-jagadeeswarar-temple,"Pereyil Jagadeeswarar Temple",Tamil Nadu,Tamil Nadu,spiritual,Popular,4.5,6413,900,10.8146,79.46
omampuliyur-thuyartheertanathar-temple,"Omampuliyur Thuyartheertanathar Temple",Tamil Nadu,Tamil Nadu,spiritual,Popular,4.7,12755,900,11.214444444,79.558333333
thiruengoimalai-maragadachaleswarar-temple,"Thiruengoimalai Maragadachaleswarar Temple",Tamil Nadu,Tamil Nadu,spiritual,Popular,4.5,12946,900,10.973888888,78.403055555
siruvapuri-sri-balasubrahmanyam-temple,"Siruvapuri Sri Balasubrahmanyam temple",Tamil Nadu,Tamil Nadu,spiritual,Popular,4.5,8084,900,13.320431,80.120577
kosavalasu-bhagavan-temple,"Kosavalasu Bhagavan Temple",Tamil Nadu,Tamil Nadu,spiritual,Popular,4.5,14645,900,10.715,77.6425
manikarnikeswarar-temple,"Manikarnikeswarar Temple",Tamil Nadu,Tamil Nadu,spiritual,Popular,4.2,16447,900,10.7869,79.1378
kothandarama-temple-thillaivilagam,"Kothandarama Temple, Thillaivilagam",Tamil Nadu,Tamil Nadu,spiritual,Popular,4.2,20500,900,10.412733,79.553403
natadreeswarar-temple,"Natadreeswarar Temple",Tamil Nadu,Tamil Nadu,spiritual,Popular,4.2,19374,900,11.2741784,77.8005477
agastheesvarar-temple-kuzhaiyur,"Agastheesvarar Temple, Kuzhaiyur",Tamil Nadu,Tamil Nadu,spiritual,Popular,4.2,13548,900,10.6733,79.6797
soundareswararswamy-temple-thiruppanaiyur,"Soundareswararswamy Temple, Thiruppanaiyur",Tamil Nadu,Tamil Nadu,spiritual,Popular,4.2,15817,900,10.86305556,79.65666667
karpaganatharkulam-karpaganathar-temple,"Karpaganatharkulam Karpaganathar Temple",Tamil Nadu,Tamil Nadu,spiritual,Popular,4.5,20584,900,10.42,79.59
kottur-kozhundeeswarar-temple,"Kottur Kozhundeeswarar Temple",Tamil Nadu,Tamil Nadu,spiritual,Popular,4.2,4122,900,10.615255,79.562179
kanattampuliyur-pathanchalinathar-temple,"Kanattampuliyur Pathanchalinathar Temple",Tamil Nadu,Tamil Nadu,spiritual,Popular,4.6,5742,900,11.228055555,79.584444444
sivankoil-raja-raja-choleshwar-mahadevar-temple,"Sivankoil (Raja Raja Choleshwar Mahadevar Temple)",Tamil Nadu,Tamil Nadu,spiritual,Popular,4.2,9977,900,13.0215,79.7905
sri-perungaraiyadi-meenda-ayyanar-temple,"Sri Perungaraiyadi Meenda Ayyanar Temple",Tamil Nadu,Tamil Nadu,spiritual,Popular,4.2,2827,900,10.276388888,79.043888888
alavaimalai-subrayar-murugan-temple,"Alavaimalai Subrayar Murugan Temple",Tamil Nadu,Tamil Nadu,spiritual,Popular,4.4,16075,900,11.47277778,78.11497222
thandayuthapani-temples-chettikulam,"Thandayuthapani Temples, Chettikulam",Tamil Nadu,Tamil Nadu,spiritual,Popular,4.2,15148,900,11.1374,78.7893
therazhundur-vedapureeswarar-temple,"Therazhundur Vedapureeswarar Temple",Tamil Nadu,Tamil Nadu,spiritual,Popular,4.1,20062,900,11.04,79.58
pariyur-kondathu-kaliamman,"Pariyur Kondathu Kaliamman",Tamil Nadu,Tamil Nadu,spiritual,Popular,4.5,19478,900,11.4775,77.45611111
ambal-brahmapureeswarar-temple,"Ambal Brahmapureeswarar Temple",Tamil Nadu,Tamil Nadu,spiritual,Popular,4.7,21099,900,10.9169736,79.6808338
karapuranathar-temple,"Karapuranathar Temple",Tamil Nadu,Tamil Nadu,spiritual,Popular,4.6,11513,900,11.612326,78.103402
prasanna-venkatachalapathi-temple-thuraiyur,"Prasanna Venkatachalapathi Temple, Thuraiyur",Tamil Nadu,Tamil Nadu,spiritual,Popular,4.6,14046,900,11.1456,78.6321
singamadai-ayyanar-temple-nalli,"Singamadai Ayyanar Temple, Nalli",Tamil Nadu,Tamil Nadu,spiritual,Popular,4.2,14502,900,9.227222222,77.903055555
paridiniyamam-parithiappar-temple,"Paridiniyamam Parithiappar Temple",Tamil Nadu,Tamil Nadu,spiritual,Popular,4.5,12999,900,10.6772,79.2373
tirukkollikkadu-agneeswarar-temple,"Tirukkollikkadu Agneeswarar Temple",Tamil Nadu,Tamil Nadu,spiritual,Popular,4.6,16925,900,10.642777777,79.603611111
patcheeswarar-temple,"Patcheeswarar temple",Tamil Nadu,Tamil Nadu,spiritual,Popular,4.4,3880,900,12.658055555,79.542777777
veeramakaliamman-temple-arantangi,"Veeramakaliamman Temple, Arantangi",Tamil Nadu,Tamil Nadu,spiritual,Popular,4.5,12225,900,10.1725,78.992222222
peravallur-sundararaja-perumal-temple,"Peravallur Sundararaja Perumal Temple",Tamil Nadu,Tamil Nadu,spiritual,Popular,4.2,4455,900,13.112255,80.231445
virundeeswarar-temple,"Virundeeswarar Temple",Tamil Nadu,Tamil Nadu,spiritual,Popular,4.2,19675,900,11.076845,76.932334
st-peter-s-church-royapuram,"St. Peter's Church, Royapuram",Tamil Nadu,Tamil Nadu,spiritual,Popular,4.6,11749,900,13.10833333,80.29555556
wesley-church-egmore,"Wesley Church, Egmore",Tamil Nadu,Tamil Nadu,spiritual,Popular,4.6,1516,900,13.07944444,80.25666667
brough-memorial-church,"Brough Memorial Church",Tamil Nadu,Tamil Nadu,spiritual,Popular,4.5,15891,900,11.338701,77.726119
rudrakodisvarar-temple-sempankudi,"Rudrakodisvarar Temple, Sempankudi",Tamil Nadu,Tamil Nadu,spiritual,Popular,4.8,7253,900,11.24774,79.76297
thinthirineesvarar-temple-tindivanam,"Thinthirineesvarar Temple, Tindivanam",Tamil Nadu,Tamil Nadu,spiritual,Popular,4.4,10734,900,12.235469,79.652193
saint-paul-church-mela-ilandaikulam,"Saint Paul Church, Mela Ilandaikulam",Tamil Nadu,Tamil Nadu,spiritual,Popular,4.6,11402,900,8.94305556,77.68527778
st-stephen-s-church-kombuthurai,"St. Stephen's Church, Kombuthurai",Tamil Nadu,Tamil Nadu,spiritual,Popular,4.3,14439,900,8.58063,78.1328
deepanayakaswamy-jain-temple-deepankudi,"Deepanayakaswamy Jain Temple, Deepankudi",Tamil Nadu,Tamil Nadu,spiritual,Popular,4.2,5365,900,10.8296,79.5582
abaya-hastha-swayambu-sri-lakshmi-narasimha-swamy-temple-agaram-village-hosur,"Abaya Hastha Swayambu Sri Lakshmi Narasimha Swamy Temple, Agaram Village, Hosur",Tamil Nadu,Tamil Nadu,spiritual,Popular,4.7,8457,900,12.6,77.94
karaikandeswarar-temple-kanji,"Karaikandeswarar temple, Kanji",Tamil Nadu,Tamil Nadu,spiritual,Popular,4.1,13784,900,12.38902778,78.96733333
nallur-sundara-varadharaja-perumal-temple,"Nallur Sundara Varadharaja Perumal Temple",Tamil Nadu,Tamil Nadu,spiritual,Popular,4.4,5588,900,12.4086,79.6212
tholudur-madhurantaka-choleswarar,"Tholudur Madhurantaka Choleswarar",Tamil Nadu,Tamil Nadu,spiritual,Popular,4.6,17606,900,11.4069,79.0066
saccidananda-ashram,"Saccidananda Ashram",Tamil Nadu,Tamil Nadu,heritage,Popular,4.2,11949,900,10.9263,78.4383
basilica-of-st-john-de-britto,"Basilica of St. John de Britto",Tamil Nadu,Tamil Nadu,spiritual,Popular,4.6,20106,900,9.8507034,79.0495628
sri-varadharaja-perumal-kovil,"Sri Varadharaja Perumal Kovil",Tamil Nadu,Tamil Nadu,spiritual,Popular,4.8,15458,900,8.6778656,77.678494
subrahmanya-temple-perambur,"Subrahmanya Temple, Perambur",Tamil Nadu,Tamil Nadu,spiritual,Popular,4.1,20388,900,11.03,79.69
therthangal-bird-sanctuary,"Therthangal Bird Sanctuary",Tamil Nadu,Tamil Nadu,wildlife,Popular,4.4,16888,2500,9.4575,78.769444444
venugopalaswami-temple-kaliappettai,"Venugopalaswami Temple, Kaliappettai",Tamil Nadu,Tamil Nadu,spiritual,Popular,4.2,16015,900,12.72,79.92
vishahareswara-temple,"Vishahareswara Temple",Tamil Nadu,Tamil Nadu,spiritual,Popular,4.4,11161,900,10.878166666,79.513194444
sri-rajagopala-swamy-temple,"Sri Rajagopala Swamy temple",Tamil Nadu,Tamil Nadu,spiritual,Popular,4.8,9929,900,10.31710278,79.35570833
pathrakaliamman-temple,"Pathrakaliamman Temple",Tamil Nadu,Tamil Nadu,spiritual,Popular,4.5,19281,900,8.8732,78.031
mavoothu-vellappar-temple,"Mavoothu Vellappar Temple",Tamil Nadu,Tamil Nadu,spiritual,Popular,4.2,7209,900,9.850833333,77.598333333
mariamman-temple-irukkankudi,"Mariamman Temple, Irukkankudi",Tamil Nadu,Tamil Nadu,spiritual,Popular,4.6,2142,900,9.33166667,77.98583333
sri-sengazhuneer-amman-temple,"Sri Sengazhuneer Amman Temple",Tamil Nadu,Tamil Nadu,spiritual,Popular,4.4,16000,900,11.894239,79.8242405
alappancode-easwara-kala-bhoothathan-temple,"Alappancode Easwara Kala Bhoothathan Temple",Tamil Nadu,Tamil Nadu,spiritual,Popular,4.2,20856,900,8.34551881,77.21016461
st-francis-xavier-church-kethanahalli,"St. Francis Xavier Church, Kethanahalli",Tamil Nadu,Tamil Nadu,spiritual,Popular,4.3,6008,900,12.32333,78.14237
our-lady-of-mount-carmel-church-b-pallipatti,"Our Lady of Mount Carmel Church, B Pallipatti",Tamil Nadu,Tamil Nadu,spiritual,Popular,4.7,7012,900,11.94809,78.2798
vinnarasi-madha-church-gopasandiram,"Vinnarasi Madha Church, Gopasandiram",Tamil Nadu,Tamil Nadu,spiritual,Popular,4.6,13594,900,12.61663,77.66008
st-joseph-church-kathanpallam,"St. Joseph Church, Kathanpallam",Tamil Nadu,Tamil Nadu,spiritual,Popular,4.7,10384,900,12.5405,78.2933
thirumanangeeswarar-temple,"Thirumanangeeswarar Temple",Tamil Nadu,Tamil Nadu,spiritual,Popular,4.2,19272,900,13.26027778,80.27
elai-kaatha-amman-temple,"Elai Kaatha Amman Temple",Tamil Nadu,Tamil Nadu,spiritual,Popular,4.6,10161,900,9.997475,78.40826
podhu-aavudayar-temple,"Podhu Aavudayar Temple",Tamil Nadu,Tamil Nadu,spiritual,Popular,4.8,19013,900,10.3865,79.42615
c-s-i-ellis-memorial-church,"C.S.I Ellis Memorial Church",Tamil Nadu,Tamil Nadu,spiritual,Popular,4.5,17522,900,10.737626,77.543507
our-lady-of-rosary-church-kallakurichi,"Our Lady of Rosary Church, Kallakurichi",Tamil Nadu,Tamil Nadu,spiritual,Popular,4.6,21295,900,11.740277777,78.962777777
our-lady-of-fatima-church-krishnagiri,"Our Lady of Fatima Church, Krishnagiri",Tamil Nadu,Tamil Nadu,spiritual,Popular,4.6,11933,900,12.5256,78.2156
our-lady-of-presentation-church-mathapuram,"Our Lady of Presentation Church, Mathapuram",Tamil Nadu,Tamil Nadu,spiritual,Popular,4.3,17360,900,8.2524129,77.2052344
our-lady-of-good-health-church-mathigiri,"Our Lady of Good Health Church, Mathigiri",Tamil Nadu,Tamil Nadu,spiritual,Popular,4.5,13144,900,12.69695,77.8069
queen-of-angels-church-kadagathur,"Queen of Angels Church, Kadagathur",Tamil Nadu,Tamil Nadu,spiritual,Popular,4.8,7475,900,12.1730001,78.1383023
somanatha-pashana-lingeswarar-temple-timiri,"Somanatha Pashana Lingeswarar Temple, Timiri",Tamil Nadu,Tamil Nadu,spiritual,Popular,4.4,16648,900,12.78,79.29
st-john-s-cathedral-nazareth,"St. John's Cathedral, Nazareth",Tamil Nadu,Tamil Nadu,heritage,Popular,4.7,10079,900,8.560715,77.971978
adaikkala-madha-shrine-elakurichi,"Adaikkala Madha Shrine, Elakurichi",Tamil Nadu,Tamil Nadu,spiritual,Popular,4.4,12288,900,10.961111111,79.163611111
ramappa-temple,"Ramappa Temple",Telangana,Telangana,spiritual,Popular,4.6,9544,900,18.259444444,79.9425
ramoji-film-city,"Ramoji Film City",Telangana,Telangana,heritage,Popular,4.2,2817,900,17.2523,78.6802
falaknuma-palace,"Falaknuma Palace",Telangana,Telangana,heritage,Popular,4.4,2455,900,17.330955,78.467504
chowmahalla-palace,"Chowmahalla Palace",Telangana,Telangana,heritage,Popular,4.5,9739,900,17.357725,78.471705
mahavir-harina-vanasthali-national-park,"Mahavir Harina Vanasthali National Park",Telangana,Telangana,wildlife,Popular,4.3,5751,2500,17.34,78.58583333
kasu-brahmananda-reddy-national-park,"Kasu Brahmananda Reddy National Park",Telangana,Telangana,wildlife,Popular,4.2,15498,2500,17.42,78.41
birla-mandir-hyderabad,"Birla Mandir, Hyderabad",Telangana,Telangana,spiritual,Popular,4.2,6183,900,17.38,78.4
basilica-of-our-lady-of-the-assumption-secunderabad,"Basilica of Our Lady of the Assumption, Secunderabad",Telangana,Telangana,spiritual,Popular,4.7,18403,900,17.4421,78.5022
thousand-pillar-temple,"Thousand Pillar Temple",Telangana,Telangana,spiritual,Popular,4.4,18509,900,18.00375518,79.57469995
warangal-fort,"Warangal Fort",Telangana,Telangana,heritage,Popular,4.5,10101,900,17.957222222,79.614444444
gnana-saraswati-temple,"Gnana Saraswati Temple",Telangana,Telangana,spiritual,Popular,4.5,2828,900,18.87777778,77.95638889
bhadrachalam-temple,"Bhadrachalam Temple",Telangana,Telangana,spiritual,Popular,4.8,10607,900,17.66692222,80.88276111
yadagirigutta-temple,"Yadagirigutta Temple",Telangana,Telangana,spiritual,Popular,4.5,7701,900,17.5848,78.9442
karmanghat-hanuman-temple,"Karmanghat Hanuman Temple",Telangana,Telangana,spiritual,Popular,4.2,15858,900,17.339722222,78.524722222
nizamia-observatory,"Nizamia observatory",Telangana,Telangana,heritage,Popular,4.5,17621,900,17.43166667,78.4525
chaya-someswara-swamy-temple,"Chaya Someswara Swamy temple",Telangana,Telangana,spiritual,Popular,4.6,15164,900,17.077527777,79.295444444
wargal-saraswati-temple,"Wargal Saraswati Temple",Telangana,Telangana,spiritual,Popular,4.4,5883,900,17.7761,78.6153
chilkur-balaji-temple,"Chilkur Balaji Temple",Telangana,Telangana,spiritual,Popular,4.8,8071,900,17.35833333,78.29861111
hyderabad-kalibari,"Hyderabad Kalibari",Telangana,Telangana,spiritual,Popular,4.2,6271,900,17.487482538,78.530963146
pranahita-wildlife-sanctuary,"Pranahita Wildlife Sanctuary",Telangana,Telangana,wildlife,Popular,4.3,17940,2500,19.0256,79.9053
kawal-wildlife-sanctuary,"Kawal Wildlife Sanctuary",Telangana,Telangana,wildlife,Popular,4.6,2091,2500,19.1188949,78.9989734
asman-garh-palace,"Asman Garh Palace",Telangana,Telangana,heritage,Popular,4.2,5784,900,17.36809,78.51566
bhongir-fort,"Bhongir Fort",Telangana,Telangana,heritage,Popular,4.7,9640,900,17.516429412,78.892541741
medak-fort,"Medak Fort",Telangana,Telangana,heritage,Popular,4.4,9831,900,18.04361111,78.255
alampur-navabrahma-temples,"Alampur Navabrahma Temples",Telangana,Telangana,spiritual,Popular,4.3,20154,900,15.877439693,78.135645817
kulpakji,"Kulpakji",Telangana,Telangana,spiritual,Popular,4.7,9475,900,17.698611,79.037222
ashtalakshmi-temple-hyderabad,"Ashtalakshmi Temple, Hyderabad",Telangana,Telangana,spiritual,Popular,4.1,18223,900,17.364693,78.547896
sitaram-bagh-temple,"Sitaram Bagh temple",Telangana,Telangana,spiritual,Popular,4.7,2351,900,17.384333511,78.456973506
khammam-fort,"Khammam Fort",Telangana,Telangana,heritage,Popular,4.6,7108,900,17.245012,80.146736
sri-dubba-rajeshwara-swamy-temple,"Sri Dubba Rajeshwara Swamy Temple",Telangana,Telangana,spiritual,Popular,4.4,19493,900,18.8703,78.9378
kaleshwara-mukteswara-swamy-temple,"Kaleshwara Mukteswara Swamy Temple",Telangana,Telangana,spiritual,Popular,4.3,2232,900,18.811821,79.904026
erakeswara-temple-pillalamarri,"Erakeswara Temple, Pillalamarri",Telangana,Telangana,spiritual,Popular,4.5,11042,900,17.169683,79.582198
ananthagiri-temple,"Ananthagiri Temple",Telangana,Telangana,spiritual,Popular,4.6,15869,900,17.3099,77.8628
shivaram-wildlife-sanctuary,"Shivaram Wildlife Sanctuary",Telangana,Telangana,wildlife,Popular,4.4,12851,2500,18.705,79.697
pakhal-wildlife-sanctuary,"Pakhal Wildlife Sanctuary",Telangana,Telangana,wildlife,Popular,4.5,4522,2500,17.916666666,80.1
gayatri-waterfalls,"Gayatri Waterfalls",Telangana,Telangana,heritage,Popular,4.7,12377,900,19.016667,78.583333
buddhavanam,"Buddhavanam",Telangana,Telangana,heritage,Popular,4.5,8350,900,16.626482235,79.289307532
elgandal-fort,"Elgandal Fort",Telangana,Telangana,heritage,Popular,4.3,20463,900,18.420751,79.042601
gandhari-khilla,"Gandhari khilla",Telangana,Telangana,heritage,Popular,4.7,8801,900,18.950135953,79.414633456
ramagiri-fort,"Ramagiri Fort",Telangana,Telangana,heritage,Popular,4.7,18042,900,18.583,79.533
ramalingeswara-temple-nandikandi,"Ramalingeswara Temple, Nandikandi",Telangana,Telangana,spiritual,Popular,4.3,9318,900,17.61013,77.99189
gurdwara-handi-sahib,"Gurdwara Handi Sahib",Bihar,Bihar,heritage,Popular,4.2,9077,900,25.608,85.1675
holy-trinity-church-bolarum,"Holy Trinity Church, Bolarum",Telangana,Telangana,spiritual,Popular,4.4,6596,900,17.516686111,78.523608333
komrelly-mallanna-temple,"Komrelly Mallanna Temple",Telangana,Telangana,spiritual,Popular,4.5,21343,900,17.9202,78.9732
neelakanteshwara-temple,"Neelakanteshwara temple",Telangana,Telangana,spiritual,Popular,4.2,2369,900,18.685566,78.114606
saraswathi-kshetramu-ananthasagar,"Saraswathi Kshetramu, Ananthasagar",Telangana,Telangana,spiritual,Popular,4.3,19802,900,18.20583333,78.98805556
sri-raja-rajeshwara-temple,"Sri Raja Rajeshwara temple",Telangana,Telangana,spiritual,Popular,4.5,5895,900,18.4667,78.8833
sri-trilinga-sanghameshwara-swamy-temple,"Sri Trilinga Sanghameshwara swamy temple",Telangana,Telangana,spiritual,Popular,4.2,20181,900,18.5369,79.0242
jamalapuram-temple,"Jamalapuram Temple",Telangana,Telangana,spiritual,Popular,4.8,19478,900,16.8317,80.5198
sri-ranganayaka-swamy-temple,"Sri Ranganayaka Swamy Temple",Telangana,Telangana,spiritual,Popular,4.6,10150,900,16.198,78.049
kota-gullu,"Kota Gullu",Telangana,Telangana,spiritual,Popular,4.5,12892,900,18.317222222,79.876388888
dichpally-ramalayam,"Dichpally Ramalayam",Telangana,Telangana,spiritual,Popular,4.3,17427,900,18.392,78.101
katta-maisamma-temple,"Katta Maisamma temple",Telangana,Telangana,spiritual,Popular,4.4,3269,900,17.61666667,78.8
national-fisheries-development-board-building,"National Fisheries Development Board building",Telangana,Telangana,heritage,Popular,4.5,19818,900,17.341666666,78.420555555
osmania-arts-college,"Osmania Arts College",Telangana,Telangana,heritage,Popular,4.2,1782,900,17.41918,78.52628
tripura-sundari-temple,"Tripura Sundari Temple",Tripura,Tripura,spiritual,Popular,4.7,20396,900,23.508888888,91.498055555
sepahijala-wildlife-sanctuary,"Sepahijala Wildlife Sanctuary",Tripura,Tripura,wildlife,Popular,4.8,13315,2500,23.664444444,91.311666666
st-francis-xavier-cathedral-agartala,"St. Francis Xavier Cathedral, Agartala",Tripura,Tripura,heritage,Popular,4.3,20663,900,23.87,91.28
rajbari-national-park,"Rajbari National Park",Tripura,Tripura,wildlife,Popular,4.7,5392,2500,23.28,91.4
trishna-wildlife-sanctuary,"Trishna Wildlife Sanctuary",Tripura,Tripura,wildlife,Popular,4.7,12850,2500,23.421666666,91.313055555
lakshmi-narayan-temple-agartala,"Lakshmi Narayan Temple, Agartala",Tripura,Tripura,spiritual,Popular,4.6,12303,900,23.8342332,91.2829037
bhubaneswari-temple,"Bhubaneswari Temple",Tripura,Tripura,spiritual,Popular,4.8,14235,900,23.54151739,91.50431835
rowa-wildlife-sanctuary,"Rowa Wildlife Sanctuary",Tripura,Tripura,wildlife,Popular,4.6,6137,2500,24.29,92.17
chaturdasha-temple,"Chaturdasha Temple",Tripura,Tripura,spiritual,Popular,4.6,16656,900,23.841386111,91.345191666
kasbeswari-kali-mata,"Kasbeswari Kali Mata",Tripura,Tripura,spiritual,Popular,4.3,15981,900,23.74016389,91.15981944
fatehpur-sikri,"Fatehpur Sikri",Uttar Pradesh,Uttar Pradesh,heritage,Popular,4.4,17159,900,27.091111111,77.661111111
agra-fort,"Agra Fort",Uttar Pradesh,Uttar Pradesh,heritage,Popular,4.3,7092,900,27.179583333,78.021297222
ram-mandir,"Ram Mandir",Uttar Pradesh,Uttar Pradesh,spiritual,Popular,4.7,10095,900,26.7956,82.1943
kashi-vishwanath-temple,"Kashi Vishwanath Temple",Uttar Pradesh,Uttar Pradesh,spiritual,Popular,4.2,19366,900,25.310775,83.010613888
pilibhit-tiger-reserve,"Pilibhit Tiger Reserve",Uttar Pradesh,Uttar Pradesh,wildlife,Popular,4.4,11107,2500,28.718811,80.071968
dudhwa-national-park,"Dudhwa National Park",Uttar Pradesh,Uttar Pradesh,wildlife,Popular,4.7,18265,2500,28.470872,80.699263
dashavatara-temple-deogarh,"Dashavatara Temple, Deogarh",Uttar Pradesh,Uttar Pradesh,spiritual,Popular,4.8,9891,900,24.52694444,78.24
khusro-bagh,"Khusro Bagh",Uttar Pradesh,Uttar Pradesh,heritage,Popular,4.6,16021,900,25.442304,81.821606
allahabad-fort,"Allahabad Fort",Uttar Pradesh,Uttar Pradesh,heritage,Popular,4.8,13118,900,25.43,81.87666667
krishna-janmasthan-temple-complex,"Krishna Janmasthan Temple Complex",Uttar Pradesh,Uttar Pradesh,spiritual,Popular,4.5,16252,900,27.504748,77.669754
banke-bihari-temple,"Banke Bihari Temple",Uttar Pradesh,Uttar Pradesh,spiritual,Popular,4.4,1848,900,27.5797647,77.6905113
new-vishwanath-temple,"New Vishwanath Temple",Uttar Pradesh,Uttar Pradesh,spiritual,Popular,4.7,16185,900,25.266,82.9878
basilica-of-our-lady-of-graces,"Basilica of Our Lady of Graces",Uttar Pradesh,Uttar Pradesh,spiritual,Popular,4.8,6442,900,29.1458,77.6103
sikandar-bagh,"Sikandar Bagh",Uttar Pradesh,Uttar Pradesh,heritage,Popular,4.3,12237,900,26.860955555,80.925438888
bakhira-sanctuary,"Bakhira Sanctuary",Uttar Pradesh,Uttar Pradesh,wildlife,Popular,4.3,6854,2500,26.906359,83.104282
nawabganj-bird-sanctuary,"Nawabganj Bird Sanctuary",Uttar Pradesh,Uttar Pradesh,wildlife,Popular,4.6,7017,2500,26.6191858,80.6531205
gorakhnath-math,"Gorakhnath Math",Uttar Pradesh,Uttar Pradesh,spiritual,Popular,4.8,9054,900,26.773888888,83.357777777
radha-raman-temple,"Radha Raman Temple",Uttar Pradesh,Uttar Pradesh,spiritual,Popular,4.8,11850,900,29.6953,77.6806
shri-naimishnath-vishnu-temple,"Shri Naimishnath Vishnu Temple",Uttar Pradesh,Uttar Pradesh,spiritual,Popular,4.5,21232,900,27.43333333,80.58333333
sri-radha-rani-temple,"Śrī Rādhā Rānī Temple",Uttar Pradesh,Uttar Pradesh,spiritual,Popular,4.3,15219,900,27.650277777,77.373611111
jhansi-fort,"Jhansi Fort",Uttar Pradesh,Uttar Pradesh,heritage,Popular,4.7,17508,900,25.45809,78.57544
chunar-fort,"Chunar Fort",Uttar Pradesh,Uttar Pradesh,heritage,Popular,4.6,16969,900,25.1255,82.8747
garhwa-fort,"Garhwa Fort",Uttar Pradesh,Uttar Pradesh,heritage,Popular,4.7,21207,900,25.2262,81.5858
samaspur-sanctuary,"Samaspur Sanctuary",Uttar Pradesh,Uttar Pradesh,wildlife,Popular,4.4,5883,2500,25.995833333,81.391666666
etawah-safari-park,"Etawah Safari Park",Uttar Pradesh,Uttar Pradesh,heritage,Popular,4.2,20422,900,26.7672614,79.001896
baba-gangeshwarnath-dham,"Baba Gangeshwarnath Dham",Uttar Pradesh,Uttar Pradesh,spiritual,Popular,4.3,2716,900,25.21666667,82.22916667
guru-ka-tal,"Guru ka Tal",Uttar Pradesh,Uttar Pradesh,heritage,Popular,4.4,1629,900,27.211668815,77.967496439
lodheshwar-mahadev-mandir,"Lodheshwar Mahadev Mandir",Uttar Pradesh,Uttar Pradesh,spiritual,Popular,4.7,10380,900,27.0956,81.4847
tiruvaaippadi,"Tiruvaaippadi",Uttar Pradesh,Uttar Pradesh,spiritual,Popular,4.2,9282,900,27.45,77.7167
chandrawati-jain-temple,"Chandrawati Jain temple",Uttar Pradesh,Uttar Pradesh,spiritual,Popular,4.8,19808,900,25.465583333,83.129638888
swarved-mahamandir,"Swarved Mahamandir",Uttar Pradesh,Uttar Pradesh,spiritual,Popular,4.2,4672,900,25.404,83.0691
hastinapur-sanctuary,"Hastinapur Sanctuary",Uttar Pradesh,Uttar Pradesh,wildlife,Popular,4.2,21100,2500,29.166666666,78.1
okhla-sanctuary,"Okhla Sanctuary",Uttar Pradesh,Uttar Pradesh,wildlife,Popular,4.8,2305,2500,28.565,77.303
kaimoor-sanctuary,"Kaimoor Sanctuary",Uttar Pradesh,Uttar Pradesh,wildlife,Popular,4.3,14605,2500,24.685,83.068
shaheed-ashfaq-ullah-khan-prani-udyan,"Shaheed Ashfaq Ullah Khan Prani Udyan",Uttar Pradesh,Uttar Pradesh,wildlife,Popular,4.5,2188,2500,26.7192557,83.4084214
shahi-qila,"Shahi Qila",Uttar Pradesh,Uttar Pradesh,heritage,Popular,4.3,6484,900,25.74975352,82.68851695
vijaygarh-fort,"Vijaygarh Fort",Uttar Pradesh,Uttar Pradesh,heritage,Popular,4.5,3250,900,24.577708,83.180845
sita-samahit-sthal,"Sita Samahit Sthal",Uttar Pradesh,Uttar Pradesh,spiritual,Popular,4.2,6853,900,25.24055556,82.33277778
kanpur-memorial-church,"Kanpur Memorial Church",Uttar Pradesh,Uttar Pradesh,spiritual,Popular,4.5,2381,900,26.4506,80.3693
all-saints-garrison-church-lucknow,"All Saints Garrison Church, Lucknow",Uttar Pradesh,Uttar Pradesh,spiritual,Popular,4.7,2162,900,26.81111111,80.955
chandrika-devi-temple-lucknow,"Chandrika Devi Temple, Lucknow",Uttar Pradesh,Uttar Pradesh,spiritual,Popular,4.3,16409,900,25.485680842,83.037896748
jambudweep,"Jambudweep",Uttar Pradesh,Uttar Pradesh,spiritual,Popular,4.5,18211,900,29.16575,78.00677778
ramrekha-mandir,"Ramrekha Mandir",Uttar Pradesh,Uttar Pradesh,spiritual,Popular,4.6,18551,900,26.7691451,82.3874026
bada-gaon-temple,"Bada Gaon temple",Uttar Pradesh,Uttar Pradesh,spiritual,Popular,4.4,20274,900,28.87516667,77.33466667
sheetala-chaukia-dham-mandir-jaunpur,"Sheetala Chaukia Dham Mandir Jaunpur",Uttar Pradesh,Uttar Pradesh,spiritual,Popular,4.4,18698,900,25.765299,82.718486
parhul-devi-temple,"Parhul Devi Temple",Uttar Pradesh,Uttar Pradesh,spiritual,Popular,4.5,6007,900,26.536213343,79.932511876
ved-mata-gaytri-mandir,"Ved Mata Gaytri Mandir",Uttar Pradesh,Uttar Pradesh,spiritual,Popular,4.3,5402,900,26.854349,83.802804
valmiki-ashram,"Valmiki Ashram",Uttar Pradesh,Uttar Pradesh,spiritual,Popular,4.8,7703,900,26.597018197,80.270874492
sandi-bird-sanctuary,"Sandi Bird Sanctuary",Uttar Pradesh,Uttar Pradesh,wildlife,Popular,4.2,18628,2500,27.25,79.916669444
vijai-sagar-sanctuary,"Vijai Sagar Sanctuary",Uttar Pradesh,Uttar Pradesh,wildlife,Popular,4.6,15570,2500,25.298,79.913
parvati-arga-bird-sanctuary,"Parvati Arga Bird Sanctuary",Uttar Pradesh,Uttar Pradesh,wildlife,Popular,4.1,15232,2500,26.933333333,82.15
portuguese-cemetery,"Portuguese Cemetery",Uttar Pradesh,Uttar Pradesh,heritage,Popular,4.2,11482,900,26.478888888,80.351944444
fort-ruhya,"Fort Ruhya",Uttar Pradesh,Uttar Pradesh,heritage,Popular,4.4,19709,900,24.62346,83.91846
hathras-fort,"Hathras Fort",Uttar Pradesh,Uttar Pradesh,heritage,Popular,4.7,8833,900,27.595077,78.058869
kuchesar-fort,"Kuchesar Fort",Uttar Pradesh,Uttar Pradesh,heritage,Popular,4.2,11948,900,28.686112,77.941357
vahelna-jain-temple,"Vahelna Jain temple",Uttar Pradesh,Uttar Pradesh,spiritual,Popular,4.3,2361,900,29.428555555,77.688055555
sarnath-jain-tirth,"Sarnath Jain Tirth",Uttar Pradesh,Uttar Pradesh,spiritual,Popular,4.4,5162,900,25.380555555,83.023888888
shobhnath-temple,"Shobhnath temple",Uttar Pradesh,Uttar Pradesh,spiritual,Popular,4.4,6723,900,27.514861111,82.042944444
daan-ghati,"Daan-Ghati",Uttar Pradesh,Uttar Pradesh,spiritual,Popular,4.3,18329,900,27.494944444,77.462666666
st-john-s-church-meerut,"St. John's Church, Meerut",Uttar Pradesh,Uttar Pradesh,spiritual,Popular,4.7,13964,900,29.012625,77.708895
sacred-heart-church,"Sacred Heart Church",Uttar Pradesh,Uttar Pradesh,spiritual,Popular,4.5,13693,900,27.484361111,77.694527777
jarai-ka-math,"Jarai-ka-Math",Uttar Pradesh,Uttar Pradesh,spiritual,Popular,4.7,15211,900,25.389078693,78.706951139
belha-devi-temple,"Belha Devi Temple",Uttar Pradesh,Uttar Pradesh,spiritual,Popular,4.4,14428,900,25.93388889,82.00194444
neelkantheshwar,"Neelkantheshwar",Uttar Pradesh,Uttar Pradesh,spiritual,Popular,4.4,19923,900,24.476111111,78.392222222
vandevi-temple,"Vandevi Temple",Uttar Pradesh,Uttar Pradesh,spiritual,Popular,4.5,16191,900,26.54774191,80.318920238
patna-bird-sanctuary,"Patna Bird Sanctuary",Uttar Pradesh,Uttar Pradesh,wildlife,Popular,4.4,20066,2500,27.518055555,78.280555555
shekha-bird-sanctuary,"Shekha Bird Sanctuary",Uttar Pradesh,Uttar Pradesh,wildlife,Popular,4.6,17392,2500,27.8575,78.2185
surha-tal-bird-sanctuary,"Surha Tal Bird Sanctuary",Uttar Pradesh,Uttar Pradesh,wildlife,Popular,4.6,6245,2500,25.8429,84.1708
saman-bird-sanctuary,"Saman Bird Sanctuary",Uttar Pradesh,Uttar Pradesh,wildlife,Popular,4.1,2853,2500,27,79.166666666
fatehgarh-fort,"Fatehgarh Fort",Uttar Pradesh,Uttar Pradesh,heritage,Popular,4.6,7363,900,27.3673,79.6221
st-mary-s-church-noida,"St. Mary's Church, Noida",Uttar Pradesh,Uttar Pradesh,spiritual,Popular,4.3,2873,900,28.5849,77.3603
renukeshwar-mahadev-temple,"Renukeshwar Mahadev Temple",Uttar Pradesh,Uttar Pradesh,spiritual,Popular,4.7,12594,900,24.2125,83.03805556
chauharjan-devi-temple,"Chauharjan Devi Temple",Uttar Pradesh,Uttar Pradesh,spiritual,Popular,4.7,3750,900,25.835555555,82.061666666
maa-kaali-and-bhagwan-shankar-temple,"Maa Kaali & Bhagwan Shankar Temple",Uttar Pradesh,Uttar Pradesh,spiritual,Popular,4.2,16179,900,25.59172,83.070256
gomateshwar-mahadev-temple-kerakat,"Gomateshwar Mahadev Temple,Kerakat",Uttar Pradesh,Uttar Pradesh,spiritual,Popular,4.1,5383,900,25.634574814,82.909802105
sri-aastik-swami-mandir-raebareli,"Sri Aastik Swami Mandir, Raebareli",Uttar Pradesh,Uttar Pradesh,spiritual,Popular,4.2,2023,900,26.268654,81.1788052
valley-of-flowers-national-park,"Valley of Flowers National Park",Uttarakhand,Uttarakhand,wildlife,Popular,4.4,4190,2500,30.73,79.6175
nanda-devi-national-park,"Nanda Devi National Park",Uttarakhand,Uttarakhand,wildlife,Popular,4.7,2000,2500,30.418611111,79.849722222
kedarnath-temple,"Kedarnath Temple",Uttarakhand,Uttarakhand,spiritual,Popular,4.5,6260,900,30.733335,79.066659
badrinath-temple,"Badrinath Temple",Uttarakhand,Uttarakhand,spiritual,Popular,4.7,15532,900,30.744695,79.491175
nanda-devi-and-valley-of-flowers-national-parks,"Nanda Devi and Valley of Flowers National Parks",Uttarakhand,Uttarakhand,wildlife,Popular,4.3,5395,2500,30.71667,79.66667
gauri-kund,"Gauri Kund",Uttarakhand,Uttarakhand,spiritual,Popular,4.3,18327,900,30.653611111,79.026111111
rudranath,"Rudranath",Uttarakhand,Uttarakhand,spiritual,Popular,4.7,20343,900,30.53333333,79.33333333
yamunotri-temple,"Yamunotri Temple",Uttarakhand,Uttarakhand,spiritual,Popular,4.1,17522,900,31.0167,78.45
kalpeshwar,"Kalpeshwar",Uttarakhand,Uttarakhand,spiritual,Popular,4.2,10794,900,30.548807,79.449765
madhyamaheshwar,"Madhyamaheshwar",Uttarakhand,Uttarakhand,spiritual,Popular,4.3,5461,900,30.63694444,79.21611111
kempty-falls,"Kempty Falls",Uttarakhand,Uttarakhand,heritage,Popular,4.2,9110,900,30.48731667,78.03620556
patal-bhuvaneshwar,"Patal Bhuvaneshwar",Uttarakhand,Uttarakhand,heritage,Popular,4.7,16255,900,29.90763886,79.60988678
baleshwar-temple,"Baleshwar Temple",Uttarakhand,Uttarakhand,spiritual,Popular,4.8,13623,900,29.3366,80.0904
daksheswara-mahadev-temple,"Daksheswara Mahadev Temple",Uttarakhand,Uttarakhand,spiritual,Popular,4.2,19847,900,29.92186667,78.14584444
bagnath-temple,"Bagnath Temple",Uttarakhand,Uttarakhand,spiritual,Popular,4.7,2114,900,29.83666667,79.8225
triyuginarayan-temple,"Triyuginarayan Temple",Uttarakhand,Uttarakhand,spiritual,Popular,4.3,6611,900,30.65236111,78.98236111
tapkeshwar-temple,"Tapkeshwar Temple",Uttarakhand,Uttarakhand,spiritual,Popular,4.6,19640,900,30.3572724,78.0166768
sapta-badri,"Sapta Badri",Uttarakhand,Uttarakhand,spiritual,Popular,4.5,16782,900,30.7447,79.4229
gopinath-mandir,"Gopinath Mandir",Uttarakhand,Uttarakhand,spiritual,Popular,4.6,8653,900,30.4138,79.316
neelkanth-mahadev-temple,"Neelkanth Mahadev Temple",Uttarakhand,Uttarakhand,spiritual,Popular,4.8,13321,900,30.0807,78.3409
lakhamandal-temple-ruins-and-images,"Lakhamandal temple, ruins and images",Uttarakhand,Uttarakhand,spiritual,Popular,4.8,15501,900,30.731444444,78.067555555
kainchi-dham,"Kainchi Dham",Uttarakhand,Uttarakhand,spiritual,Popular,4.1,3041,900,29.42254742,79.5124504
vasudhara-falls,"Vasudhara Falls",Uttarakhand,Uttarakhand,heritage,Popular,4.2,5129,900,30.788556,79.452611
umra-narayan,"Umra Narayan",Uttarakhand,Uttarakhand,spiritual,Popular,4.1,17399,900,30.28,78.98
raghunathji-temple-devprayag,"Raghunathji Temple, Devprayag",Uttarakhand,Uttarakhand,spiritual,Popular,4.4,7847,900,30.14555556,78.56444444
adi-badri-temples,"Adi Badri temples",Uttarakhand,Uttarakhand,spiritual,Popular,4.5,18484,900,30.156111111,79.226444444
kamanda-mahadev,"Kamanda Mahadev",Uttarakhand,Uttarakhand,spiritual,Popular,4.7,19432,900,29.623888888,79.023055555
beatles-ashram,"Beatles Ashram",Uttarakhand,Uttarakhand,heritage,Popular,4.8,14007,900,30.109745,78.312774
gurdwara-nanak-mata-sahib,"Gurdwara Nanak Mata Sahib",Uttarakhand,Uttarakhand,heritage,Popular,4.2,17184,900,28.947937,79.810688
moteshwar-mahadev,"Moteshwar Mahadev",Uttarakhand,Uttarakhand,spiritual,Popular,4.2,3357,900,29.12,78.57
kalinka-pauri-garhwal,"Kalinka, Pauri Garhwal",Uttarakhand,Uttarakhand,spiritual,Popular,4.8,18507,900,29.8621,79.0693
st-john-in-the-wilderness-nainital,"St. John in the Wilderness (Nainital)",Uttarakhand,Uttarakhand,spiritual,Popular,4.3,17110,900,29.3944,79.4469
mussoorie-wildlife-sanctuary,"Mussoorie Wildlife Sanctuary",Uttarakhand,Uttarakhand,wildlife,Popular,4.4,3762,2500,30.465277777,78.0125
sonanadi-wildlife-sanctuary,"Sonanadi Wildlife Sanctuary",Uttarakhand,Uttarakhand,wildlife,Popular,4.4,12080,2500,29.6442,78.6417
gujrugarhi,"Gujrugarhi",Uttarakhand,Uttarakhand,spiritual,Popular,4.1,15155,900,29.781330555,79.088580555
chandrabadani-devi,"Chandrabadani Devi",Uttarakhand,Uttarakhand,spiritual,Popular,4.1,1604,900,30.38259,78.473805
sundarbans-national-park,"Sundarbans National Park",West Bengal,West Bengal,wildlife,Popular,4.3,12456,2500,21.75,88.75
dakshineswar-kali-temple,"Dakshineswar Kali Temple",West Bengal,West Bengal,spiritual,Popular,4.6,9097,900,22.655,88.357777777
fort-william,"Fort William",West Bengal,West Bengal,heritage,Popular,4.3,1616,900,22.557777777,88.338055555
kalighat-kali-temple,"Kalighat Kali Temple",West Bengal,West Bengal,spiritual,Popular,4.1,7002,900,22.52027778,88.34208333
singalila-national-park,"Singalila National Park",West Bengal,West Bengal,wildlife,Popular,4.2,5960,2500,27.11666667,88.06666667
raiganj-wildlife-sanctuary,"Raiganj Wildlife Sanctuary",West Bengal,West Bengal,wildlife,Popular,4.7,3721,2500,25.637,88.121
cooch-behar-palace,"Cooch Behar Palace",West Bengal,West Bengal,heritage,Popular,4.8,11504,900,26.326944444,89.438611111
basilica-of-the-holy-rosary,"Basilica of the Holy-Rosary",West Bengal,West Bengal,spiritual,Popular,4.4,9044,900,22.918951,88.395192
hangseshwari-temple,"Hangseshwari Temple",West Bengal,West Bengal,spiritual,Popular,4.7,19972,900,22.96432114,88.39981079
garh-panchkot,"Garh Panchkot",West Bengal,West Bengal,heritage,Popular,4.4,3248,900,23.6,86.76667
hazarduari-palace,"Hazarduari Palace",West Bengal,West Bengal,heritage,Popular,4.3,9752,900,24.18689728,88.26876068
bethuadahari-wildlife-sanctuary,"Bethuadahari Wildlife Sanctuary",West Bengal,West Bengal,wildlife,Popular,4.6,12077,2500,23.5975516,88.3920227
buxa-fort,"Buxa Fort",West Bengal,West Bengal,heritage,Popular,4.3,4509,900,26.755,89.5803
armenian-church-of-st-john-the-baptist,"Armenian Church of St. John the Baptist",West Bengal,West Bengal,spiritual,Popular,4.4,15522,900,22.8915035,88.401264
bibhutibhushan-wildlife-sanctuary,"Bibhutibhushan Wildlife Sanctuary",West Bengal,West Bengal,wildlife,Popular,4.7,1777,2500,23.186178,88.762087
nava-kailasha-temple,"Nava-Kailasha Temple",West Bengal,West Bengal,spiritual,Popular,4.2,14002,900,23.220277777,88.364722222
st-mary-armenian-church,"St. Mary Armenian Church",West Bengal,West Bengal,spiritual,Popular,4.1,10051,900,24.12225649,88.25771213
chapramari-wildlife-sanctuary,"Chapramari Wildlife Sanctuary",West Bengal,West Bengal,wildlife,Popular,4.6,4780,2500,26.8746424,88.8551019
mahananda-wildlife-sanctuary,"Mahananda Wildlife Sanctuary",West Bengal,West Bengal,wildlife,Popular,4.5,5521,2500,26.87361,88.43889
rasmancha,"Rasmancha",West Bengal,West Bengal,heritage,Popular,4.5,6246,900,23.0682354,87.32209778
temple-of-vedic-planetarium,"Temple of Vedic Planetarium",West Bengal,West Bengal,spiritual,Popular,4.5,9581,900,23.4248499,88.3887502
madangopal-jiu-temple,"Madangopal-jiu Temple",West Bengal,West Bengal,spiritual,Popular,4.5,14959,900,22.465555555,87.903333333
jatar-deul,"Jatar Deul",West Bengal,West Bengal,spiritual,Popular,4.2,19953,900,21.99445343,88.48991394
siddheshwar-temple,"Siddheshwar temple",West Bengal,West Bengal,spiritual,Popular,4.4,19832,900,23.16613333,87.23523889
bargabhima-temple,"Bargabhima temple",West Bengal,West Bengal,spiritual,Popular,4.5,2468,900,22.290022222,87.923852777
attahas-shaktipeeth,"Attahas Shaktipeeth",West Bengal,West Bengal,spiritual,Popular,4.4,9334,900,23.71950833,88.02530278
temple-of-ichai-ghosh,"Temple of Ichai Ghosh",West Bengal,West Bengal,spiritual,Popular,4.2,9056,900,23.6093998,87.45191193
kalyaneshwari-temple,"Kalyaneshwari Temple",West Bengal,West Bengal,spiritual,Popular,4.7,3739,900,23.77722222,86.82833333
kiriteswari-temple,"Kiriteswari Temple",West Bengal,West Bengal,spiritual,Popular,4.5,18724,900,24.2,88.218611111
ramnabagan-wildlife-sanctuary,"Ramnabagan Wildlife Sanctuary",West Bengal,West Bengal,wildlife,Popular,4.1,5301,2500,23.253,87.851
ballabhpur-wildlife-sanctuary,"Ballabhpur Wildlife Sanctuary",West Bengal,West Bengal,wildlife,Popular,4.4,12430,2500,23.685011,87.653021
eco-park,"Eco Park",West Bengal,West Bengal,heritage,Popular,4.5,15700,900,22.5989,88.4669
nicco-park,"Nicco Park",West Bengal,West Bengal,heritage,Popular,4.7,4757,900,22.57118333,88.42160833
jungle-mahal-zoological-park,"Jungle Mahal Zoological Park",West Bengal,West Bengal,wildlife,Popular,4.6,20189,2500,22.448897,87.020327
kurumbera-fort,"Kurumbera Fort",West Bengal,West Bengal,heritage,Popular,4.2,13534,900,22.08756667,87.25502222
andul-rajbari,"Andul Rajbari",West Bengal,West Bengal,heritage,Popular,4.8,13402,900,22.5832,88.2356
st-olav-s-church-serampore,"St. Olav's Church, Serampore",West Bengal,West Bengal,spiritual,Popular,4.3,11771,900,22.7571,88.3427
gokulchand-temple,"Gokulchand Temple",West Bengal,West Bengal,spiritual,Popular,4.7,10564,900,23.03694916,87.46192169
ekteshwar-temple,"Ekteshwar Temple",West Bengal,West Bengal,spiritual,Popular,4.2,17991,900,23.20855,87.084466666
temple-of-banda,"Temple of Banda",West Bengal,West Bengal,spiritual,Popular,4.4,17162,900,23.60084152,86.56450653
char-bangla-temples,"Char Bangla Temples",West Bengal,West Bengal,spiritual,Popular,4.2,13233,900,24.2513485,88.24368286
jalpeshwar-shiva-temple,"Jalpeshwar Shiva temple",West Bengal,West Bengal,spiritual,Popular,4.3,5446,900,26.52565,88.86684
twin-temples,"Twin temples",West Bengal,West Bengal,spiritual,Popular,4.5,8963,900,23.15975761,88.24714661
senchal-wildlife-sanctuary,"Senchal Wildlife Sanctuary",West Bengal,West Bengal,wildlife,Popular,4.6,20283,2500,26.9938,88.2652
chintamoni-kar-bird-sanctuary,"Chintamoni Kar Bird Sanctuary",West Bengal,West Bengal,wildlife,Popular,4.3,13080,2500,22.4295,88.4007
lothian-island-wildlife-sanctuary,"Lothian Island Wildlife Sanctuary",West Bengal,West Bengal,wildlife,Popular,4.3,9996,2500,21.65784,88.32559
haliday-island-wildlife-sanctuary,"Haliday Island Wildlife Sanctuary",West Bengal,West Bengal,wildlife,Popular,4.2,19837,2500,21.66431,88.6312
brindaban-chandra-s-math,"Brindaban Chandra's Math",West Bengal,West Bengal,spiritual,Popular,4.7,8831,900,23.1971302,88.44094849
chapra-christ-church,"Chapra Christ Church",West Bengal,West Bengal,spiritual,Popular,4.7,3563,900,23.52556667,88.55135833
sridhar-temple,"Sridhar Temple",West Bengal,West Bengal,spiritual,Popular,4.4,2221,900,23.0097401,87.5885288
taraknath-temple,"Taraknath Temple",West Bengal,West Bengal,spiritual,Popular,4.6,6914,900,22.886068,88.017571
kamteswari-temple,"Kamteswari temple",West Bengal,West Bengal,spiritual,Popular,4.1,8786,900,26.1350683,89.3622436
ramkeli-madanmohan-jiu-temple,"Ramkeli Madanmohan Jiu temple",West Bengal,West Bengal,spiritual,Popular,4.8,15236,900,24.8894498,88.1287061
rampara-kalibari,"Rampara Kalibari",West Bengal,West Bengal,spiritual,Popular,4.6,7130,900,22.736111111,88.127222222
jagatnagar-kalibari,"Jagatnagar Kalibari",West Bengal,West Bengal,spiritual,Popular,4.6,9384,900,22.7840091,88.2213113
sat-deul,"Sat Deul",West Bengal,West Bengal,spiritual,Popular,4.5,13791,900,23.15130833,88.04389444
keshabeshwar-temple,"Keshabeshwar temple",West Bengal,West Bengal,spiritual,Popular,4.3,13164,900,22.154177777,88.322055555
nrisingha-temple,"Nrisingha Temple",West Bengal,West Bengal,spiritual,Popular,4.5,16438,900,23.387772222,88.444041666
santinath-siva-temple,"Santinath Siva temple",West Bengal,West Bengal,spiritual,Popular,4.5,3180,900,22.7382,87.5189
ghaghar-burhi-temple,"Ghaghar Burhi temple",West Bengal,West Bengal,spiritual,Popular,4.3,8191,900,23.6834,87.0067
jore-pokhri-wildlife-sanctuary,"Jore Pokhri Wildlife Sanctuary",West Bengal,West Bengal,wildlife,Popular,4.6,20156,2500,26.99118,88.1573
sacred-heart-french-cemetery,"Sacred Heart French Cemetery",West Bengal,West Bengal,spiritual,Popular,4.3,9755,900,22.865519444,88.368463888
rangamati-tea-estate-cemetery,"Rangamati Tea Estate Cemetery",West Bengal,West Bengal,heritage,Popular,4.8,13004,900,26.892319444,88.683730555
kalikapur-zamindar-palace,"Kalikapur Zamindar palace",West Bengal,West Bengal,heritage,Popular,4.2,12476,900,23.582,87.5394
st-john-s-church,"St. John's Church",West Bengal,West Bengal,spiritual,Popular,4.5,5630,900,22.4264,87.3102
kanak-durga-temple,"Kanak Durga Temple",West Bengal,West Bengal,spiritual,Popular,4.6,16798,900,22.454186111,86.881555555
nandikeshwari-temple,"Nandikeshwari Temple",West Bengal,West Bengal,spiritual,Popular,4.7,3664,900,23.95,87.67
begunbari-kali-temple,"Begunbari Kali Temple",West Bengal,West Bengal,spiritual,Popular,4.6,19518,900,22.3628642,87.696268
bhavatarini-shmashanpith-kali-temple,"Bhavatarini Shmashanpith Kali Temple",West Bengal,West Bengal,spiritual,Popular,4.2,5366,900,22.3941674,87.7156462
baneshwar-shiva-temple,"Baneshwar Shiva temple",West Bengal,West Bengal,spiritual,Popular,4.7,5296,900,26.399063,89.497535
mohanpur-jagannath-temple,"Mohanpur Jagannath temple",West Bengal,West Bengal,spiritual,Popular,4.4,20417,900,21.83856,87.43145
jatileswar-siva-temple,"Jatileswar Siva temple",West Bengal,West Bengal,spiritual,Popular,4.3,10482,900,26.543055555,88.918611111
chakbhabani-kalibari,"Chakbhabani Kalibari",West Bengal,West Bengal,spiritual,Popular,4.2,7231,900,25.22962778,88.77292222
sangchhen-thong-delling-monastery,"Sangchhen Thong Delling monastery",West Bengal,West Bengal,spiritual,Popular,4.7,13516,900,27.07866,88.2862
ghanteshwar-temple,"Ghanteshwar Temple",West Bengal,West Bengal,spiritual,Popular,4.7,15027,900,22.71055556,87.85416667
agatti-island,"Agatti Island",Lakshadweep,Lakshadweep Archipelago,beach,Island Gateway,4.8,1850,5500,10.8533,72.1946
bangaram-island,"Bangaram Island",Lakshadweep,Lakshadweep Archipelago,beach,Pristine Island,4.9,1420,6500,10.9388,72.2858
bhedaghat,"Bhedaghat",Madhya Pradesh,Jabalpur District,nature,100ft Marble Rocks Gorge,4.8,2850,2000,23.1311,79.8005
chembra-peak,"Chembra Peak",Kerala,Wayanad,adventure,Natural Heart Lake,4.9,3820,2800,11.5472,76.0898
chitrakote-falls,"Chitrakote Falls",Chhattisgarh,Bastar District,nature,Niagara Falls of India,4.8,2150,2000,19.2023,81.7058
daringbadi,"Daringbadi",Odisha,Kandhamal District,hillstation,Kashmir of Odisha,4.6,1420,2000,19.9125,84.1332
dawki,"Dawki",Meghalaya,West Jaintia Hills,nature,Crystal River,4.8,3120,2000,25.1878,92.0163
dhanaulti,"Dhanaulti",Uttarakhand,Tehri Garhwal,hillstation,Tranquil Deodar Forests,4.7,2980,2200,30.45,78.23
dhanushkodi,"Dhanushkodi",Tamil Nadu,Pamban Island,beach,Ghost Town Edge,4.9,3410,2500,9.1761,79.4143
dholavira,"Dholavira",Gujarat,Kutch District,heritage,4500-Year Harappan City,4.8,1560,2400,23.8863,70.2131
gandikota,"Gandikota",Andhra Pradesh,Kadapa District,nature,Grand Canyon of India,4.8,1940,2200,14.8153,78.2863
gurez-valley,"Gurez Valley",Jammu & Kashmir,BandiPora District,hillstation,Untouched Border Eden,4.9,1580,3000,34.6366,74.8383
gurudongmar-lake,"Gurudongmar Lake",Sikkim,North Sikkim,adventure,Sacred High Altitude,4.9,2150,3500,27.9708,88.7061
hanle,"Hanle",Ladakh,Changthang Plateau,adventure,Dark Sky Reserve,4.9,1680,2500,32.7758,78.9667
havelock-island,"Havelock Island (Swaraj Dweep)",Andaman & Nicobar,Ritchie's Archipelago,beach,Top Asian Beach,4.9,6890,3500,11.9761,92.9876
jibhi,"Jibhi",Himachal Pradesh,Banjar Valley / Kullu,hillstation,Untouched Pine Valley,4.9,3120,1800,31.6373,77.4728
loktak-lake,"Loktak Lake",Manipur,Bishnupur District,nature,World's Only Floating Park,4.9,1680,2400,24.5557,93.8052
lonar-crater,"Lonar Crater Lake",Maharashtra,Buldhana District,nature,50,000-Year Meteorite Lake,4.7,1650,1800,19.9757,76.508
mandu,"Mandu (Mandav)",Madhya Pradesh,Dhar District,heritage,Romantic Afghan Fortress,4.8,2240,2000,22.3664,75.3941
mawlynnong,"Mawlynnong",Meghalaya,East Khasi Hills,nature,Asia's Cleanest Village,4.8,2890,1800,25.2017,91.9163
polo-forest,"Polo Forest",Gujarat,Sabarkantha District,nature,Ancient Forest Ruins,4.7,2120,2200,23.9575,73.2842
sandakphu,"Sandakphu",West Bengal,Darjeeling District,adventure,Everest & Kanchenjunga View,4.9,2450,2200,27.1062,88.0016
shekhawati,"Shekhawati",Rajasthan,Jhunjhunu & Sikar,heritage,Open-Air Art Gallery,4.7,1840,2500,28.1289,75.3994
tamhini-ghat,"Tamhini Ghat",Maharashtra,Pune & Raigad District,nature,Monsoon Waterfall Pass,4.8,3560,2200,18.4735,73.415
tranquebar,"Tranquebar (Tharangambadi)",Tamil Nadu,Mayiladuthurai District,beach,Danish Colonial Haven,4.8,1750,3200,11.0267,79.8544
unakoti,"Unakoti",Tripura,Unakoti District,heritage,Mysterious Rock Carvings,4.8,1240,1600,24.3183,92.0722
valparai,"Valparai",Tamil Nadu,Coimbatore District,hillstation,Misty Rainforest Plateau,4.8,2410,2500,10.3262,76.9554
zanskar-valley,"Zanskar Valley",Ladakh,Kargil District,adventure,Remote Himalayan Haven,4.9,1890,3500,33.4986,76.8407