state,slug,title,type,rating,minPrice
Andaman & Nicobar,galathea-national-park,"Galathea National Park",wildlife,4.7,2500
Andaman & Nicobar,mount-manipur-national-park,"Mount Manipur National Park",wildlife,4.4,2500
Andaman & Nicobar,saddle-peak-national-park,"Saddle Peak National Park",wildlife,4.6,2500
Andaman & Nicobar,south-button-island-national-park,"South Button Island National Park",wildlife,4.1,2500
Andaman & Nicobar,sri-vetrimalai-murugan-temple,"Sri Vetrimalai Murugan Temple",spiritual,4.4,900
Andaman & Nicobar,kwangtung-island-wildlife-sanctuary,"Kwangtung Island Wildlife Sanctuary",wildlife,4.5,2500
Andaman & Nicobar,bamboo-island-wildlife-sanctuary,"Bamboo Island Wildlife Sanctuary",wildlife,4.3,2500
Andaman & Nicobar,havelock-island,"Havelock Island (Swaraj Dweep)",beach,4.9,3500
Andhra Pradesh,tirupati,"Tirupati",spiritual,4.6,900
Andhra Pradesh,visakhapatnam,"Visakhapatnam",beach,4.4,1200
Andhra Pradesh,araku-valley,"Araku Valley",hill_station,4.4,1100
Andhra Pradesh,tirumala-venkateswara-temple,"Tirumala Venkateswara Temple",spiritual,4.5,900
Andhra Pradesh,belum-caves,"Belum Caves",heritage,4.5,900
Andhra Pradesh,mallikarjuna-temple,"Mallikarjuna Temple",spiritual,4.7,900
Andhra Pradesh,simhachalam-temple,"Simhachalam Temple",spiritual,4.2,900
Andhra Pradesh,kanaka-durga-temple,"Kanaka Durga Temple",spiritual,4.4,900
Andhra Pradesh,srikalahasti-temple,"Srikalahasti Temple",spiritual,4.2,900
Andhra Pradesh,veerabhadra-temple,"Veerabhadra Temple",spiritual,4.3,900
Andhra Pradesh,arasavalli-sun-temple,"Arasavalli Sun Temple",spiritual,4.2,900
Andhra Pradesh,ethipothala-falls,"Ethipothala Falls",heritage,4.3,900
Andhra Pradesh,ramakrishna-mission-beach,"Ramakrishna Mission Beach",beach,4.7,1200
Andhra Pradesh,konda-reddy-fort,"Konda Reddy Fort",heritage,4.3,900
Andhra Pradesh,yaganti-temple,"Yaganti Temple",spiritual,4.6,900
Andhra Pradesh,sri-kodandrama-swamy-temple-vontimitta,"Sri Kodandrama Swamy Temple, Vontimitta",spiritual,4.6,900
Andhra Pradesh,papikonda-national-park,"Papikonda National Park",wildlife,4.1,2500
Andhra Pradesh,rushikonda-beach,"Rushikonda Beach",beach,4.3,1200
Andhra Pradesh,kondaveedu-fort,"Kondaveedu Fort",heritage,4.5,900
Andhra Pradesh,kondapalli-fort,"Kondapalli Fort",heritage,4.6,900
Andhra Pradesh,kanipakam-vinayaka-temple,"Kanipakam Vinayaka Temple",spiritual,4.8,900
Andhra Pradesh,somarama,"Somarama",spiritual,4.3,900
Andhra Pradesh,mogalrajapuram-caves,"Mogalrajapuram caves",spiritual,4.4,900
Andhra Pradesh,pulicat-lake-bird-sanctuary,"Pulicat Lake Bird Sanctuary",wildlife,4.6,2500
Andhra Pradesh,talakona,"Talakona",heritage,4.2,900
Andhra Pradesh,chandragiri-fort,"Chandragiri Fort",heritage,4.1,900
Andhra Pradesh,palli-kondeswarar-temple-surutupalle,"Palli Kondeswarar Temple, Surutupalle",spiritual,4.2,900
Andhra Pradesh,kumararama,"Kumararama",spiritual,4.1,900
Andhra Pradesh,chintala-venkataramana-temple-tadipatri,"Chintala Venkataramana Temple, Tadipatri",spiritual,4.5,900
Andhra Pradesh,annavaram-satyanarayana-temple,"Annavaram Satyanarayana Temple",spiritual,4.5,900
Andhra Pradesh,manjira-wildlife-sanctuary,"Manjira Wildlife Sanctuary",wildlife,4.1,2500
Andhra Pradesh,kambalakonda-wildlife-sanctuary,"Kambalakonda Wildlife Sanctuary",wildlife,4.6,2500
Andhra Pradesh,kondakarla-ava,"Kondakarla Āva",beach,4.7,1200
Andhra Pradesh,vodarevu-beach,"Vodarevu Beach",beach,4.2,1200
Andhra Pradesh,gooty-fort,"Gooty Fort",heritage,4.2,900
Andhra Pradesh,madaksira-hill-fort,"Madaksira hill fort",heritage,4.8,900
Andhra Pradesh,amararama,"Amararama",spiritual,4.4,900
Andhra Pradesh,ksheerarama,"Ksheerarama",spiritual,4.2,900
Andhra Pradesh,bhavanarayana-temple,"Bhavanarayana temple",spiritual,4.2,900
Andhra Pradesh,prasanna-venkateswara-temple,"Prasanna Venkateswara Temple",spiritual,4.5,900
Andhra Pradesh,devipuram,"Devipuram",spiritual,4.5,900
Andhra Pradesh,kurmanathaswamy-temple-srikurmam,"Kurmanathaswamy Temple, Srikurmam",spiritual,4.8,900
Andhra Pradesh,kolleru-bird-sanctuary,"Kolleru Bird Sanctuary",wildlife,4.5,2500
Andhra Pradesh,rajiv-gandhi-national-park,"Rajiv Gandhi National Park",wildlife,4.5,2500
Andhra Pradesh,rollapadu-wildlife-sanctuary,"Rollapadu Wildlife Sanctuary",wildlife,4.1,2500
Andhra Pradesh,sri-lakshmi-narasimha-swamy-temple-antarvedi,"Sri Lakshmi Narasimha Swamy Temple, Antarvedi",spiritual,4.5,900
Andhra Pradesh,vedanarayana-temple-nagalapuram,"Vedanarayana Temple, Nagalapuram",spiritual,4.3,900
Andhra Pradesh,parasuramesvara-temple,"Parasuramesvara Temple",spiritual,4.4,900
Andhra Pradesh,mangapuram-venkatesvara-vishnu-temple,"Mangapuram Venkatesvara Vishnu Temple",spiritual,4.7,900
Andhra Pradesh,lakshmi-narasimha-swamy-temple-penna-ahobilam,"Lakshmi Narasimha swamy temple, Penna Ahobilam",spiritual,4.6,900
Andhra Pradesh,someswara-swamy-temple-appikonda,"Someswara Swamy Temple, Appikonda",spiritual,4.6,900
Andhra Pradesh,koneti-rayala-swamy-temple,"Koneti Rayala Swamy Temple",spiritual,4.7,900
Andhra Pradesh,kotappakonda,"Kotappakonda",spiritual,4.1,900
Andhra Pradesh,lakshmi-narasimha-temple-mangalagiri,"Lakshmi Narasimha Temple, Mangalagiri",spiritual,4.7,900
Andhra Pradesh,beeramgunta-poleramma-temple,"Beeramgunta Poleramma Temple",spiritual,4.6,900
Andhra Pradesh,ratnagiri-fort,"Ratnagiri Fort",heritage,4.5,900
Andhra Pradesh,sri-kodandarama-swami-devastanam,"Sri Kodandarama Swami Devastanam",spiritual,4.5,900
Andhra Pradesh,talupulamma-lova,"Talupulamma Lova",spiritual,4.2,900
Andhra Pradesh,pushpagiri-group-of-temples,"Pushpagiri Group of Temples",spiritual,4.3,900
Andhra Pradesh,kotasattemma-temple-nidadavolu,"Kotasattemma Temple, Nidadavolu",spiritual,4.7,900
Andhra Pradesh,veerabhadra-temple-pattiseema,"Veerabhadra Temple, Pattiseema",spiritual,4.6,900
Andhra Pradesh,swayambhu-sri-abhista-gnana-ganapathi-temple,"Swayambhu Sri Abhista Gnana Ganapathi Temple",spiritual,4.7,900
Andhra Pradesh,thiripurantakesvararar-temple-tripuranthakam,"Thiripurantakesvararar Temple, Tripuranthakam",spiritual,4.3,900
Andhra Pradesh,chengalamma-parameshwari-temple,"Chengalamma Parameshwari Temple",spiritual,4.4,900
Andhra Pradesh,gangamma-temple-dhenuvakonda,"Gangamma Temple, Dhenuvakonda",spiritual,4.8,900
Andhra Pradesh,koulutla-chenna-kesava-temple,"Koulutla Chenna Kesava Temple",spiritual,4.6,900
Andhra Pradesh,gundla-brahmeswaram-wildlife-sanctuary,"Gundla Brahmeswaram Wildlife Sanctuary",wildlife,4.5,2500
Andhra Pradesh,ramayapatnam-beach,"Ramayapatnam Beach",beach,4.2,1200
Andhra Pradesh,ramalingeswara-swamy-temple,"Ramalingeswara swamy Temple",spiritual,4.1,900
Andhra Pradesh,dibbesvarasvamipur-temple,"Dibbesvarasvamipur Temple",spiritual,4.5,900
Andhra Pradesh,siddalakona,"SiddalaKona",spiritual,4.3,900
Andhra Pradesh,sri-sunama-jakini-matha,"Sri Sunama Jakini Matha",spiritual,4.2,900
Andhra Pradesh,peddintlamma-temple-kolletikota,"Peddintlamma Temple, Kolletikota",spiritual,4.3,900
Andhra Pradesh,sri-talpagiri-ranganadha-swamy-temple-nellore,"Sri Talpagiri Ranganadha Swamy Temple, Nellore",spiritual,4.7,900
Andhra Pradesh,andhra-shiridi,"Andhra Shiridi",spiritual,4.3,900
Andhra Pradesh,sai-shiva-balaji-mandir-dharmapuri,"Sai Shiva Balaji Mandir, Dharmapuri",spiritual,4.3,900
Andhra Pradesh,sri-sri-nookambika-ammavari-temple,"Sri Sri Nookambika Ammavari Temple",spiritual,4.8,900
Andhra Pradesh,chowdeshwari-temple-at-nandavaram,"Chowdeshwari Temple at Nandavaram",spiritual,4.4,900
Andhra Pradesh,maddi-anjaneya-temple,"Maddi Anjaneya Temple",spiritual,4.5,900
Andhra Pradesh,gandikota,"Gandikota",nature,4.8,2200
Arunachal Pradesh,ziro,"Ziro",hill_station,4.5,1400
Arunachal Pradesh,tawang,"Tawang",hill_station,4.6,1600
Arunachal Pradesh,malinithan,"Malinithan",spiritual,4.6,900
Arunachal Pradesh,eaglenest-wildlife-sanctuary,"Eaglenest Wildlife Sanctuary",wildlife,4.6,2500
Arunachal Pradesh,nuranang-falls,"Nuranang Falls",heritage,4.1,900
Arunachal Pradesh,chumi-gyatse-falls,"Chumi Gyatse Falls",heritage,4.4,900
Arunachal Pradesh,kameng-elephant-reserve,"Kameng Elephant Reserve",heritage,4.7,900
Arunachal Pradesh,sessa-orchid-sanctuary,"Sessa Orchid Sanctuary",wildlife,4.6,2500
Arunachal Pradesh,talley-valley-wildlife-sanctuary,"Talley Valley Wildlife Sanctuary",wildlife,4.6,2500
Arunachal Pradesh,itanagar-wildlife-sanctuary,"Itanagar Wildlife Sanctuary",wildlife,4.1,2500
Arunachal Pradesh,kane-wildlife-sanctuary,"Kane Wildlife Sanctuary",wildlife,4.6,2500
Arunachal Pradesh,mehao-wildlife-sanctuary,"Mehao Wildlife Sanctuary",wildlife,4.2,2500
Assam,kaziranga,"Kaziranga",wildlife,4.8,600
Assam,majuli,"Majuli",heritage,4.4,1000
Assam,kamakhya-temple,"Kamakhya Temple",spiritual,4.7,900
Assam,maidam,"Maidam",heritage,4.1,900
Assam,orang-national-park,"Orang National Park",wildlife,4.4,2500
Assam,pobitora-wildlife-sanctuary,"Pobitora Wildlife Sanctuary",wildlife,4.2,2500
Assam,sivasagar-sivadol,"Sivasagar Sivadol",spiritual,4.8,900
Assam,umananda-temple,"Umananda Temple",spiritual,4.4,900
Assam,assam-state-zoo-cum-botanical-garden,"Assam State Zoo cum Botanical Garden",wildlife,4.1,2500
Assam,hayagriva-madhava-temple,"Hayagriva Madhava Temple",spiritual,4.5,900
Assam,mahabhairav-temple,"Mahabhairav Temple",spiritual,4.4,900
Assam,negheriting-shiva-doul,"Negheriting Shiva Doul",spiritual,4.8,900
Assam,garampani-wildlife-sanctuary,"Garampani Wildlife Sanctuary",wildlife,4.1,2500
Assam,hoollongapar-gibbon-sanctuary,"Hoollongapar Gibbon Sanctuary",wildlife,4.5,2500
Assam,kareng-ghar,"Kareng Ghar",heritage,4.1,900
Assam,hatimura-temple,"Hatimura Temple",spiritual,4.5,900
Assam,maha-mrityunjay-temple,"Maha Mrityunjay Temple",spiritual,4.3,900
Assam,bura-chapori-wildlife-sanctuary,"Bura Chapori Wildlife Sanctuary",wildlife,4.3,2500
Assam,chakrashila-wildlife-sanctuary,"Chakrashila Wildlife Sanctuary",wildlife,4.2,2500
Assam,bornadi-wildlife-sanctuary,"Bornadi Wildlife Sanctuary",wildlife,4.5,2500
Assam,mahamaya-dham,"Mahamaya Dham",spiritual,4.7,900
Assam,burhi-gosani-devalaya-jorhat,"Burhi Gosani Devalaya Jorhat",spiritual,4.3,900
Assam,deopani-durga-mandir,"Deopani Durga Mandir",spiritual,4.5,900
Assam,gurdwara-sri-guru-tegh-bahadur-sahib,"Gurdwara Sri Guru Tegh Bahadur Sahib",heritage,4.4,900
Assam,da-parbatia,"Da Parbatia",spiritual,4.3,900
Assam,joysagar-vishnudol,"Joysagar Vishnudol",spiritual,4.6,900
Assam,bhimeswar-dham,"Bhimeswar Dham",spiritual,4.4,900
Assam,bharali-namghar,"Bharali Namghar",spiritual,4.7,900
Assam,bherjan-borajan-padumoni-wildlife-sanctuary,"Bherjan-Borajan-Padumoni Wildlife Sanctuary",wildlife,4.3,2500
Assam,east-karbi-anglong-wildlife-sanctuary,"East Karbi-Anglong Wildlife Sanctuary",wildlife,4.2,2500
Assam,amchang-wildlife-sanctuary,"Amchang Wildlife Sanctuary",wildlife,4.2,2500
Assam,pani-dihing-wildlife-sanctuary,"Pani Dihing Wildlife Sanctuary",wildlife,4.6,2500
Assam,lankeshwar-temple,"Lankeshwar Temple",spiritual,4.4,900
Assam,bagheswari-temple-bongaigaon,"Bagheswari Temple, Bongaigaon",spiritual,4.4,900
Assam,bileswar-temple,"Bileswar Temple",spiritual,4.6,900
Assam,nagsankar-mandir,"Nagsankar Mandir",spiritual,4.3,900
Assam,siva-doul,"Siva Doul",spiritual,4.5,900
Assam,vasudeva-doul,"Vasudeva Doul",spiritual,4.6,900
Assam,panimur,"Panimur",heritage,4.4,900
Assam,deepar-beel-wildlife-sanctuary,"Deepar Beel Wildlife Sanctuary",wildlife,4.2,2500
Assam,nambor-doigrung-wildlife-sanctuary,"Nambor - Doigrung Wildlife Sanctuary",wildlife,4.1,2500
Assam,govinda-temple-hojai,"Govinda Temple, Hojai",spiritual,4.7,900
Assam,golaghat-british-cemetery,"Golaghat British Cemetery",spiritual,4.3,900
Bihar,bodh-gaya,"Bodh Gaya",spiritual,4.7,900
Bihar,nalanda,"Nalanda",heritage,4.5,900
Bihar,rohtasgarh-fort,"Rohtasgarh Fort",heritage,4.5,900
Bihar,mundeshwari-temple,"Mundeshwari Temple",spiritual,4.7,900
Bihar,takht-sri-patna-sahib,"Takht Sri Patna Sahib",heritage,4.1,900
Bihar,kanwar-lake-bird-sanctuary,"Kanwar Lake Bird Sanctuary",wildlife,4.7,2500
Bihar,vishnupad-temple-gaya,"Vishnupad Temple, Gaya",spiritual,4.6,900
Bihar,baba-garib-sthan-mandir,"Baba Garib Sthan Mandir",spiritual,4.1,900
Bihar,bhimbandh-wildlife-sanctuary,"Bhimbandh Wildlife Sanctuary",wildlife,4.5,2500
Bihar,mangla-gauri-temple,"Mangla Gauri Temple",spiritual,4.8,900
Bihar,ashokdham-temple,"Ashokdham Temple",spiritual,4.4,900
Bihar,gautam-budha-wildlife-sanctuary,"Gautam Budha Wildlife Sanctuary",wildlife,4.7,2500
Bihar,udaypur-wildlife-sanctuary,"Udaypur Wildlife Sanctuary",wildlife,4.4,2500
Bihar,aranya-devi-temple-arrah,"Aranya Devi Temple, Arrah",spiritual,4.4,900
Bihar,maa-tara-chandi-temple,"Maa Tara Chandi Temple",spiritual,4.7,900
Bihar,kaimur-wildlife-sanctuary,"Kaimur Wildlife Sanctuary",wildlife,4.8,2500
Bihar,munger-fort,"Munger Fort",heritage,4.8,900
Bihar,buxar-fort,"Buxar Fort",heritage,4.5,900
Bihar,darbhanga-fort,"Darbhanga Fort",heritage,4.2,900
Bihar,gurdwara-bal-lila-maini-sangat,"Gurdwara Bal Lila Maini Sangat",heritage,4.7,900
Bihar,pataleshwar-mandir,"Pataleshwar Mandir",spiritual,4.8,900
Bihar,vikramshila-gangetic-dolphin-sanctuary,"Vikramshila Gangetic Dolphin Sanctuary",wildlife,4.7,2500
Bihar,chandika-sthan,"Chandika Sthan",spiritual,4.4,900
Bihar,pant-wildlife-sanctuary,"Pant Wildlife Sanctuary",wildlife,4.6,2500
Bihar,kapileshwar-temple,"Kapileshwar Temple",spiritual,4.6,900
Bihar,khudneshwar-asthan-morwa,"Khudneshwar Asthan Morwa",spiritual,4.2,900
Bihar,lal-keshwar-shiv-temple,"Lal Keshwar Shiv Temple",spiritual,4.3,900
Bihar,basilica-of-our-lady-of-divine-grace,"Basilica of Our Lady of Divine Grace",spiritual,4.7,900
Bihar,iskcon-temple-patna,"ISKCON Temple Patna",spiritual,4.1,900
Bihar,nagi-bird-sanctuary,"Nagi Bird Sanctuary",wildlife,4.6,2500
Bihar,barela-bird-sanctuary,"Barela Bird Sanctuary",wildlife,4.2,2500
Bihar,kusheshwar-asthan-bird-sanctuary,"Kusheshwar Asthan Bird Sanctuary",wildlife,4.3,2500
Bihar,rajauli-wildlife-sanctuary,"Rajauli Wildlife Sanctuary",wildlife,4.7,2500
Bihar,nandangarh-stupa-and-rampart,"Nandangarh Stupa and Rampart",heritage,4.4,900
Bihar,koncheswar-mahadev-temple,"Koncheswar Mahadev temple",spiritual,4.8,900
Bihar,sundernath,"Sundernath",spiritual,4.2,900
Bihar,vishwamitra-ashram-bisaul,"Vishwamitra Ashram, Bisaul",heritage,4.3,900
Bihar,gurdwara-handi-sahib,"Gurdwara Handi Sahib",heritage,4.2,900
Chandigarh,burail-fort,"Burail Fort",heritage,4.4,900
Chandigarh,manimajra-fort,"Manimajra Fort",heritage,4.4,900
Chhattisgarh,chitrakoot-falls,"Chitrakoot Falls",heritage,4.5,900
Chhattisgarh,teerathgarh-falls,"Teerathgarh Falls",scenic,4.8,900
Chhattisgarh,bhoramdeo-temple,"Bhoramdeo Temple",spiritual,4.7,900
Chhattisgarh,kotumsar-cave,"Kotumsar Cave",heritage,4.2,900
Chhattisgarh,bambleshwari-temple,"Bambleshwari Temple",spiritual,4.5,900
Chhattisgarh,maitri-baagh-zoo,"Maitri Baagh Zoo",wildlife,4.7,2500
Chhattisgarh,ashtabhuji-temple,"Ashtabhuji Temple",spiritual,4.1,900
Chhattisgarh,rajiv-lochan-temple-rajim,"Rajiv Lochan temple, Rajim",spiritual,4.6,900
Chhattisgarh,barfani-dham,"Barfani dham",spiritual,4.4,900
Chhattisgarh,dhumnath-temple,"Dhumnath Temple",spiritual,4.7,900
Chhattisgarh,cathedral-of-our-lady-of-the-rosary,"Cathedral of Our Lady of the Rosary",spiritual,4.4,900
Chhattisgarh,mahadev-temple-deobaloda,"Mahadev Temple, Deobaloda",spiritual,4.2,900
Chhattisgarh,indal-deul-temple-kharod,"Indal Deul temple, Kharod",spiritual,4.2,900
Chhattisgarh,nandanvan-jungle-safari,"Nandanvan Jungle Safari",wildlife,4.5,2500
Chhattisgarh,arang-jain-temples,"Arang Jain temples",spiritual,4.1,900
Chhattisgarh,bhooteshwarnath,"Bhooteshwarnath",spiritual,4.2,900
Chhattisgarh,mendri-ghumar,"Mendri Ghumar",heritage,4.3,900
Chhattisgarh,chitrakote-falls,"Chitrakote Falls",nature,4.8,2000
Daman & Diu,diu,"Diu",beach,4.3,1200
Daman & Diu,fort-st-anthony-of-simbor,"Fort St. Anthony of Simbor",heritage,4.7,900
Daman & Diu,dadra-and-nagar-haveli-wildlife-sanctuary,"Dadra and Nagar Haveli Wildlife Sanctuary",wildlife,4.6,2500
Delhi,new-delhi,"New Delhi",heritage,4.8,2200
Delhi,red-fort,"Red Fort",heritage,4.4,900
Delhi,lotus-temple,"Lotus Temple",spiritual,4.1,900
Delhi,chhatarpur-temple,"Chhatarpur Temple",spiritual,4.6,900
Delhi,jhandewalan-temple,"Jhandewalan Temple",spiritual,4.7,900
Delhi,asola-bhatti-wildlife-sanctuary,"Asola Bhatti Wildlife Sanctuary",wildlife,4.7,2500
Delhi,gurdwara-dam-dama-sahib,"Gurdwara Dam Dama Sahib",heritage,4.3,900
Delhi,st-sebastian-s-church,"St. Sebastian's Church,",spiritual,4.8,900
Delhi,st-james-orthodox-church-mayur-vihar-phase-3-delhi,"St. James' Orthodox Church, Mayur Vihar Phase-3, Delhi",spiritual,4.5,900
Goa,goa,"Goa",beach,4.5,400
Goa,western-ghats,"Western Ghats",hill_station,4.6,1500
Goa,dudhsagar-falls,"Dudhsagar Falls",heritage,4.1,900
Goa,basilica-of-bom-jesus,"Basilica of Bom Jesus",spiritual,4.3,900
Goa,bhagwan-mahaveer-sanctuary-and-mollem-national-park,"Bhagwan Mahaveer Sanctuary and Mollem National Park",wildlife,4.4,2500
Goa,fort-aguada,"Fort Aguada",heritage,4.6,900
Goa,vagator-beach,"Vagator Beach",beach,4.2,1200
Goa,mangueshi-temple,"Mangueshi Temple",spiritual,4.7,900
Goa,mahadev-temple-tambdi-surla,"Mahadev Temple, Tambdi Surla",spiritual,4.2,900
Goa,palolem-beach,"Palolem Beach",beach,4.6,1200
Goa,fort-tiracol,"Fort Tiracol",heritage,4.5,900
Goa,shanta-durga-temple,"Shanta Durga Temple",spiritual,4.4,900
Goa,our-lady-of-the-immaculate-conception-church,"Our Lady of the Immaculate Conception Church",spiritual,4.4,900
Goa,mhadei-wildlife-sanctuary,"Mhadei Wildlife Sanctuary",wildlife,4.3,2500
Goa,netravali-wildlife-sanctuary,"Netravali Wildlife Sanctuary",wildlife,4.3,2500
Goa,corjuem-fort,"Corjuem Fort",heritage,4.3,900
Goa,alorna-fort,"Alorna Fort",heritage,4.6,900
Goa,fort-of-sao-tiago-of-banastarim,"Fort of São Tiago of Banastarim",heritage,4.6,900
Goa,cabo-de-rama,"Cabo de Rama",heritage,4.3,900
Goa,church-of-our-lady-of-the-snows,"Church of Our Lady of the Snows",hill_station,4.3,1200
Goa,colvale-fort,"Colvale Fort",heritage,4.6,900
Goa,church-of-st-anne-talaulim,"Church of St. Anne, Talaulim",spiritual,4.2,900
Goa,saptakoteshwar-temple,"Saptakoteshwar Temple",spiritual,4.3,900
Goa,mormugao-fort,"Mormugão Fort",heritage,4.3,900
Goa,holy-spirit-church-margao,"Holy Spirit Church, Margao",spiritual,4.5,900
Goa,mallikarjuna-temple-goa,"Mallikarjuna Temple, Goa",spiritual,4.6,900
Goa,mahalasa-narayani-temple,"Mahalasa Narayani Temple",spiritual,4.6,900
Goa,mandrem-beach,"Mandrem Beach",beach,4.6,1200
Goa,shantadurga-kalangutkarin-temple,"Shantadurga Kalangutkarin Temple",spiritual,4.1,900
Goa,our-lady-of-grace-church,"Our Lady of Grace Church",spiritual,4.2,900
Goa,bambolim-beach,"Bambolim Beach",beach,4.1,1200
Goa,shri-damodar-sansthaan-goa,"Shri Damodar Sansthaan, Goa",spiritual,4.6,900
Goa,capela-de-nossa-senhora-da-saude,"Capela de Nossa Senhora da Saúde",spiritual,4.5,900
Gujarat,rann-of-kutch,"Rann of Kutch",adventure,4.6,600
Gujarat,ahmedabad,"Ahmedabad",heritage,4.4,1000
Gujarat,gir,"Gir National Park",wildlife,4.6,2500
Gujarat,dwarka,"Dwarka",spiritual,4.5,900
Gujarat,somnath,"Somnath",spiritual,4.6,900
Gujarat,saputara,"Saputara",hill_station,4.2,1100
Gujarat,statue-of-unity,"Statue of Unity",heritage,4.5,1500
Gujarat,gir-forest,"Gir Forest",wildlife,4.7,2500
Gujarat,nageshvara-jyotirlinga,"Nageshvara Jyotirlinga",spiritual,4.4,900
Gujarat,sun-temple,"Sun Temple",spiritual,4.8,900
Gujarat,vansda-national-park,"Vansda National Park",wildlife,4.7,2500
Gujarat,nal-sarovar-bird-sanctuary,"Nal Sarovar Bird Sanctuary",wildlife,4.3,2500
Gujarat,laxmi-vilas-palace,"Laxmi Vilas Palace",heritage,4.7,900
Gujarat,rudra-mahalaya-temple,"Rudra Mahalaya Temple",spiritual,4.5,900
Gujarat,akshardham-gandhinagar,"Akshardham (Gandhinagar)",spiritual,4.8,900
Gujarat,dandi-beach,"Dandi Beach",beach,4.7,1200
Gujarat,taranga,"Taranga",spiritual,4.3,900
Gujarat,palitana-temples,"Palitana temples",spiritual,4.3,900
Gujarat,navlakha-temple-ghumli,"Navlakha Temple, Ghumli",spiritual,4.3,900
Gujarat,dumas-beach,"Dumas Beach",beach,4.1,1200
Gujarat,uparkot-fort,"Uparkot Fort",heritage,4.7,900
Gujarat,rama-lakshamana-temples-baradia,"Rama Lakshamana Temples, Baradia",spiritual,4.7,900
Gujarat,pindara-group-of-temples,"Pindara Group of Temples",spiritual,4.3,900
Gujarat,shankheshwar-jain-temple,"Shankheshwar Jain Temple",spiritual,4.5,900
Gujarat,camp-hanuman-temple,"Camp Hanuman Temple",spiritual,4.2,900
Gujarat,girnar-jain-temples,"Girnar Jain temples",spiritual,4.1,900
Gujarat,shiva-temple-kera,"Shiva Temple, Kera",spiritual,4.3,900
Gujarat,magderu,"Magderu",spiritual,4.6,900
Gujarat,munsar-lake-and-shrines,"Munsar lake and shrines",spiritual,4.6,900
Gujarat,shri-hanuman-mandir,"Shri Hanuman Mandir",spiritual,4.3,900
Gujarat,khijadiya-bird-sanctuary,"Khijadiya Bird Sanctuary",wildlife,4.6,2500
Gujarat,bhujia-fort,"Bhujia Fort",heritage,4.5,900
Gujarat,songadh-fort,"Songadh Fort",heritage,4.2,900
Gujarat,sacred-heart-syro-malabar-cathedral,"Sacred Heart Syro-Malabar Cathedral",spiritual,4.2,900
Gujarat,shri-swaminarayan-mandir-gadhada,"Shri Swaminarayan Mandir, Gadhada",spiritual,4.5,900
Gujarat,utkanteshwar-mahadev,"Utkanteshwar Mahadev",spiritual,4.7,900
Gujarat,bhadreshwar-jain-temple,"Bhadreshwar Jain Temple",spiritual,4.5,900
Gujarat,lakhpat-gurdwara-sahib,"Lakhpat Gurdwara Sahib",heritage,4.1,900
Gujarat,kalika-mata-temple-new-dhrewad,"Kalika Mata Temple, New Dhrewad",spiritual,4.6,900
Gujarat,porbandar-bird-sanctuary,"Porbandar Bird Sanctuary",wildlife,4.5,2500
Gujarat,shivrajpur-beach,"Shivrajpur beach",beach,4.5,1200
Gujarat,roha-fort,"Roha Fort",heritage,4.1,900
Gujarat,kanthkot-fort,"Kanthkot Fort",heritage,4.4,900
Gujarat,eme-temple,"EME Temple",spiritual,4.7,900
Gujarat,umiya-temple-unjha,"Umiya Temple, Unjha",spiritual,4.6,900
Gujarat,trinetreshwar-temple,"Trinetreshwar Temple",spiritual,4.8,900
Gujarat,kumbharia-jain-temples,"Kumbharia Jain temples",spiritual,4.3,900
Gujarat,brahma-temple-khedbrahma,"Brahma Temple, Khedbrahma",spiritual,4.4,900
Gujarat,santram-mandir,"Santram Mandir",spiritual,4.6,900
Gujarat,balaram-ambaji-widelife-sanctuary,"Balaram Ambaji Widelife Sanctuary",wildlife,4.2,2500
Gujarat,mitiyala-lion-sanctuary,"Mitiyala Lion Sanctuary",wildlife,4.7,2500
Gujarat,kutch-bustard-sanctuary,"Kutch Bustard Sanctuary",wildlife,4.4,2500
Gujarat,thol-lake-bird-sanctuary,"Thol Lake Bird Sanctuary",wildlife,4.1,2500
Gujarat,jambughoda-wildlife-sanctuary,"Jambughoda Wildlife Sanctuary",wildlife,4.3,2500
Gujarat,english-cemetery-surat,"English Cemetery, Surat",heritage,4.1,900
Gujarat,vijaya-vilas-palace,"Vijaya Vilas Palace",heritage,4.1,900
Gujarat,rajmahal-mehsana,"Rajmahal, Mehsana",heritage,4.5,900
Gujarat,ahmedabad-kali-bari,"Ahmedabad Kali Bari",spiritual,4.1,900
Gujarat,jain-temples-pavagadh,"Jain temples, Pavagadh",spiritual,4.3,900
Gujarat,jain-temples-abhapur,"Jain temples, Abhapur",spiritual,4.7,900
Gujarat,shri-swaminarayan-mandir-vadtal,"Shri Swaminarayan Mandir, Vadtal",spiritual,4.3,900
Gujarat,tapkeshwari-temple,"Tapkeshwari Temple",spiritual,4.6,900
Gujarat,sitala-mata-temple-butapaldi,"Sitala Mata Temple, Butapaldi",spiritual,4.3,900
Gujarat,ranak-devi-s-temple,"Ranak Devi's Temple",spiritual,4.3,900
Gujarat,panchasara-parshwanath-temple,"Panchasara Parshwanath temple",spiritual,4.5,900
Gujarat,valinath-mahadev-temple-tarabh,"Valinath Mahadev temple, Tarabh",spiritual,4.3,900
Gujarat,shantinath-jain-temple-kothara,"Shantinath Jain temple, Kothara",spiritual,4.3,900
Gujarat,sadhimataji-s-temple,"Sadhimataji’s temple",spiritual,4.5,900
Gujarat,jessore-sloth-bear-sanctuary,"Jessore Sloth Bear Sanctuary",wildlife,4.7,2500
Gujarat,rampara-sanctuary,"Rampara Sanctuary",wildlife,4.7,2500
Gujarat,shri-keshavraiji-temple,"Shri Keshavraiji Temple",spiritual,4.5,900
Gujarat,vardayini-mata-temple,"Vardayini Mata Temple",spiritual,4.7,900
Gujarat,khodaldham,"Khodaldham",spiritual,4.2,900
Gujarat,hanuman-dandi-temple,"Hanuman Dandi temple",spiritual,4.3,900
Gujarat,lakkadiya-hanuman-temple,"Lakkadiya Hanuman Temple",spiritual,4.6,900
Gujarat,hingolgadh-sanctuary,"Hingolgadh Sanctuary",wildlife,4.6,2500
Gujarat,girnar-wildlife-sanctuary,"Girnar Wildlife Sanctuary",wildlife,4.5,2500
Gujarat,songadh-jain-temple,"Songadh Jain temple",spiritual,4.1,900
Gujarat,sun-temple-thangadh,"Sun temple, Thangadh",spiritual,4.8,900
Gujarat,dholavira,"Dholavira",heritage,4.8,2400
Gujarat,polo-forest,"Polo Forest",nature,4.7,2200
Haryana,gurugram,"Gurugram",city,4.7,2800
Haryana,faridabad,"Faridabad & Surajkund",heritage,4.5,2400
Haryana,manesar,"Manesar & Damdama Lake",nature,4.6,2800
Haryana,sultanpur-national-park,"Sultanpur National Park",wildlife,4.4,2500
Haryana,kalesar-national-park,"Kalesar National Park",wildlife,4.6,2500
Haryana,asigarh-fort,"Asigarh Fort",heritage,4.3,900
Haryana,bhindawas-wildlife-sanctuary,"Bhindawas Wildlife Sanctuary",wildlife,4.2,2500
Haryana,nahar-wildlife-sanctuary,"Nahar Wildlife Sanctuary",wildlife,4.2,2500
Haryana,bhima-devi-temple-complex,"Bhima Devi Temple Complex",spiritual,4.3,900
Haryana,nada-sahib,"Nada Sahib",heritage,4.3,900
Haryana,rohtak-zoo,"Rohtak Zoo",wildlife,4.1,2500
Haryana,firoz-shah-palace-complex,"Firoz Shah palace complex",heritage,4.5,900
Haryana,agroha-dham,"Agroha Dham",spiritual,4.7,900
Haryana,bhuteshwar-temple,"Bhuteshwar Temple",spiritual,4.5,900
Haryana,kalayat-ancient-bricks-temple-complex,"Kalayat Ancient Bricks Temple Complex",spiritual,4.6,900
Haryana,saraswati-wildlife-sanctuary,"Saraswati Wildlife Sanctuary",wildlife,4.2,2500
Haryana,khaparwas-wildlife-sanctuary,"Khaparwas Wildlife Sanctuary",wildlife,4.6,2500
Haryana,nabha-house,"Nabha House",heritage,4.7,900
Haryana,cantonment-church-tower,"Cantonment Church Tower",spiritual,4.8,900
Haryana,eklavya-temple,"Eklavya temple",spiritual,4.5,900
Haryana,dehra-temple,"Dehra Temple",spiritual,4.7,900
Haryana,sheetla-mata-mandir-gurgaon,"Sheetla Mata Mandir Gurgaon",spiritual,4.7,900
Haryana,bir-shikargah-wildlife-sanctuary,"Bir Shikargah Wildlife Sanctuary",wildlife,4.7,2500
Haryana,khol-hi-raitan-wildlife-sanctuary,"Khol Hi-Raitan Wildlife Sanctuary",wildlife,4.7,2500
Haryana,nahar-singh-mahal,"Nahar Singh Mahal",heritage,4.1,900
Haryana,kartikeya-temple-pehowa,"Kartikeya Temple, Pehowa",spiritual,4.7,900
Haryana,ranila,"Ranila",spiritual,4.5,900
Haryana,chhilchhila-wildlife-sanctuary,"Chhilchhila Wildlife Sanctuary",wildlife,4.5,2500
Haryana,appu-ghar,"Appu Ghar",heritage,4.2,900
Haryana,european-cemetery,"European Cemetery",heritage,4.8,900
Haryana,seventh-day-adventist-church-nilokheri,"Seventh-day Adventist Church, Nilokheri",spiritual,4.6,900
Himachal Pradesh,manali,"Manali",hill_station,4.7,400
Himachal Pradesh,spiti,"Spiti Valley",adventure,4.8,700
Himachal Pradesh,mcleodganj,"McLeod Ganj",spiritual,4.5,400
Himachal Pradesh,shimla,"Shimla",hill_station,4.4,1300
Himachal Pradesh,dalhousie,"Dalhousie",hill_station,4.3,1300
Himachal Pradesh,khajjiar,"Khajjiar",hill_station,4.4,1400
Himachal Pradesh,kasol,"Kasol",adventure,4.5,900
Himachal Pradesh,bir-billing,"Bir Billing",adventure,4.6,1000
Himachal Pradesh,chitkul,"Chitkul",hill_station,4.6,1200
Himachal Pradesh,kalpa,"Kalpa",hill_station,4.5,1200
Himachal Pradesh,kufri,"Kufri",hill_station,4.1,1300
Himachal Pradesh,great-himalayan-national-park,"Great Himalayan National Park",wildlife,4.2,2500
Himachal Pradesh,pin-valley-national-park,"Pin Valley National Park",wildlife,4.2,2500
Himachal Pradesh,kangra-fort-himachal-pradesh,"Kangra Fort, Himachal Pradesh",heritage,4.6,900
Himachal Pradesh,masroor-temples,"Masroor Temples",spiritual,4.5,900
Himachal Pradesh,khirganga-national-park,"Khirganga National Park",wildlife,4.8,2500
Himachal Pradesh,baijnath-temple-himachal-pradesh,"Baijnath Temple, Himachal Pradesh",spiritual,4.6,900
Himachal Pradesh,bhimakali-temple,"Bhimakali Temple",spiritual,4.4,900
Himachal Pradesh,simbalbara-national-park,"Simbalbara National Park",wildlife,4.7,2500
Himachal Pradesh,gurdwara-paonta-sahib,"Gurdwara Paonta Sahib",heritage,4.2,900
Himachal Pradesh,rehala-falls,"Rehala Falls",heritage,4.6,900
Himachal Pradesh,naggar-castle,"Naggar Castle",heritage,4.6,900
Himachal Pradesh,lakshana-devi-temple-bharmour,"Lakshana Devi Temple, Bharmour",spiritual,4.8,900
Himachal Pradesh,bathu-temples-himachal-pradesh,"Bathu Temples, Himachal Pradesh",spiritual,4.6,900
Himachal Pradesh,majthal-sanctuary,"Majthal Sanctuary",wildlife,4.5,2500
Himachal Pradesh,sissu-falls,"Sissu Falls",heritage,4.4,900
Himachal Pradesh,dhankar-gompa,"Dhankar Gompa",heritage,4.4,900
Himachal Pradesh,shri-chamunda-devi-mandir,"Shri Chamunda Devi Mandir",spiritual,4.7,900
Himachal Pradesh,kamaksha,"Kamaksha",spiritual,4.6,900
Himachal Pradesh,kalatop-khajjiar-sanctuary,"Kalatop Khajjiar Sanctuary",wildlife,4.8,2500
Himachal Pradesh,nargu-wildlife-sanctuary,"Nargu Wildlife Sanctuary",wildlife,4.1,2500
Himachal Pradesh,renuka-sanctuary,"Renuka Sanctuary",wildlife,4.3,2500
Himachal Pradesh,kanwar-sanctuary,"Kanwar Sanctuary",wildlife,4.1,2500
Himachal Pradesh,chail-sanctuary,"Chail Sanctuary",wildlife,4.5,2500
Himachal Pradesh,jaitak-fort,"Jaitak Fort",heritage,4.6,900
Himachal Pradesh,jwala-ji-kangra,"Jwala Ji Kangra",spiritual,4.5,900
Himachal Pradesh,trilokpur,"Trilokpur",spiritual,4.4,900
Himachal Pradesh,himani-chamunda,"Himani Chamunda",spiritual,4.5,900
Himachal Pradesh,churdhar-sanctuary,"Churdhar Sanctuary",wildlife,4.7,2500
Himachal Pradesh,tirthan-wildlife-sanctuary,"Tirthan Wildlife Sanctuary",wildlife,4.6,2500
Himachal Pradesh,talra-wildlife-sanctuary,"Talra Wildlife Sanctuary",wildlife,4.1,2500
Himachal Pradesh,bandli-wildlife-sanctuary,"Bandli Wildlife Sanctuary",wildlife,4.5,2500
Himachal Pradesh,rupi-bhaba-wildlife-sanctuary,"Rupi Bhaba Wildlife Sanctuary",wildlife,4.2,2500
Himachal Pradesh,tangyud-monastery,"Tangyud Monastery",spiritual,4.5,900
Himachal Pradesh,shali-mata-temple,"Shali Mata Temple",spiritual,4.5,900
Himachal Pradesh,pohlani-mata-temple,"Pohlani Mata Temple",spiritual,4.2,900
Himachal Pradesh,kugti-sanctuary,"Kugti Sanctuary",wildlife,4.4,2500
Himachal Pradesh,pong-dam-lake-wildlife-sanctuary,"Pong Dam Lake Wildlife Sanctuary",wildlife,4.5,2500
Himachal Pradesh,kibber-wildlife-sanctuary,"Kibber Wildlife Sanctuary",wildlife,4.6,2500
Himachal Pradesh,chandratal-wildlife-sanctuary,"Chandratal Wildlife Sanctuary",wildlife,4.7,2500
Himachal Pradesh,kamna-devi-temple,"Kamna Devi Temple",spiritual,4.1,900
Himachal Pradesh,shikari-devi-temple,"Shikari Devi Temple",spiritual,4.2,900
Himachal Pradesh,chehni-kothi,"Chehni Kothi",spiritual,4.8,900
Himachal Pradesh,maa-bhangayani-temple-haripurdhar,"Maa Bhangayani Temple, Haripurdhar",spiritual,4.4,900
Himachal Pradesh,maa-simsa-temple,"Maa Simsa temple",spiritual,4.2,900
Himachal Pradesh,jibhi,"Jibhi",hillstation,4.9,1800
Jammu & Kashmir,srinagar,"Srinagar",hill_station,4.6,1500
Jammu & Kashmir,gulmarg,"Gulmarg",adventure,4.7,2000
Jammu & Kashmir,pahalgam,"Pahalgam",hill_station,4.6,1800
Jammu & Kashmir,sonamarg,"Sonamarg",hill_station,4.5,1800
Jammu & Kashmir,patnitop,"Patnitop",hill_station,4.2,1300
Jammu & Kashmir,amarnath-temple,"Amarnath Temple",spiritual,4.6,900
Jammu & Kashmir,dachigam-national-park,"Dachigam National Park",wildlife,4.8,2500
Jammu & Kashmir,vaishno-devi-temple,"Vaishno Devi Temple",spiritual,4.6,900
Jammu & Kashmir,hazratbal-shrine,"Hazratbal Shrine",spiritual,4.1,900
Jammu & Kashmir,martand-sun-temple,"Martand Sun Temple",spiritual,4.7,900
Jammu & Kashmir,shankaracharya-temple-srinagar,"Shankaracharya Temple, Srinagar",spiritual,4.5,900
Jammu & Kashmir,gulmarg-wildlife-sanctuary,"Gulmarg Wildlife Sanctuary",wildlife,4.2,2500
Jammu & Kashmir,akhnoor-fort,"Akhnoor Fort",heritage,4.8,900
Jammu & Kashmir,avanti-swami-temple,"Avanti Swami Temple",spiritual,4.2,900
Jammu & Kashmir,kheer-bhawani,"Kheer Bhawani",spiritual,4.1,900
Jammu & Kashmir,raghunath-temple,"Raghunath Temple",spiritual,4.4,900
Jammu & Kashmir,ramnagar-fort,"Ramnagar Fort",heritage,4.3,900
Jammu & Kashmir,shankaragaurishvara-temple-pattan,"Shankaragaurishvara Temple, Pattan",spiritual,4.3,900
Jammu & Kashmir,hirpora-wildlife-sanctuary,"Hirpora Wildlife Sanctuary",wildlife,4.7,2500
Jammu & Kashmir,shivkhori,"Shivkhori",spiritual,4.7,900
Jammu & Kashmir,wangath-temple-complex-naranag,"Wangath Temple complex, Naranag",spiritual,4.4,900
Jammu & Kashmir,ancient-temple-at-ladhoo,"Ancient Temple at Ladhoo",spiritual,4.7,900
Jammu & Kashmir,limber-wildlife-sanctuary,"Limber Wildlife Sanctuary",wildlife,4.7,2500
Jammu & Kashmir,hari-parbat-fort,"Hari Parbat Fort",heritage,4.7,900
Jammu & Kashmir,group-of-temples-at-kiramchi,"Group of Temples at Kiramchi",spiritual,4.6,900
Jammu & Kashmir,st-joseph-s-catholic-church,"St. Joseph's Catholic Church",spiritual,4.4,900
Jammu & Kashmir,qazinag-national-park,"Qazinag National Park",wildlife,4.5,2500
Jammu & Kashmir,noori-chamb,"Noori Chamb",heritage,4.4,900
Jammu & Kashmir,overa-aru-wildlife-sanctuary,"Overa-Aru Wildlife Sanctuary",wildlife,4.2,2500
Jammu & Kashmir,bumzuva-cave-and-temple,"Bumzuva Cave and Temple",spiritual,4.3,900
Jammu & Kashmir,tral-wildlife-sanctuary,"Tral Wildlife Sanctuary",wildlife,4.6,2500
Jammu & Kashmir,mansar-surinsar-wildlife-sanctuary,"Mansar-Surinsar Wildlife sanctuary",wildlife,4.4,2500
Jammu & Kashmir,baltal-thajwas-wildlife-sanctuary,"Baltal Thajwas Wildlife Sanctuary",wildlife,4.6,2500
Jammu & Kashmir,hiranagar-fort,"Hiranagar Fort",heritage,4.5,900
Jammu & Kashmir,poonch-fort,"Poonch Fort",heritage,4.3,900
Jammu & Kashmir,gurez-valley,"Gurez Valley",hillstation,4.9,3000
Jharkhand,netarhat,"Netarhat",hill_station,4.2,1000
Jharkhand,vaidyanath-jyotirlinga,"Vaidyanath Jyotirlinga",spiritual,4.7,900
Jharkhand,betla-national-park,"Betla National Park",wildlife,4.4,2500
Jharkhand,hundru-falls,"Hundru Falls",heritage,4.1,900
Jharkhand,shikharji,"Shikharji",spiritual,4.4,900
Jharkhand,dassam-falls,"Dassam Falls",heritage,4.6,900
Jharkhand,hazaribagh-wildlife-sanctuary,"Hazaribagh Wildlife Sanctuary",wildlife,4.3,2500
Jharkhand,jonha-falls,"Jonha Falls",heritage,4.5,900
Jharkhand,lodh-falls,"Lodh Falls",heritage,4.2,900
Jharkhand,rajrappa,"Rajrappa",heritage,4.4,900
Jharkhand,panchghagh-falls,"Panchghagh Falls",heritage,4.8,900
Jharkhand,lower-ghaghri-falls,"Lower Ghaghri Falls",heritage,4.3,900
Jharkhand,usri-falls,"Usri Falls",heritage,4.3,900
Jharkhand,st-mary-s-cathedral-ranchi,"St. Mary's Cathedral, Ranchi",heritage,4.7,900
Jharkhand,palamu-fort,"Palamu Fort",heritage,4.1,900
Jharkhand,dalma-wildlife-sanctuary,"Dalma Wildlife Sanctuary",wildlife,4.6,2500
Jharkhand,palamau-tiger-reserve,"Palamau Tiger Reserve",wildlife,4.7,2500
Jharkhand,sita-falls,"Sita Falls",heritage,4.3,900
Jharkhand,tata-steel-zoological-park,"Tata Steel Zoological Park",wildlife,4.3,2500
Jharkhand,basilica-of-the-divine-motherhood-of-our-lady,"Basilica of the Divine Motherhood of Our Lady",spiritual,4.6,900
Jharkhand,maa-dewri-temple,"Maa Dewri Temple",spiritual,4.6,900
Jharkhand,harihar-dham,"Harihar Dham",spiritual,4.8,900
Jharkhand,maluti-temples,"Maluti temples",spiritual,4.4,900
Jharkhand,koderma-wildlife-sanctuary,"Koderma Wildlife Sanctuary",wildlife,4.2,2500
Jharkhand,bhagwan-birsa-biological-park,"Bhagwan Birsa Biological Park",wildlife,4.6,2500
Jharkhand,mahuadanr-wolf-sanctuary,"Mahuadanr Wolf Sanctuary",wildlife,4.8,2500
Jharkhand,topchanchi-wildlife-sanctuary,"Topchanchi Wildlife Sanctuary",wildlife,4.8,2500
Jharkhand,perwaghagh-falls,"Perwaghagh Falls",heritage,4.7,900
Jharkhand,bhatinda-falls,"Bhatinda Falls",heritage,4.3,900
Jharkhand,sri-sri-kalika-maharani-temple,"Sri Sri Kalika Maharani Temple",spiritual,4.1,900
Jharkhand,karneshwar-dham,"Karneshwar Dham",spiritual,4.2,900
Jharkhand,rani-sati-mandir-mahuda,"Rani Sati Mandir Mahuda",spiritual,4.4,900
Jharkhand,lawapani-falls,"Lawapani Falls",heritage,4.4,900
Karnataka,coorg,"Coorg",hill_station,4.5,600
Karnataka,hampi,"Hampi",heritage,4.7,400
Karnataka,mysore,"Mysore",heritage,4.6,1000
Karnataka,chikmagalur,"Chikmagalur",hill_station,4.5,1200
Karnataka,gokarna,"Gokarna",beach,4.5,900
Karnataka,badami,"Badami",heritage,4.4,900
Karnataka,bandipur,"Bandipur",wildlife,4.5,2500
Karnataka,bijapur-fort,"Bijapur Fort",heritage,4.3,900
Karnataka,jog-falls,"Jog Falls",heritage,4.4,900
Karnataka,nagarhole-national-park,"Nagarhole National Park",wildlife,4.2,2500
Karnataka,shivanasamudra-falls,"Shivanasamudra Falls",heritage,4.7,900
Karnataka,chennakesava-temple,"Chennakesava Temple",spiritual,4.7,900
Karnataka,kali-tiger-reserve,"Kali Tiger Reserve",wildlife,4.6,2500
Karnataka,bannerghatta-national-park,"Bannerghatta National Park",wildlife,4.4,2500
Karnataka,chennakesava-temple-at-somanathapura-mysore,"Chennakesava Temple at Somanathapura Mysore",spiritual,4.6,900
Karnataka,st-philomena-s-cathedral,"St. Philomena's Cathedral",spiritual,4.3,900
Karnataka,irupu-falls,"Irupu Falls",heritage,4.3,900
Karnataka,hoysaleswara-temple,"Hoysaleswara Temple",spiritual,4.7,900
Karnataka,bidar-fort,"Bidar Fort",heritage,4.4,900
Karnataka,gokak-falls,"Gokak Falls",heritage,4.1,900
Karnataka,udupi-sri-krishna-matha,"Udupi Sri Krishna Matha",spiritual,4.8,900
Karnataka,kunchikal-falls,"Kunchikal Falls",heritage,4.8,900
Karnataka,ranganthittu-bird-sanctuary,"Ranganthittu Bird Sanctuary",wildlife,4.1,2500
Karnataka,bengaluru-palace,"Bengaluru Palace",heritage,4.6,900
Karnataka,lalitha-mahal,"Lalitha Mahal",heritage,4.5,900
Karnataka,chamundeshwari-temple,"Chamundeshwari Temple",spiritual,4.8,900
Karnataka,hebbe-falls,"Hebbe Falls",heritage,4.3,900
Karnataka,durga-temple-aihole,"Durga temple, Aihole",spiritual,4.8,900
Karnataka,kollur-mookambika-temple,"Kollur Mookambika Temple",spiritual,4.8,900
Karnataka,nageshvara-temple,"Nageshvara Temple",spiritual,4.3,900
Karnataka,mahadeva-temple-itagi,"Mahadeva Temple, Itagi",spiritual,4.6,900
Karnataka,dharmaraya-swamy-temple,"Dharmaraya Swamy Temple",spiritual,4.2,900
Karnataka,chitradurga-fort,"Chitradurga Fort",heritage,4.7,900
Karnataka,panchakuta-basadi-kambadahalli,"Panchakuta Basadi, Kambadahalli",spiritual,4.8,900
Karnataka,mahakuta-group-of-temples,"Mahakuta group of temples",spiritual,4.7,900
Karnataka,banashankari-amma-temple,"Banashankari Amma Temple",spiritual,4.3,900
Karnataka,halasuru-someshwara-temple-bangalore,"Halasuru Someshwara Temple, Bangalore",spiritual,4.4,900
Karnataka,kukke-subramanya-temple,"Kukke Subramanya Temple",spiritual,4.2,900
Karnataka,dandeli-wildlife-sanctuary,"Dandeli Wildlife Sanctuary",wildlife,4.7,2500
Karnataka,devanahalli-fort,"Devanahalli Fort",heritage,4.1,900
Karnataka,amrutesvara-temple,"Amrutesvara Temple",spiritual,4.6,900
Karnataka,saavira-kambada-basadi,"Saavira Kambada Basadi",spiritual,4.2,900
Karnataka,st-lawrence-shrine,"St. Lawrence Shrine",spiritual,4.6,900
Karnataka,manyakheta,"Manyakheta",spiritual,4.5,900
Karnataka,ananthasayana-temple,"Ananthasayana temple",spiritual,4.4,900
Karnataka,gokarnanatheshwara-temple,"Gokarnanatheshwara Temple",spiritual,4.8,900
Karnataka,dharmasthala-temple,"Dharmasthala Temple",spiritual,4.1,900
Karnataka,mangaladevi-temple,"Mangaladevi Temple",spiritual,4.3,900
Karnataka,srikanteshwara-temple-nanjangud,"Srikanteshwara Temple, Nanjangud",spiritual,4.6,900
Karnataka,akkana-basadi,"Akkana Basadi",spiritual,4.1,900
Karnataka,kasivisvesvara-temple-lakkundi,"Kasivisvesvara Temple, Lakkundi",spiritual,4.1,900
Karnataka,kamala-narayana-temple-degaon,"Kamala Narayana Temple, Degaon",spiritual,4.2,900
Karnataka,sirsi-marikamba-temple,"Sirsi Marikamba Temple",spiritual,4.4,900
Karnataka,gulbarga-fort,"Gulbarga Fort",heritage,4.8,900
Karnataka,jamalabad-fort,"Jamalabad Fort",heritage,4.3,900
Karnataka,ishvara-temple-arasikere,"Ishvara Temple, Arasikere",spiritual,4.6,900
Karnataka,kaitabheshvara-temple-kubatur,"Kaitabheshvara Temple, Kubatur",spiritual,4.1,900
Karnataka,arakeshvara-templa,"Arakeshvara Templa",spiritual,4.7,900
Karnataka,sri-ranganathaswamy-temple-srirangapatna,"Sri Ranganathaswamy Temple (Srirangapatna)",spiritual,4.4,900
Karnataka,kolaramma-temple,"Kolaramma Temple",spiritual,4.7,900
Karnataka,brahmagiri-wildlife-sanctuary,"Brahmagiri Wildlife Sanctuary",wildlife,4.3,2500
Karnataka,ranibennur-blackbuck-sanctuary,"Ranibennur Blackbuck Sanctuary",wildlife,4.5,2500
Karnataka,muthyalamaduvu,"Muthyalamaduvu",heritage,4.7,900
Karnataka,mirjan-fort,"Mirjan Fort",heritage,4.6,900
Karnataka,raichur-fort,"Raichur Fort",heritage,4.5,900
Karnataka,kotilingeshwara-temple,"Kotilingeshwara Temple",spiritual,4.8,900
Karnataka,siddhesvara-temple,"Siddhesvara Temple",spiritual,4.8,900
Karnataka,st-anthony-s-basilica-dornahalli,"St. Anthony's Basilica, Dornahalli",spiritual,4.3,900
Karnataka,hospet-church,"Hospet Church",spiritual,4.4,900
Karnataka,doddabasappa-temple-dambal,"Doddabasappa Temple, Dambal",spiritual,4.6,900
Karnataka,gaurishvara-temple-yelandur,"Gaurishvara Temple, Yelandur",spiritual,4.4,900
Karnataka,kalleshvara-temple-bagali,"Kalleshvara Temple, Bagali",spiritual,4.1,900
Karnataka,veera-narayana-temple-belavadi,"Veera Narayana Temple, Belavadi",spiritual,4.8,900
Karnataka,banashankari-temple-amargol,"Banashankari Temple, Amargol",spiritual,4.5,900
Karnataka,harihareshwara-temple,"Harihareshwara Temple",spiritual,4.6,900
Karnataka,attiveri-bird-sanctuary,"Attiveri Bird Sanctuary",wildlife,4.7,2500
Karnataka,hanumana-gundi-falls,"Hanumana Gundi Falls",heritage,4.5,900
Karnataka,mallalli-falls,"Mallalli Falls",heritage,4.2,900
Karnataka,gudavi-bird-sanctuary,"Gudavi Bird Sanctuary",wildlife,4.2,2500
Karnataka,kittur-fort,"Kittur Fort",heritage,4.7,900
Karnataka,fort-anjediva,"Fort Anjediva",heritage,4.5,900
Karnataka,shringeri-sharadamba-temple,"Shringeri Sharadamba Temple",spiritual,4.2,900
Karnataka,marikamba-temple-sagara,"Marikamba Temple, Sagara",spiritual,4.7,900
Karnataka,shettihalli-rosary-church,"Shettihalli Rosary Church",spiritual,4.6,900
Karnataka,kedareshvara-temple-balligavi,"Kedareshvara Temple, Balligavi",spiritual,4.7,900
Karnataka,lakshmi-narasimha-temple-nuggehalli,"Lakshmi Narasimha Temple, Nuggehalli",spiritual,4.8,900
Karnataka,lakshminarasimha-temple-javagal,"Lakshminarasimha Temple, Javagal",spiritual,4.7,900
Karnataka,mylara-lingeshwara-temple,"Mylara Lingeshwara Temple",spiritual,4.6,900
Karnataka,ragigudda-sri-prasannaswamy-anjaneya-temple,"Ragigudda Sri Prasannaswamy Anjaneya Temple",spiritual,4.3,900
Karnataka,venugopala-swamy-temple,"Venugopala Swamy Temple",spiritual,4.2,900
Karnataka,milagres-church,"Milagres Church",spiritual,4.2,900
Karnataka,ramalingeshwara-group-of-temples-avani,"Ramalingeshwara group of temples, Avani",spiritual,4.4,900
Karnataka,sri-vinayaka-temple-guddattu,"Sri Vinayaka Temple, Guddattu",spiritual,4.2,900
Karnataka,iswara-temple-in-jalasangvi,"Iswara temple in Jalasangvi",spiritual,4.4,900
Karnataka,belgaum-fort,"Belgaum Fort",heritage,4.6,900
Karnataka,bellary-fort,"Bellary Fort",heritage,4.2,900
Karnataka,chandramouleshwara-temple-unkal,"Chandramouleshwara Temple, Unkal",spiritual,4.1,900
Karnataka,lakshmikanta-temple-kalale,"Lakshmikanta Temple, Kalale",spiritual,4.4,900
Karnataka,gunja-narasimha-swamy-temple-thirumakudalu-narasipura,"Gunja Narasimha Swamy Temple, Thirumakudalu Narasipura",spiritual,4.4,900
Karnataka,teru-malleshvara-temple-hiriyur,"Teru Malleshvara Temple, Hiriyur",spiritual,4.5,900
Karnataka,the-rvm-foundation-shiv-temple,"The RVM Foundation Shiv Temple",spiritual,4.4,900
Karnataka,bhoga-nandeeshwara-temple,"Bhoga Nandeeshwara Temple",spiritual,4.7,900
Karnataka,kanakachalapathi-temple-kanakagiri,"Kanakachalapathi Temple, Kanakagiri",spiritual,4.3,900
Karnataka,hasanamba-temple,"Hasanamba temple",spiritual,4.5,900
Karnataka,nageshvara-chennakeshava-temple-complex-mosale,"Nageshvara-Chennakeshava Temple complex, Mosale",spiritual,4.5,900
Karnataka,shiva-temple-in-narayanapur,"Shiva temple in Narayanapur",spiritual,4.4,900
Karnataka,vijayanarayana-temple-gundlupet,"Vijayanarayana Temple, Gundlupet",spiritual,4.7,900
Karnataka,lakshmi-devi-temple,"Lakshmi Devi Temple",spiritual,4.6,900
Karnataka,panchalingeshwara-temple-govindanahalli,"Panchalingeshwara temple, Govindanahalli",spiritual,4.5,900
Karnataka,lakshminarayana-temple-hosaholalu,"Lakshminarayana Temple, Hosaholalu",spiritual,4.5,900
Karnataka,annapoorneshwari-temple,"Annapoorneshwari Temple",spiritual,4.8,900
Karnataka,ghati-subramanya,"Ghati Subramanya",spiritual,4.7,900
Karnataka,chaturmukha-basadi,"Chaturmukha Basadi",spiritual,4.7,900
Karnataka,chennakeshava-temple-aralaguppe,"Chennakeshava Temple, Aralaguppe",spiritual,4.7,900
Karnataka,koosalli-water-falls,"Koosalli Water Falls",heritage,4.3,900
Karnataka,vajrapoha-falls,"Vajrapoha Falls",heritage,4.7,900
Karnataka,jayamangali-blackbuck-reserve,"Jayamangali Blackbuck Reserve",heritage,4.3,900
Karnataka,mookambika-wildlife-sanctuary,"Mookambika Wildlife Sanctuary",wildlife,4.5,2500
Karnataka,tyavarekoppa-lion-and-tiger-safari,"Tyavarekoppa Lion and Tiger Safari",wildlife,4.3,2500
Karnataka,madikeri-fort,"Madikeri Fort",heritage,4.8,900
Karnataka,lakshmi-narasimha-temple-bhadravathi,"Lakshmi Narasimha Temple, Bhadravathi",spiritual,4.4,900
Karnataka,lakshminarasimha-temple-haranhalli,"Lakshminarasimha Temple, Haranhalli",spiritual,4.8,900
Karnataka,mallikarjuna-temple-basaralu,"Mallikarjuna Temple, Basaralu",spiritual,4.5,900
Karnataka,yelluru-shri-vishweshwara-temple,"Yelluru Shri Vishweshwara Temple",spiritual,4.7,900
Karnataka,manjarabad-fort,"Manjarabad Fort",heritage,4.7,900
Karnataka,nalknad-palace,"Nalknad Palace",heritage,4.5,900
Karnataka,chittaranjan-palace,"Chittaranjan Palace",heritage,4.4,900
Karnataka,brahmeshvara-temple-kikkeri,"Brahmeshvara Temple, Kikkeri",spiritual,4.4,900
Karnataka,rameshvara-temple-koodli,"Rameshvara Temple, Koodli",spiritual,4.6,900
Karnataka,saumyakeshava-temple-nagamangala,"Saumyakeshava Temple, Nagamangala",spiritual,4.5,900
Karnataka,kumara-swamy-devasthana-bangalore,"Kumara Swamy Devasthana, Bangalore",spiritual,4.4,900
Karnataka,lakshminarasimha-temple-vignasante,"Lakshminarasimha Temple, Vignasante",spiritual,4.5,900
Karnataka,veeranarayana-temple-gadag,"Veeranarayana Temple, Gadag",spiritual,4.8,900
Karnataka,arakeshwara-temple-haleyedatore,"Arakeshwara Temple, Haleyedatore",spiritual,4.4,900
Karnataka,yellamma-temple-saundatti,"Yellamma Temple, Saundatti",spiritual,4.5,900
Karnataka,karinjeshwara-temple,"Karinjeshwara Temple",spiritual,4.7,900
Karnataka,huligina-maradi-temple,"Huligina Maradi Temple",spiritual,4.8,900
Karnataka,bhimeshvara-temple-nilagunda,"Bhimeshvara Temple, Nilagunda",spiritual,4.7,900
Karnataka,bucesvara-temple-koravangala,"Bucesvara Temple, Koravangala",spiritual,4.6,900
Karnataka,polali-rajarajeshwari-temple,"Polali Rajarajeshwari Temple",spiritual,4.7,900
Karnataka,yoga-madhava-temple-settikere,"Yoga Madhava Temple, Settikere",spiritual,4.2,900
Karnataka,cheluvanarayana-swamy-temple,"Cheluvanarayana Swamy Temple",spiritual,4.3,900
Karnataka,ganesha-temple-idagunji,"Ganesha Temple, Idagunji",spiritual,4.2,900
Karnataka,navagraha-jain-temple,"Navagraha Jain Temple",spiritual,4.8,900
Karnataka,kanakagiri-jain-shri-kshetra,"Kanakagiri Jain Shri kshetra",spiritual,4.4,900
Karnataka,kudremukh-national-park,"Kudremukh National Park",wildlife,4.2,2500
Karnataka,shettihalli-wildlife-sanctuary,"Shettihalli Wildlife Sanctuary",wildlife,4.2,2500
Karnataka,thimlapura-wildlife-sanctuary,"Thimlapura Wildlife Sanctuary",wildlife,4.7,2500
Karnataka,chelavara-falls,"Chelavara Falls",heritage,4.2,900
Karnataka,bhimgad-fort,"Bhimgad Fort",heritage,4.8,900
Karnataka,sri-anjaneya-swamy-temple-shamanur,"Sri Anjaneya Swamy Temple, Shamanur",spiritual,4.4,900
Karnataka,sri-mailar-mallanna,"Sri Mailar Mallanna",spiritual,4.7,900
Karnataka,veerbhadra-temple,"Veerbhadra Temple",spiritual,4.8,900
Karnataka,st-paul-s-church-mangalore,"St. Paul's Church, Mangalore",spiritual,4.6,900
Karnataka,william-arthur-memorial-church-gubbi,"William Arthur Memorial Church, Gubbi",spiritual,4.8,900
Karnataka,navalinga-temple,"Navalinga Temple",spiritual,4.1,900
Karnataka,group-of-temples-at-magadi-karnataka,"Group of temples at Magadi, Karnataka",spiritual,4.4,900
Karnataka,chaturmukha-basadi-gerusoppa,"Chaturmukha Basadi, Gerusoppa",spiritual,4.8,900
Karnataka,guru-narasimha-temple,"Guru Narasimha Temple",spiritual,4.1,900
Karnataka,chennakeshava-temple-hullekere,"Chennakeshava Temple, Hullekere",spiritual,4.6,900
Karnataka,sri-jnanakshi-rajarajeshwari-temple,"Sri Jnanakshi Rajarajeshwari Temple",spiritual,4.2,900
Karnataka,shri-kalika-devi-temple,"Shri Kalika Devi Temple",spiritual,4.3,900
Karnataka,madhukesvara-temple,"Madhukesvara temple",spiritual,4.2,900
Karnataka,yoganarasimha,"Yoganarasimha",spiritual,4.8,900
Karnataka,devaragundi,"Devaragundi",heritage,4.4,900
Karnataka,gudekote-wildlife-sanctuary,"Gudekote Wildlife Sanctuary",wildlife,4.6,2500
Karnataka,tungabhadra-otter-conservation-reserve,"Tungabhadra Otter Conservation Reserve",heritage,4.7,900
Karnataka,bukkapatna-chinkara-wildlife-sanctuary,"Bukkapatna Chinkara Wildlife Sanctuary",wildlife,4.5,2500
Karnataka,yadahalli-chinkara-wildlife-sanctuary,"Yadahalli Chinkara Wildlife Sanctuary",wildlife,4.7,2500
Karnataka,chincholi-wildlife-sanctuary,"Chincholi Wildlife Sanctuary",wildlife,4.5,2500
Karnataka,parashurama-theme-park-karkala,"Parashurama Theme Park, Karkala",heritage,4.1,900
Karnataka,padubidri-beach,"Padubidri Beach",beach,4.5,1200
Karnataka,yadgir-fort,"Yadgir Fort",heritage,4.7,900
Karnataka,dharmesvara-temple,"Dharmesvara Temple",spiritual,4.1,900
Karnataka,someshwara-temple-marathahalli,"Someshwara Temple, Marathahalli",spiritual,4.2,900
Karnataka,most-holy-redeemer-church-belthangady,"Most Holy Redeemer Church, Belthangady",spiritual,4.1,900
Karnataka,st-patrick-church-siddakatte,"St. Patrick Church, Siddakatte",spiritual,4.4,900
Karnataka,st-mary-s-orthodox-valiyapally,"St. Mary's Orthodox Valiyapally",spiritual,4.2,900
Karnataka,jwalamalini-temple,"Jwalamalini temple",spiritual,4.4,900
Karnataka,kere-basadi,"Kere Basadi",spiritual,4.6,900
Karnataka,humcha-jain-temples,"Humcha Jain temples",spiritual,4.1,900
Karnataka,moole-shankareshvara-temple-turuvekere,"Moole Shankareshvara Temple, Turuvekere",spiritual,4.4,900
Karnataka,sri-ananda-lingeshwara-temple,"Sri Ananda Lingeshwara Temple",spiritual,4.5,900
Karnataka,ranganathaswamy-temple-nirthadi,"Ranganathaswamy Temple, Nirthadi",spiritual,4.2,900
Karnataka,tarakeshwara-temple-hangal,"Tarakeshwara Temple, Hangal",spiritual,4.7,900
Karnataka,puttur-shree-mahalingeshwara-temple,"Puttur Shree Mahalingeshwara Temple",spiritual,4.6,900
Karnataka,shree-brahma-baidarkala-garadi-kshetra,"Shree Brahma Baidarkala Garadi Kshetra",spiritual,4.7,900
Karnataka,manyamkonda,"Manyamkonda",spiritual,4.5,900
Karnataka,lakshmeshwara-jain-temples,"Lakshmeshwara Jain temples",spiritual,4.5,900
Karnataka,kuruvathi-basaveshwara-temple,"Kuruvathi Basaveshwara temple",spiritual,4.7,900
Karnataka,arabithittu-wildlife-sanctuary,"Arabithittu Wildlife Sanctuary",wildlife,4.4,2500
Karnataka,nugu-wildlife-sanctuary,"Nugu Wildlife Sanctuary",wildlife,4.2,2500
Karnataka,kappatagudda-wildlife-sanctuary,"Kappatagudda Wildlife Sanctuary",wildlife,4.6,2500
Karnataka,adichunchanagiri-peacock-wildlife-sanctuary,"Adichunchanagiri Peacock Wildlife Sanctuary",wildlife,4.3,2500
Karnataka,malai-mahadeshwara-wildlife-sanctuary,"Malai Mahadeshwara Wildlife Sanctuary",wildlife,4.1,2500
Karnataka,ghataprabha-wildlife-sanctuary,"Ghataprabha Wildlife Sanctuary",wildlife,4.3,2500
Karnataka,melkote-temple-wildlife-sanctuary,"Melkote Temple Wildlife Sanctuary",wildlife,4.4,2500
Karnataka,rangayyanadurga-four-horned-antelope-wildlife-sanctuary,"Rangayyanadurga Four–horned antelope Wildlife Sanctuary",wildlife,4.7,2500
Karnataka,ramadevarabetta-vulture-sanctuary,"Ramadevarabetta Vulture Sanctuary",wildlife,4.3,2500
Karnataka,jogimatti-wildlife-sanctuary,"Jogimatti Wildlife Sanctuary",wildlife,4.7,2500
Karnataka,dandeli-national-park,"Dandeli National Park",wildlife,4.4,2500
Karnataka,shri-katyayani-baneshwar-temple-aversa,"Shri Katyayani Baneshwar Temple, Aversa",spiritual,4.6,900
Karnataka,kote-anjaneya,"Kote Anjaneya",spiritual,4.6,900
Karnataka,our-lady-of-lourdes-church-kanajar,"Our Lady of Lourdes Church, Kanajar",spiritual,4.1,900
Karnataka,church-of-sacred-heart-of-jesus-madanthyar,"Church Of Sacred Heart Of Jesus, Madanthyar",spiritual,4.5,900
Karnataka,st-antony-church-ujire,"St. Antony Church, Ujire",spiritual,4.6,900
Karnataka,st-joseph-church-belman,"St. Joseph Church, Belman",spiritual,4.5,900
Karnataka,st-vincent-de-paul-church-katapady,"St Vincent De Paul Church, Katapady",spiritual,4.1,900
Karnataka,shri-guru-kottureshwara-temple,"Shri Guru Kottureshwara Temple",spiritual,4.3,900
Karnataka,sri-parashakthi-kshetra,"Sri Parashakthi Kshetra",spiritual,4.2,900
Karnataka,dodda-basaveshwara-temple,"Dodda Basaveshwara Temple",spiritual,4.2,900
Karnataka,st-michael-s-and-all-angels-church-oorgaum-kgf,"St. Michael's and All Angels' Church, Oorgaum, KGF",spiritual,4.5,900
Kerala,munnar,"Munnar",hill_station,4.6,600
Kerala,varkala,"Varkala",beach,4.5,500
Kerala,wayanad,"Wayanad",hill_station,4.5,1200
Kerala,alleppey,"Alleppey",beach,4.6,1500
Kerala,kochi,"Kochi",heritage,4.5,1200
Kerala,thekkady,"Thekkady",wildlife,4.5,1500
Kerala,kovalam,"Kovalam",beach,4.4,1200
Kerala,kumarakom,"Kumarakom",beach,4.5,1800
Kerala,sabarimala-temple-complex,"Sabarimala temple complex",spiritual,4.7,900
Kerala,padmanabhaswamy-temple,"Padmanabhaswamy Temple",spiritual,4.7,900
Kerala,eravikulam-national-park,"Eravikulam National Park",wildlife,4.7,2500
Kerala,athirappilly-falls,"Athirappilly Falls",heritage,4.5,900
Kerala,palaruvi-falls,"Palaruvi Falls",heritage,4.3,900
Kerala,guruvayur-temple,"Guruvayur Temple",spiritual,4.8,900
Kerala,santa-cruz-basilica,"Santa Cruz Basilica",heritage,4.3,900
Kerala,vazhappally-maha-siva-temple,"Vazhappally Maha Siva Temple",spiritual,4.5,900
Kerala,st-angelo-fort,"St. Angelo Fort",heritage,4.4,900
Kerala,kappad,"Kappad",beach,4.1,1200
Kerala,mathikettan-shola-national-park,"Mathikettan Shola National Park",wildlife,4.6,2500
Kerala,vadakkunnathan-temple-thrissur,"Vadakkunnathan Temple, Thrissur",spiritual,4.2,900
Kerala,ananthapura-lake-temple,"Ananthapura Lake Temple",spiritual,4.2,900
Kerala,thusharagiri-falls,"Thusharagiri Falls",heritage,4.3,900
Kerala,soochipara-falls,"Soochipara Falls",heritage,4.5,900
Kerala,bekal-fort,"Bekal Fort",heritage,4.6,900
Kerala,pallipuram-fort,"Pallipuram Fort",heritage,4.6,900
Kerala,peppara-wildlife-sanctuary,"Peppara Wildlife Sanctuary",wildlife,4.4,2500
Kerala,parambikulam-tiger-reserve,"Parambikulam Tiger Reserve",wildlife,4.6,2500
Kerala,st-mary-s-syro-malabar-catholic-cathedral-basilica,"St. Mary's Syro-Malabar Catholic Cathedral Basilica",heritage,4.5,900
Kerala,chinnar-wildlife-sanctuary,"Chinnar Wildlife Sanctuary",wildlife,4.2,2500
Kerala,vazhachal-falls,"Vazhachal Falls",heritage,4.2,900
Kerala,cheeyappara-waterfalls,"Cheeyappara Waterfalls",heritage,4.3,900
Kerala,muzhappilangad-beach,"Muzhappilangad Beach",beach,4.5,1200
Kerala,palakkad-fort,"Palakkad Fort",heritage,4.6,900
Kerala,chottanikkara-temple,"Chottanikkara Temple",spiritual,4.4,900
Kerala,vaikom-temple,"Vaikom Temple",spiritual,4.6,900
Kerala,aluva-mahadeva-temple,"Aluva Mahadeva Temple",spiritual,4.7,900
Kerala,ambalappuzha-sri-krishna-temple,"Ambalappuzha Sri Krishna Temple",spiritual,4.4,900
Kerala,tirunavaya-temple,"Tirunavaya Temple",spiritual,4.4,900
Kerala,st-mary-s-cathedral-pattom-trivandrum,"St. Mary's Cathedral, Pattom, Trivandrum",heritage,4.3,900
Kerala,neyyar-wildlife-sanctuary,"Neyyar Wildlife Sanctuary",wildlife,4.3,2500
Kerala,aralam-wildlife-sanctuary,"Aralam Wildlife Sanctuary",wildlife,4.8,2500
Kerala,kollam-beach,"Kollam Beach",beach,4.8,1200
Kerala,cranganore-fort,"Cranganore Fort",heritage,4.5,900
Kerala,hosdurg-fort,"Hosdurg Fort",heritage,4.2,900
Kerala,madhur-temple,"Madhur Temple",spiritual,4.4,900
Kerala,abaya-pradhan-temple,"Abaya Pradhan Temple",spiritual,4.1,900
Kerala,valiya-koonambaikulam-temple,"Valiya Koonambaikulam temple",spiritual,4.6,900
Kerala,sreevallabha-temple-thiruvalla,"Sreevallabha Temple, Thiruvalla",spiritual,4.6,900
Kerala,amaramkavu,"Amaramkavu",spiritual,4.5,900
Kerala,aranmula-parthasarathy-temple,"Aranmula Parthasarathy Temple",spiritual,4.2,900
Kerala,arattupuzha-temple,"Arattupuzha Temple",spiritual,4.5,900
Kerala,kaviyoor-mahadeva-temple-kerala,"Kaviyoor Mahadeva Temple, Kerala",spiritual,4.3,900
Kerala,muthappan-temple,"Muthappan Temple",spiritual,4.5,900
Kerala,st-andrew-s-basilica-arthunkal,"St. Andrew's Basilica, Arthunkal",spiritual,4.7,900
Kerala,st-thomas-cathedral-pala,"St. Thomas Cathedral, Pala",heritage,4.1,900
Kerala,chimmini-wildlife-sanctuary,"Chimmini Wildlife Sanctuary",wildlife,4.5,2500
Kerala,pathampuzha,"Pathampuzha",heritage,4.1,900
Kerala,aruvikkuzhy-falls,"Aruvikkuzhy Falls",heritage,4.7,900
Kerala,shankumugham-beach,"Shankumugham Beach",beach,4.4,1200
Kerala,tellicherry-fort,"Tellicherry Fort",heritage,4.7,900
Kerala,anchuthengu-fort,"Anchuthengu Fort",heritage,4.4,900
Kerala,thrikkakara-temple,"Thrikkakara Temple",spiritual,4.5,900
Kerala,panachikkadu-temple,"Panachikkadu Temple",spiritual,4.5,900
Kerala,sree-poornathrayeesa-temple,"Sree Poornathrayeesa Temple",spiritual,4.4,900
Kerala,thali-mahadeva-temple-kozhikode,"Thali Mahadeva temple, Kozhikode",spiritual,4.5,900
Kerala,puramundekkadu-shri-mahadeva-temple,"Puramundekkadu Shri Mahadeva Temple",spiritual,4.3,900
Kerala,perumparampu-sri-mahadeva-temple,"Perumparampu Sri Mahadeva Temple",spiritual,4.2,900
Kerala,puttingal-temple,"Puttingal Temple",spiritual,4.5,900
Kerala,kottukal-cave-temple,"Kottukal cave temple",spiritual,4.2,900
Kerala,thiruvallam-parasurama-temple,"Thiruvallam Parasurama Temple",spiritual,4.3,900
Kerala,trichambaram-temple,"Trichambaram Temple",spiritual,4.5,900
Kerala,vellayani-devi-temple,"Vellayani Devi Temple",spiritual,4.7,900
Kerala,vilwadrinatha-temple,"Vilwadrinatha Temple",spiritual,4.5,900
Kerala,amaravila-rameswaram-sri-mahadeva-temple,"Amaravila Rameswaram Sri Mahadeva Temple",spiritual,4.6,900
Kerala,ashtamangalam-siva-temple,"Ashtamangalam Siva Temple",spiritual,4.4,900
Kerala,mannarasala-temple,"Mannarasala Temple",spiritual,4.3,900
Kerala,koodalmanikyam-temple,"Koodalmanikyam Temple",spiritual,4.8,900
Kerala,madayi-kavu,"Madayi Kavu",spiritual,4.5,900
Kerala,kandiyoor-sree-mahadeva-temple,"Kandiyoor Sree Mahadeva Temple",spiritual,4.5,900
Kerala,manakkattu-devi-temple,"Manakkattu devi temple",spiritual,4.5,900
Kerala,puliyur-mahavishnu-temple,"Puliyur Mahavishnu Temple",spiritual,4.3,900
Kerala,ramapuram-alappuzha,"Ramapuram, Alappuzha",spiritual,4.4,900
Kerala,thrichittatt-maha-vishnu-temple,"Thrichittatt Maha Vishnu Temple",spiritual,4.6,900
Kerala,mangala-devi-temple,"Mangala Devi Temple",spiritual,4.1,900
Kerala,panniyur-sri-varahamoorthy-temple,"Panniyur Sri Varahamoorthy Temple",spiritual,4.4,900
Kerala,st-george-s-catholic-forane-church,"St. George's Catholic Forane Church",spiritual,4.4,900
Kerala,immaculate-heart-of-mary-cathedral,"Immaculate Heart of Mary Cathedral",heritage,4.3,900
Kerala,parumala-valiya-panayannarkavu-devi-temple,"Parumala Valiya Panayannarkavu Devi Temple",spiritual,4.4,900
Kerala,chulannur-peafowl-sanctuary,"Chulannur Peafowl Sanctuary",wildlife,4.6,2500
Kerala,thattekad-bird-sanctuary,"Thattekad Bird Sanctuary",wildlife,4.8,2500
Kerala,adyanpara-falls,"Adyanpara Falls",heritage,4.6,900
Kerala,perunthenaruvi-falls,"Perunthenaruvi Falls",heritage,4.7,900
Kerala,meenmutty-falls,"Meenmutty Falls",heritage,4.2,900
Kerala,marari-beach,"Marari Beach",beach,4.7,1200
Kerala,cherai-beach,"Cherai Beach",beach,4.4,1200
Kerala,alattiyur-hanuman-temple,"Alattiyur Hanuman Temple",spiritual,4.5,900
Kerala,dakshina-mookambika-temple-north-paravur,"Dakshina Mookambika Temple, North Paravur",spiritual,4.4,900
Kerala,ettumanoor-mahadevar-temple,"Ettumanoor Mahadevar Temple",spiritual,4.4,900
Kerala,iringol-kavu-temple,"Iringol Kavu Temple",spiritual,4.5,900
Kerala,kadampuzha-devi-temple,"Kadampuzha Devi Temple",spiritual,4.1,900
Kerala,kallil-temple,"Kallil Temple",spiritual,4.4,900
Kerala,cheranalloor-mahadeva-temple,"Cheranalloor Mahadeva Temple",spiritual,4.3,900
Kerala,chowara-chidambaraswamy-temple,"Chowara Chidambaraswamy Temple",spiritual,4.4,900
Kerala,thrikodithanam-mahavishnu-temple,"Thrikodithanam Mahavishnu Temple",spiritual,4.8,900
Kerala,pazhoor-perumthrikkovil,"Pazhoor Perumthrikkovil",spiritual,4.4,900
Kerala,oachira-temple,"Oachira Temple",spiritual,4.3,900
Kerala,poruvazhy-peruviruthy-malanada-temple,"Poruvazhy Peruviruthy Malanada Temple",spiritual,4.1,900
Kerala,thirunelli-temple,"Thirunelli Temple",spiritual,4.5,900
Kerala,vayalil-thrikkovil-mahavishnu-temple,"Vayalil Thrikkovil Mahavishnu Temple",spiritual,4.2,900
Kerala,padanilam-parabrahma-temple,"Padanilam Parabrahma Temple",spiritual,4.7,900
Kerala,kadachira-sri-thrikkapalam-siva-temple,"Kadachira Sri Thrikkapalam Siva Temple",spiritual,4.7,900
Kerala,kottiyoor-temple,"Kottiyoor Temple",spiritual,4.1,900
Kerala,morkulangara-devi-temple,"Morkulangara Devi Temple",spiritual,4.6,900
Kerala,velloor-perunthatta-siva-temple,"Velloor Perunthatta Siva Temple",spiritual,4.5,900
Kerala,adithyapuram-sun-temple,"Adithyapuram Sun Temple",spiritual,4.5,900
Kerala,kidangoor-subramanya-swamy-temple,"Kidangoor Subramanya Swamy Temple",spiritual,4.2,900
Kerala,shatrughna-temple,"Shatrughna Temple",spiritual,4.8,900
Kerala,kokkamangalam-st-thomas-church,"Kokkamangalam St. Thomas Church",spiritual,4.4,900
Kerala,uthralikavu-pooram,"Uthralikavu Pooram",spiritual,4.3,900
Kerala,palakkavu-bhagavathi-temple,"Palakkavu Bhagavathi temple",spiritual,4.6,900
Kerala,thriprayar-ramaswamy-temple,"Thriprayar Ramaswamy Temple",spiritual,4.7,900
Kerala,adat-shiva-temple,"Adat Shiva Temple",spiritual,4.6,900
Kerala,kodungallur-bhagavathy-temple,"Kodungallur Bhagavathy Temple",spiritual,4.6,900
Kerala,cheruvathur-mahadeva-temple,"Cheruvathur Mahadeva Temple",spiritual,4.4,900
Kerala,chowalloor-siva-temple,"Chowalloor Siva Temple",spiritual,4.5,900
Kerala,kondazhy-tritham-tali-siva-temple,"Kondazhy Tritham Tali Siva Temple",spiritual,4.6,900
Kerala,pananchery-mudikkode-shiva-temple,"Pananchery Mudikkode Shiva Temple",spiritual,4.7,900
Kerala,choorakkottukavu-bhagavathy-temple,"Choorakkottukavu Bhagavathy Temple",spiritual,4.5,900
Kerala,iranikulam-mahadeva-temple,"Iranikulam Mahadeva Temple",spiritual,4.7,900
Kerala,pallimanna-siva-temple,"Pallimanna Siva Temple",spiritual,4.3,900
Kerala,thrippalur-mahadeva-temple,"Thrippalur Mahadeva Temple",spiritual,4.3,900
Kerala,sree-indilayappan-temple,"Sree Indilayappan Temple",spiritual,4.5,900
Kerala,annamanada-mahadeva-temple,"Annamanada Mahadeva Temple",spiritual,4.6,900
Kerala,annapurneshwari-temple-cherukunnu,"Annapurneshwari Temple, Cherukunnu",spiritual,4.6,900
Kerala,chettikulangara-devi-temple,"Chettikulangara Devi Temple",spiritual,4.7,900
Kerala,cherthala-karthyayani-temple,"Cherthala Karthyayani Temple",spiritual,4.6,900
Kerala,kattil-madam-temple-chalapuram,"Kattil Madam Temple, Chalapuram",spiritual,4.2,900
Kerala,nalpathaneeswaram-sree-mahadeva-temple,"Nalpathaneeswaram Sree Mahadeva Temple",spiritual,4.3,900
Kerala,kanichukulangara-devi-temple,"Kanichukulangara Devi Temple",spiritual,4.1,900
Kerala,st-george-syro-malabar-catholic-basilica-angamaly,"St. George Syro-Malabar Catholic Basilica, Angamaly",spiritual,4.6,900
Kerala,valliyamkavu-devi-temple,"Valliyamkavu Devi Temple",spiritual,4.3,900
Kerala,pattupurackal-bhagavathy-temple,"Pattupurackal Bhagavathy Temple",spiritual,4.8,900
Kerala,saint-thomas-syro-malabar-catholic-church-malayattoor,"Saint Thomas Syro-Malabar Catholic Church, Malayattoor",spiritual,4.7,900
Kerala,pandalam-mahadeva-temple,"Pandalam Mahadeva Temple",spiritual,4.4,900
Kerala,rektha-kanda-swamy-temple,"Rektha Kanda Swamy Temple",spiritual,4.5,900
Kerala,thrikkavu-temple,"Thrikkavu Temple",spiritual,4.4,900
Kerala,tirumanthamkunnu-temple,"Tirumanthamkunnu Temple",spiritual,4.1,900
Kerala,vadakkan-koyikkal-devi-temple-puthiyavila,"Vadakkan Koyikkal Devi Temple Puthiyavila",spiritual,4.5,900
Kerala,jain-temple-kidanganad,"Jain Temple, Kidanganad",spiritual,4.1,900
Kerala,marth-mariyam-major-archiepiscopal-church,"Marth Mariyam Major Archiepiscopal Church",spiritual,4.8,900
Kerala,thirupalkadal-sreekrishnaswamy-temple,"Thirupalkadal Sreekrishnaswamy Temple",spiritual,4.7,900
Kerala,thirumoozhikkulam-lakshmana-perumal-temple,"Thirumoozhikkulam Lakshmana Perumal Temple",spiritual,4.5,900
Kerala,thiruvanvandoor-mahavishnu-temple,"Thiruvanvandoor Mahavishnu Temple",spiritual,4.7,900
Kerala,aazhimala-shiva-temple,"Aazhimala Shiva Temple",spiritual,4.6,900
Kerala,mulavana-mahadevar-temple,"Mulavana Mahadevar Temple",spiritual,4.4,900
Kerala,uravappara-temple,"Uravappara Temple",spiritual,4.4,900
Kerala,ramapuram-sree-rama-temple,"Ramapuram Sree Rama Temple",spiritual,4.7,900
Kerala,kottankulangara-devi-temple-chavara,"Kottankulangara Devi Temple, Chavara",spiritual,4.4,900
Kerala,karimpuzha-wildlife-sanctuary,"Karimpuzha Wildlife Sanctuary",wildlife,4.4,2500
Kerala,idukki-wildlife-sanctuary,"Idukki wildlife sanctuary",wildlife,4.4,2500
Kerala,thommankuthu,"Thommankuthu",heritage,4.3,900
Kerala,marmala-waterfall,"Marmala waterfall",heritage,4.3,900
Kerala,kumbhavurutty-waterfalls,"Kumbhavurutty Waterfalls",heritage,4.1,900
Kerala,aruvikkuzhi-waterfalls,"Aruvikkuzhi Waterfalls",heritage,4.3,900
Kerala,puthenthope-beach,"Puthenthope Beach",beach,4.3,1200
Kerala,puthiyakavu-devi-temple,"Puthiyakavu Devi Temple",spiritual,4.6,900
Kerala,lokanarkavu-temple,"Lokanarkavu Temple",spiritual,4.5,900
Kerala,pundareekapuram-temple,"Pundareekapuram Temple",spiritual,4.4,900
Kerala,thiruvaloor-mahadeva-temple,"Thiruvaloor Mahadeva temple",spiritual,4.4,900
Kerala,thaliyil-mahadeva-temple,"Thaliyil Mahadeva temple",spiritual,4.7,900
Kerala,nadapuram-iringannur-siva-temple,"Nadapuram Iringannur Siva Temple",spiritual,4.6,900
Kerala,tirunettur-mahadeva-temple,"Tirunettur Mahadeva Temple",spiritual,4.2,900
Kerala,mazhuvannur-maha-siva-kshethram,"Mazhuvannur Maha Siva Kshethram",spiritual,4.6,900
Kerala,valliyoorkkavu,"Valliyoorkkavu",spiritual,4.5,900
Kerala,varinjam-sree-subramanya-swamy-temple,"Varinjam Sree Subramanya Swamy Temple",spiritual,4.1,900
Kerala,thrikkadavoor-mahadeva-temple,"Thrikkadavoor Mahadeva Temple",spiritual,4.7,900
Kerala,trithala-maha-siva-temple,"Trithala Maha Siva Temple",spiritual,4.4,900
Kerala,chirakkadavu-sree-mahadeva-temple,"Chirakkadavu Sree Mahadeva Temple",spiritual,4.5,900
Kerala,kodikkunnu-bhagavathy-temple,"Kodikkunnu Bhagavathy Temple",spiritual,4.6,900
Kerala,udayamperoor-perumthrikkovil-temple,"Udayamperoor Perumthrikkovil Temple",spiritual,4.5,900
Kerala,kanjilassery-maha-siva-temple,"Kanjilassery Maha Siva Temple",spiritual,4.2,900
Kerala,erumely-sree-dharmasastha-temple,"Erumely Sree Dharmasastha Temple",spiritual,4.3,900
Kerala,puliyannoor-mahadeva-temple,"Puliyannoor Mahadeva Temple",spiritual,4.6,900
Kerala,thiru-nayathode-siva-narayana-temple,"Thiru Nayathode Siva Narayana Temple",spiritual,4.7,900
Kerala,kadakkal-devi-temple,"Kadakkal Devi Temple",spiritual,4.7,900
Kerala,kottarakkara-sree-mahaganapathi-kshethram,"Kottarakkara Sree Mahaganapathi Kshethram",spiritual,4.8,900
Kerala,vattal-kurishu-palli,"Vattal Kurishu Palli",spiritual,4.6,900
Kerala,st-peter-and-st-paul-s-church-kolenchery,"St. Peter and St. Paul's Church, Kolenchery",spiritual,4.2,900
Kerala,mahadeva-temple-kalanjoor,"Mahadeva Temple, Kalanjoor",spiritual,4.7,900
Kerala,trikkur-mahadeva-temple,"Trikkur Mahadeva Temple",spiritual,4.2,900
Kerala,muttichur-kallattupuzha-sri-maha-siva-temple,"Muttichur Kallattupuzha Sri Maha Siva Temple",spiritual,4.2,900
Kerala,thirumangalam-sree-maha-vishnu-siva-temple,"Thirumangalam Sree Maha Vishnu Siva Temple",spiritual,4.6,900
Kerala,mundayur-mahadeva-temple,"Mundayur Mahadeva Temple",spiritual,4.3,900
Kerala,sree-shivashakthi-mahaganapathi-temple,"Sree Shivashakthi Mahaganapathi temple",spiritual,4.8,900
Kerala,kainoor-shiva-temple,"Kainoor Shiva Temple",spiritual,4.3,900
Kerala,mahadeva-temple-avittathur,"Mahadeva Temple, Avittathur",spiritual,4.5,900
Kerala,thrikkunnathu-mahadeva-temple,"Thrikkunnathu Mahadeva Temple",spiritual,4.5,900
Kerala,chemmanthatta-mahadeva-temple,"Chemmanthatta Mahadeva Temple",spiritual,4.3,900
Kerala,kattakampal-temple,"Kattakampal Temple",spiritual,4.7,900
Kerala,panayur-palur-shiva-temple,"Panayur Palur Shiva Temple",spiritual,4.3,900
Kerala,thrikkariyoor-mahadeva-temple,"Thrikkariyoor Mahadeva Temple",spiritual,4.4,900
Kerala,anikkattilammakshethram,"Anikkattilammakshethram",spiritual,4.3,900
Kerala,chakkulathukavu-temple,"Chakkulathukavu Temple",spiritual,4.6,900
Kerala,mithranandapuram-vamanamoorthy-temple,"Mithranandapuram Vamanamoorthy Temple",spiritual,4.4,900
Kerala,neelamperoor-palli-bhagavathi-temple,"Neelamperoor Palli Bhagavathi Temple",spiritual,4.4,900
Kerala,sree-andalurkavu,"Sree Andalurkavu",spiritual,4.2,900
Kerala,thanikkudam-bhagavathi-temple,"Thanikkudam Bhagavathi Temple",spiritual,4.7,900
Kerala,karppillikkavu-sree-mahadeva-temple,"Karppillikkavu Sree Mahadeva Temple",spiritual,4.7,900
Kerala,kulathupuzha-sastha-temple,"Kulathupuzha Sastha Temple",spiritual,4.7,900
Kerala,achankovil-sastha-temple,"Achankovil Sastha Temple",spiritual,4.7,900
Kerala,pokkunny-siva-temple,"Pokkunny Siva Temple",spiritual,4.7,900
Kerala,parassala-mahadeva-temple,"Parassala Mahadeva Temple",spiritual,4.8,900
Kerala,vadeshwaram-temple,"Vadeshwaram Temple",spiritual,4.4,900
Kerala,our-lady-of-good-health-church-pattumala,"Our Lady of Good Health Church, Pattumala",spiritual,4.5,900
Kerala,st-mary-s-syro-malabar-catholic-church-arakuzha,"St. Mary's Syro-Malabar Catholic Church, Arakuzha",spiritual,4.4,900
Kerala,st-mary-s-syro-malabar-catholic-forane-church-champakulam,"St. Mary's Syro-Malabar Catholic Forane Church, Champakulam",spiritual,4.7,900
Kerala,st-xavier-s-church-peyad,"St. Xavier's Church, Peyad",spiritual,4.6,900
Kerala,sree-bhuvaneswary-temple-valamchuzhy,"Sree Bhuvaneswary Temple, Valamchuzhy",spiritual,4.6,900
Kerala,vethalan-kavu-mahadeva-temple,"Vethalan Kavu Mahadeva Temple",spiritual,4.2,900
Kerala,thumpamon-vadakkumnatha-temple,"Thumpamon Vadakkumnatha Temple",spiritual,4.8,900
Kerala,nalukulangara-devi-temple,"Nalukulangara Devi Temple",spiritual,4.6,900
Kerala,elamgulam-sree-dharma-sastha-temple,"Elamgulam Sree Dharma Sastha Temple",spiritual,4.1,900
Kerala,panakkattodil-devi-temple,"Panakkattodil Devi Temple",spiritual,4.8,900
Kerala,st-mary-s-cathedral-punalur,"St. Mary's Cathedral, Punalur",heritage,4.1,900
Kerala,amunthirathu-devi-temple,"Amunthirathu Devi Temple",spiritual,4.5,900
Kerala,st-mary-s-syro-malabar-catholic-church-koratty,"St. Mary's Syro-Malabar Catholic Church, Koratty",spiritual,4.6,900
Kerala,st-elijah-orthodox-syrian-church-koduvila,"St. Elijah Orthodox Syrian Church, Koduvila",spiritual,4.2,900
Kerala,valiyakoikkal-temple,"Valiyakoikkal Temple",spiritual,4.1,900
Kerala,arthat-st-mary-s-cathedral,"Arthat St. Mary's Cathedral",heritage,4.4,900
Kerala,sri-nellikulangara-bhagavathi-temple,"Sri Nellikulangara Bhagavathi Temple",spiritual,4.7,900
Kerala,ponmeri-shiva-temple,"Ponmeri Shiva Temple",spiritual,4.4,900
Kerala,kalarivathukkal-bhagavathy-temple,"Kalarivathukkal Bhagavathy Temple",spiritual,4.3,900
Kerala,kurinjimala-sanctuary,"Kurinjimala Sanctuary",wildlife,4.1,2500
Kerala,malabar-wildlife-sanctuary,"Malabar Wildlife Sanctuary",wildlife,4.6,2500
Kerala,vazhvanthol-waterfalls,"Vazhvanthol waterfalls",heritage,4.4,900
Kerala,valanjanganam-falls,"Valanjanganam Falls",heritage,4.2,900
Kerala,keralamkundu-waterfalls,"Keralamkundu Waterfalls",heritage,4.6,900
Kerala,kattikkayam-falls,"Kattikkayam Falls",heritage,4.5,900
Kerala,areekkal-waterfalls,"Areekkal Waterfalls",heritage,4.2,900
Kerala,lakkam-waterfalls,"Lakkam Waterfalls",heritage,4.7,900
Kerala,carmelagiri-elephant-park,"Carmelagiri Elephant Park",heritage,4.5,900
Kerala,mango-meadows,"Mango Meadows",heritage,4.8,900
Kerala,meenkunnu-beach,"Meenkunnu Beach",beach,4.4,1200
Kerala,mangottu-bhagavathi-temple,"Mangottu Bhagavathi Temple",spiritual,4.2,900
Kerala,meenkulathi-temple,"Meenkulathi Temple",spiritual,4.4,900
Kerala,anjumoorthy-temple,"Anjumoorthy Temple",spiritual,4.6,900
Kerala,karivellur-mahadeva-temple,"Karivellur Mahadeva Temple",spiritual,4.7,900
Kerala,shaktheeswaram-temple,"Shaktheeswaram Temple",spiritual,4.6,900
Kerala,manarcad-church,"Manarcad Church",spiritual,4.4,900
Kerala,kanimangalam-sastha-temple,"Kanimangalam Sastha Temple",spiritual,4.1,900
Kerala,nedumpura-kulasekharanellur-shiva-temple,"Nedumpura Kulasekharanellur Shiva Temple",spiritual,4.5,900
Kerala,kootayanimoodu-chamundi-temple,"Kootayanimoodu chamundi temple",spiritual,4.2,900
Kerala,padanayarkulangara-mahadeva-temple,"Padanayarkulangara Mahadeva Temple",spiritual,4.5,900
Kerala,aluvamkudi-sree-mahadeva-temple,"Aluvamkudi Sree Mahadeva Temple",spiritual,4.1,900
Kerala,chammanad-devi-temple,"Chammanad devi temple",spiritual,4.1,900
Kerala,vazhappully-temple,"Vazhappully temple",spiritual,4.6,900
Kerala,st-george-forane-church-edathua,"St.George Forane Church, Edathua",spiritual,4.6,900
Kerala,marthoman-cheriyapally-kothamangalam,"Marthoman Cheriyapally, Kothamangalam",spiritual,4.4,900
Kerala,avanoor-sreekanteswaram-mahadeva-temple,"Avanoor Sreekanteswaram Mahadeva Temple",spiritual,4.6,900
Kerala,ootukulangara-bhagavathy-temple-peruvemba,"Ootukulangara Bhagavathy Temple, Peruvemba",spiritual,4.6,900
Kerala,padiyanoor-devi-temple,"Padiyanoor Devi Temple",spiritual,4.7,900
Kerala,nilakkal-sree-mahadeva-temple,"Nilakkal Sree Mahadeva Temple",spiritual,4.8,900
Kerala,changattu-sree-bhagavathy-temple,"Changattu Sree Bhagavathy Temple",spiritual,4.5,900
Kerala,sacred-heart-forane-church,"Sacred Heart Forane Church",spiritual,4.8,900
Kerala,mulanthuruthy-marthoman-church,"Mulanthuruthy Marthoman Church",spiritual,4.6,900
Kerala,st-mary-s-forane-church-chalakudy,"St. Mary's Forane Church, Chalakudy",spiritual,4.2,900
Kerala,st-mary-s-church-vechoor,"St. Mary's Church, Vechoor",spiritual,4.2,900
Kerala,st-mary-s-forane-church-edoor,"St. Mary's Forane Church Edoor",spiritual,4.5,900
Kerala,st-marys-church-meenangadi,"St. Marys Church Meenangadi",spiritual,4.1,900
Kerala,mar-thoma-sleeha-church-thulappally,"Mar Thoma Sleeha Church Thulappally",spiritual,4.5,900
Kerala,ramapuram-church,"Ramapuram Church",spiritual,4.6,900
Kerala,st-francis-xavier-s-church-sampaloor,"St. Francis Xavier's Church, Sampaloor",spiritual,4.6,900
Kerala,dutch-church-munroe-island,"Dutch Church, Munroe Island",spiritual,4.1,900
Kerala,st-mary-s-church-marady,"St. Mary's Church, Marady",spiritual,4.7,900
Kerala,sri-rama-temple-ramapuram,"Sri Rama Temple, Ramapuram",spiritual,4.3,900
Kerala,avanavanchery-sri-indilayappan-temple,"Avanavanchery Sri Indilayappan Temple",spiritual,4.4,900
Kerala,chittoorkavu-devi-temple,"Chittoorkavu Devi Temple",spiritual,4.6,900
Kerala,eravikulangara-temple,"Eravikulangara Temple",spiritual,4.3,900
Kerala,kalamassery-mahaganapathy-temple,"Kalamassery Mahaganapathy Temple",spiritual,4.4,900
Kerala,manikandeswaram-uma-maheswara-temple,"Manikandeswaram Uma Maheswara temple",spiritual,4.6,900
Kerala,chennamangalam-temple,"Chennamangalam Temple",spiritual,4.8,900
Kerala,sree-balakrishna-swami-temple-kuzhuppilly,"Sree Balakrishna Swami Temple, Kuzhuppilly",spiritual,4.2,900
Kerala,kannamaly-church-ernakulam,"Kannamaly Church, Ernakulam",spiritual,4.7,900
Kerala,malayalapuzha-devi-temple,"Malayalapuzha Devi Temple",spiritual,4.3,900
Kerala,st-francis-xavier-s-church-pizhala,"St. Francis Xavier's Church, Pizhala",spiritual,4.3,900
Kerala,st-mary-s-church-vendore,"St Mary's Church, Vendore",spiritual,4.7,900
Kerala,bela-church,"Bela Church",spiritual,4.8,900
Kerala,sreenarayanapuram-temple,"Sreenarayanapuram Temple",spiritual,4.7,900
Kerala,thattayil-orippurathu-bhagavathy-kshetram,"Thattayil Orippurathu Bhagavathy Kshetram",spiritual,4.6,900
Kerala,thrissileri-mahadeva-temple,"Thrissileri Mahadeva Temple",spiritual,4.2,900
Kerala,anandeshwaram-mahadeva-temple,"Anandeshwaram Mahadeva Temple",spiritual,4.6,900
Kerala,karyat-sree-ayyappa-temple-vanimal,"Karyat Sree Ayyappa Temple Vanimal",spiritual,4.5,900
Kerala,st-francis-xavier-forane-church-velur,"St. Francis Xavier Forane Church, Velur",spiritual,4.2,900
Kerala,pazhakulam-punthalaveettil-temple,"Pazhakulam punthalaveettil temple",spiritual,4.5,900
Kerala,parthasarathy-temple-mundakkayam,"Parthasarathy Temple, Mundakkayam",spiritual,4.3,900
Kerala,oorali-appooppan-kavu,"Oorali Appooppan Kavu",spiritual,4.3,900
Kerala,pulimukham-devi-temple,"Pulimukham Devi Temple",spiritual,4.5,900
Kerala,konni-forest-division,"Konni Forest Division",heritage,4.6,900
Kerala,valara,"Valara",heritage,4.6,900
Kerala,kannimara-teak,"Kannimara Teak",heritage,4.5,900
Kerala,pariyanempatta-bhagavathi-temple,"Pariyanempatta Bhagavathi Temple",spiritual,4.2,900
Kerala,mukkoottuthara-thiruvambadi-sree-krishaswami-temple,"Mukkoottuthara Thiruvambadi Sree Krishaswami Temple",spiritual,4.2,900
Kerala,mayannur-kavu-sri-kurumba-bagavathy-temple,"Mayannur Kavu Sri Kurumba Bagavathy Temple",spiritual,4.7,900
Kerala,st-bursouma-s-orthodox-church,"St. Bursouma's Orthodox Church",spiritual,4.2,900
Kerala,mezhuveli-temple,"Mezhuveli Temple",spiritual,4.4,900
Kerala,sri-gopalakrishna-temple-kumble,"Sri Gopalakrishna Temple Kumble",spiritual,4.3,900
Kerala,sree-madiyan-koolom-temple,"Sree Madiyan Koolom Temple",spiritual,4.4,900
Kerala,chelamattom-shree-krishna-swami-temple,"Chelamattom Shree Krishna Swami Temple",spiritual,4.7,900
Kerala,st-mary-s-orthodox-cathedral-puthencavu,"St. Mary's Orthodox Cathedral, Puthencavu",spiritual,4.2,900
Kerala,aruvithura-st-george-s-syro-malabar-catholic-forane-church,"Aruvithura St. George's Syro-Malabar Catholic Forane Church",spiritual,4.7,900
Kerala,st-thomas-church-thumpoly,"St. Thomas Church, Thumpoly",spiritual,4.3,900
Kerala,nariampara-puthiyakavu-devikshethram,"Nariampara Puthiyakavu Devikshethram",spiritual,4.5,900
Kerala,sasthamangalam-mahadevar-temple,"Sasthamangalam Mahadevar Temple",spiritual,4.2,900
Kerala,sree-kattayattu-bhagavathi-kshethram,"Sree Kattayattu Bhagavathi Kshethram",spiritual,4.8,900
Kerala,st-george-shrine-pilgrim-centre-kulathuvayal,"St George Shrine Pilgrim Centre Kulathuvayal",spiritual,4.4,900
Kerala,little-flower-forane-church-nilambur,"Little Flower Forane Church, Nilambur",spiritual,4.6,900
Kerala,kottekkad-temple,"Kottekkad Temple",spiritual,4.6,900
Kerala,kolathukara-shiva-temple,"Kolathukara shiva temple",spiritual,4.7,900
Kerala,padayanivettom,"Padayanivettom",spiritual,4.2,900
Kerala,changankulangara-sri-mahadevar-temple,"Changankulangara Sri Mahadevar Temple",spiritual,4.7,900
Kerala,kannamcode-cathedral,"Kannamcode Cathedral",heritage,4.3,900
Kerala,st-joseph-s-syro-malabar-catholic-church-meenkunnam,"St. Joseph's Syro-Malabar Catholic Church, Meenkunnam",spiritual,4.7,900
Kerala,st-george-forane-church-kallody-wayanad,"St. George Forane Church Kallody, Wayanad",spiritual,4.8,900
Kerala,trikandiyur-mahadeva-temple,"Trikandiyur Mahadeva Temple",spiritual,4.6,900
Kerala,nilakkal-st-thomas-church,"Nilakkal St.Thomas Church",spiritual,4.4,900
Kerala,st-teresa-s-shrine-mahe,"St. Teresa’s Shrine, Mahé",spiritual,4.2,900
Kerala,st-thomas-orthodox-cathedral-thottomon-ranny,"St Thomas Orthodox Cathedral, Thottomon, Ranny",heritage,4.5,900
Kerala,basilica-of-our-lady-of-lourdes-chemperi,"Basilica of Our Lady of Lourdes, Chemperi",spiritual,4.1,900
Kerala,st-mary-s-jacobite-syrian-cathedral-church-karakunnam,"St. Mary's Jacobite Syrian Cathedral Church, Karakunnam",spiritual,4.4,900
Kerala,polur-temple-kozhikode,"Polur temple, Kozhikode",spiritual,4.2,900
Kerala,st-joseph-s-parish-shrine-pavaratty,"St. Joseph’s Parish Shrine, Pavaratty",spiritual,4.4,900
Kerala,madhur,"Madhur",spiritual,4.6,900
Kerala,bethel-marthoma-church,"Bethel Marthoma Church",spiritual,4.3,900
Kerala,st-john-the-baptist-jacobite-syrian-church-south-parur,"St. John The Baptist Jacobite Syrian Church, South Parur",spiritual,4.3,900
Kerala,st-nicholas-church,"St. Nicholas' Church",spiritual,4.3,900
Kerala,st-george-church-kalady,"St. George Church, Kalady",spiritual,4.3,900
Kerala,st-joseph-s-syro-malabar-catholic-church-chennamkary,"St. Joseph's Syro-Malabar Catholic Church, Chennamkary",spiritual,4.4,900
Kerala,holy-magi-syro-malabar-catholic-forane-church-muvattupuzha,"Holy Magi Syro-Malabar Catholic Forane Church, Muvattupuzha",spiritual,4.3,900
Kerala,kadammanittapally,"Kadammanittapally",spiritual,4.2,900
Kerala,st-antony-s-church-pazhuvil,"St. Antony's Church, Pazhuvil",spiritual,4.2,900
Kerala,kadampanad-church,"Kadampanad Church",spiritual,4.1,900
Kerala,st-antony-s-church-kuninji,"St. Antony's Church, Kuninji",spiritual,4.1,900
Kerala,st-philomena-s-forane-church-koonammavu,"St.Philomena's Forane Church, Koonammavu",spiritual,4.2,900
Kerala,st-stanislaus-forane-church-mala,"St. Stanislaus Forane Church, Mala",spiritual,4.5,900
Kerala,st-mary-s-orthodox-church-avaneeswaram,"St. Mary's Orthodox Church, Avaneeswaram",spiritual,4.3,900
Kerala,holy-cross-shrine-mapranam,"Holy Cross Shrine Mapranam",spiritual,4.6,900
Kerala,nileshwar-muthappan-madappura,"Nileshwar Muthappan Madappura",spiritual,4.3,900
Kerala,pavangad,"Pavangad",heritage,4.6,900
Kerala,chembra-peak,"Chembra Peak",adventure,4.9,2800
Ladakh,ladakh,"Ladakh",adventure,4.9,400
Ladakh,hemis-national-park,"Hemis National Park",wildlife,4.3,2500
Ladakh,thikse-monastery,"Thikse Monastery",spiritual,4.7,900
Ladakh,diskit-monastery,"Diskit Monastery",hill_station,4.2,1200
Ladakh,lamayuru-monastery,"Lamayuru Monastery",spiritual,4.4,900
Ladakh,alchi-monastery,"Alchi Monastery",spiritual,4.5,900
Ladakh,hemis-monastery,"Hemis Monastery",spiritual,4.8,900
Ladakh,karsha-monastery,"Karsha Monastery",spiritual,4.8,900
Ladakh,likir-monastery,"Likir Monastery",spiritual,4.2,900
Ladakh,tingmosgang-monastery,"Tingmosgang monastery",spiritual,4.5,900
Ladakh,rizong-monastery,"Rizong Monastery",spiritual,4.2,900
Ladakh,korzok-monastery,"Korzok Monastery",spiritual,4.8,900
Ladakh,lingshed-monastery,"Lingshed Monastery",spiritual,4.1,900
Ladakh,matho-monastery,"Matho Monastery",spiritual,4.4,900
Ladakh,phyang-monastery,"Phyang Monastery",spiritual,4.2,900
Ladakh,takthok-monastery,"Takthok Monastery",spiritual,4.3,900
Ladakh,hanle-monastery,"Hanle Monastery",spiritual,4.8,900
Ladakh,basgo-monastery,"Basgo Monastery",spiritual,4.6,900
Ladakh,changthang-wildlife-sanctuary,"Changthang Wildlife Sanctuary",wildlife,4.4,2500
Ladakh,stok-monastery,"Stok Monastery",spiritual,4.5,900
Ladakh,bardan-monastery,"Bardan Monastery",spiritual,4.2,900
Ladakh,zangla-khar,"Zangla Khar",heritage,4.8,900
Ladakh,stakna-monastery,"Stakna Monastery",spiritual,4.2,900
Ladakh,shey-monastery,"Shey Monastery",spiritual,4.2,900
Ladakh,khurnak-fort,"Khurnak Fort",heritage,4.2,900
Ladakh,mangyu-temple-complex,"Mangyu temple complex",spiritual,4.5,900
Ladakh,hanle,"Hanle",adventure,4.9,2500
Ladakh,zanskar-valley,"Zanskar Valley",adventure,4.9,3500
Lakshadweep,agatti-island,"Agatti Island",beach,4.8,5500
Lakshadweep,bangaram-island,"Bangaram Island",beach,4.9,6500
Madhya Pradesh,khajuraho,"Khajuraho",heritage,4.6,900
Madhya Pradesh,gwalior,"Gwalior",heritage,4.4,900
Madhya Pradesh,orchha,"Orchha",heritage,4.6,900
Madhya Pradesh,pachmarhi,"Pachmarhi",hill_station,4.4,1100
Madhya Pradesh,bandhavgarh,"Bandhavgarh",wildlife,4.6,3000
Madhya Pradesh,kanha,"Kanha",wildlife,4.6,3000
Madhya Pradesh,ujjain,"Ujjain",spiritual,4.6,900
Madhya Pradesh,bandhavgarh-national-park,"Bandhavgarh National Park",wildlife,4.1,2500
Madhya Pradesh,omkareshwar-temple,"Omkareshwar Temple",spiritual,4.6,900
Madhya Pradesh,pench-national-park,"Pench National Park",wildlife,4.2,2500
Madhya Pradesh,bhojeshwar-temple,"Bhojeshwar Temple",spiritual,4.7,900
Madhya Pradesh,asirgarh-fort,"Asirgarh Fort",heritage,4.5,900
Madhya Pradesh,chachai-falls,"Chachai Falls",heritage,4.6,900
Madhya Pradesh,dhuandhar-falls,"Dhuandhar Falls",heritage,4.2,900
Madhya Pradesh,pandav-falls,"Pandav Falls",heritage,4.2,900
Madhya Pradesh,van-vihar-national-park,"Van Vihar National Park",wildlife,4.3,2500
Madhya Pradesh,chausath-yogini-temple-mitaoli,"Chausath Yogini Temple, Mitaoli",spiritual,4.5,900
Madhya Pradesh,keoti-falls,"Keoti Falls",heritage,4.6,900
Madhya Pradesh,kal-bhairav-temple,"Kal Bhairav temple",spiritual,4.6,900
Madhya Pradesh,purwa-falls,"Purwa Falls",heritage,4.3,900
Madhya Pradesh,raneh-falls,"Raneh Falls",heritage,4.4,900
Madhya Pradesh,bahuti-falls,"Bahuti Falls",heritage,4.8,900
Madhya Pradesh,pashupatinath-temple,"Pashupatinath Temple",spiritual,4.1,900
Madhya Pradesh,gatha-falls,"Gatha Falls",heritage,4.2,900
Madhya Pradesh,taj-mahal-palace,"Taj Mahal Palace",heritage,4.4,900
Madhya Pradesh,bateshwar-hindu-temples,"Bateshwar Hindu temples",spiritual,4.7,900
Madhya Pradesh,pench-tiger-reserve,"Pench Tiger Reserve",wildlife,4.7,2500
Madhya Pradesh,chanderi-fort,"Chanderi Fort",heritage,4.8,900
Madhya Pradesh,rajwada-palace,"Rajwada palace",heritage,4.6,900
Madhya Pradesh,bawangaja,"Bawangaja",spiritual,4.4,900
Madhya Pradesh,kakanmath-temple-sihoniya,"Kakanmath temple, Sihoniya",spiritual,4.8,900
Madhya Pradesh,shiva-temple-bhumara,"Shiva temple, Bhumara",spiritual,4.4,900
Madhya Pradesh,ratapani-tiger-reserve,"Ratapani Tiger Reserve",wildlife,4.5,2500
Madhya Pradesh,patalpani-waterfall,"Patalpani waterfall",heritage,4.2,900
Madhya Pradesh,aharji,"Aharji",spiritual,4.6,900
Madhya Pradesh,tigawa-temple,"Tigawa Temple",spiritual,4.7,900
Madhya Pradesh,gandhi-sagar-sanctuary,"Gandhi Sagar Sanctuary",wildlife,4.6,2500
Madhya Pradesh,kheoni-wildlife-sanctuary,"Kheoni Wildlife Sanctuary",wildlife,4.7,2500
Madhya Pradesh,gohad-fort,"Gohad Fort",heritage,4.6,900
Madhya Pradesh,sabalgarh-fort,"Sabalgarh Fort",heritage,4.3,900
Madhya Pradesh,jabalpur-madan-mahal,"Jabalpur Madan Mahal",heritage,4.1,900
Madhya Pradesh,bijasan-mata-mandir-indore,"Bijasan mata mandir indore",spiritual,4.3,900
Madhya Pradesh,national-chambal-sanctuary,"National Chambal Sanctuary",wildlife,4.6,2500
Madhya Pradesh,champavati-fort,"Champavati Fort",heritage,4.2,900
Madhya Pradesh,datia-palace,"Datia Palace",heritage,4.4,900
Madhya Pradesh,hindola-mahal,"Hindola Mahal",heritage,4.2,900
Madhya Pradesh,chaman-mahal,"Chaman Mahal",heritage,4.7,900
Madhya Pradesh,shri-kala-bhairava-nath-swami-temple,"Shri Kala Bhairava Nath Swami Temple",spiritual,4.5,900
Madhya Pradesh,sun-temple-madkhera,"Sun Temple, Madkhera",spiritual,4.6,900
Madhya Pradesh,nava-toran-temple,"Nava Toran Temple",spiritual,4.3,900
Madhya Pradesh,bagalamukhi-temple,"Bagalamukhi Temple",spiritual,4.2,900
Madhya Pradesh,ghatigaon-sanctuary,"Ghatigaon Sanctuary",wildlife,4.4,2500
Madhya Pradesh,deogarh-fort,"Deogarh Fort",heritage,4.4,900
Madhya Pradesh,kaliadeh-palace,"Kaliadeh Palace",heritage,4.3,900
Madhya Pradesh,hanumantal-bada-jain-mandir,"Hanumantal Bada Jain Mandir",spiritual,4.4,900
Madhya Pradesh,bajramath-temple-gyaraspur,"Bajramath Temple, Gyaraspur",spiritual,4.2,900
Madhya Pradesh,christ-church-dr-ambedkar-nagar,"Christ Church, Dr.Ambedkar Nagar",spiritual,4.2,900
Madhya Pradesh,siddhanath-temple-nemawar,"Siddhanath Temple, Nemawar",spiritual,4.4,900
Madhya Pradesh,unao-balaji-sun-temple,"Unao Balaji Sun Temple",spiritual,4.4,900
Madhya Pradesh,mohajmata-temple-terahi,"Mohajmata temple, Terahi",spiritual,4.4,900
Madhya Pradesh,dada-darbar,"Dada Darbar",spiritual,4.7,900
Madhya Pradesh,virateshwar-temple-sohagpur,"Virateshwar temple, Sohagpur",spiritual,4.6,900
Madhya Pradesh,adhyatma-niketan,"Adhyatma Niketan",heritage,4.2,900
Madhya Pradesh,ralamandal-wildlife-sanctuary,"Ralamandal Wildlife Sanctuary",wildlife,4.7,2500
Madhya Pradesh,ken-gharial-sanctuary,"Ken Gharial Sanctuary",wildlife,4.3,2500
Madhya Pradesh,veerangana-durgavati-wildlife-sanctuary,"Veerangana Durgavati Wildlife Sanctuary",wildlife,4.3,2500
Madhya Pradesh,son-gharial-wildlife-sanctuary,"Son Gharial Wildlife Sanctuary",wildlife,4.7,2500
Madhya Pradesh,dinosaur-fossils-national-park,"Dinosaur Fossils National Park",wildlife,4.3,2500
Madhya Pradesh,narsinghgarh-wildlife-sanctuary,"Narsinghgarh Wildlife Sanctuary",wildlife,4.8,2500
Madhya Pradesh,sardarpur-wildlife-sanctuary,"Sardarpur Wildlife Sanctuary",wildlife,4.4,2500
Madhya Pradesh,fellowship-of-the-pentecostal-churches-in-india,"Fellowship of the Pentecostal Churches in India",spiritual,4.4,900
Madhya Pradesh,gadarmal-devi-temple,"Gadarmal Devi temple",spiritual,4.7,900
Madhya Pradesh,neelkantha-nilkantheswar,"Neelkantha (Nilkantheswar)",spiritual,4.1,900
Madhya Pradesh,bhedaghat,"Bhedaghat",nature,4.8,2000
Madhya Pradesh,mandu,"Mandu (Mandav)",heritage,4.8,2000
Maharashtra,mumbai,"Mumbai",heritage,4.4,1500
Maharashtra,lonavala,"Lonavala",hill_station,4.3,1200
Maharashtra,mahabaleshwar,"Mahabaleshwar",hill_station,4.4,1300
Maharashtra,ajanta-ellora,"Ajanta & Ellora",heritage,4.7,1000
Maharashtra,matheran,"Matheran",hill_station,4.3,1300
Maharashtra,tarkarli,"Tarkarli",beach,4.4,1100
Maharashtra,kailasa-temple-ellora,"Kailasa Temple, Ellora",spiritual,4.5,900
Maharashtra,raigad-fort,"Raigad Fort",heritage,4.5,900
Maharashtra,bhimashankar-temple,"Bhimashankar Temple",spiritual,4.3,900
Maharashtra,sanjay-gandhi-national-park,"Sanjay Gandhi National Park",wildlife,4.7,2500
Maharashtra,shivneri-fort,"Shivneri Fort",heritage,4.6,900
Maharashtra,trimbakeshwar-shiva-temple,"Trimbakeshwar Shiva Temple",spiritual,4.6,900
Maharashtra,siddhivinayak-temple-mumbai,"Siddhivinayak Temple, Mumbai",spiritual,4.6,900
Maharashtra,aga-khan-palace,"Aga Khan Palace",heritage,4.3,900
Maharashtra,shaniwar-wada,"Shaniwar Wada",heritage,4.3,900
Maharashtra,murud-janjira,"Murud-Janjira",heritage,4.4,900
Maharashtra,hazur-sahib,"Hazur Sahib",heritage,4.4,900
Maharashtra,mumba-devi-temple,"Mumba Devi Temple",spiritual,4.8,900
Maharashtra,fort-vasai,"Fort Vasai",heritage,4.3,900
Maharashtra,rajgad-fort,"Rajgad Fort",heritage,4.5,900
Maharashtra,sindhudurg-fort,"Sindhudurg Fort",heritage,4.2,900
Maharashtra,vithoba-temple,"Vithoba Temple",spiritual,4.7,900
Maharashtra,mahalakshmi-temple,"Mahalakshmi Temple",spiritual,4.3,900
Maharashtra,chandoli-national-park,"Chandoli National Park",wildlife,4.1,2500
Maharashtra,khanderi-island,"Khānderi Island",heritage,4.6,900
Maharashtra,harishchandragad,"Harishchandragad",heritage,4.2,900
Maharashtra,lenyadri,"Lenyadri",spiritual,4.6,900
Maharashtra,ahmednagar-fort,"Ahmednagar Fort",heritage,4.7,900
Maharashtra,panhala-fort,"Panhala Fort",heritage,4.8,900
Maharashtra,morgaon-ganesha-temple,"Morgaon Ganesha Temple",spiritual,4.1,900
Maharashtra,nawegaon-national-park,"Nawegaon National Park",wildlife,4.6,2500
Maharashtra,sinhagad,"Sinhagad",heritage,4.3,900
Maharashtra,harihar-fort,"Harihar Fort",heritage,4.3,900
Maharashtra,daulatabad-fort,"Daulatabad Fort",heritage,4.1,900
Maharashtra,lohagad,"Lohagad",heritage,4.3,900
Maharashtra,pratapgad,"Pratapgad",heritage,4.5,900
Maharashtra,mount-mary-church,"Mount Mary Church",spiritual,4.5,900
Maharashtra,aksa-beach,"Aksa Beach",beach,4.5,1200
Maharashtra,arnala-fort,"Arnala Fort",heritage,4.7,900
Maharashtra,karnala-fort,"Karnala Fort",heritage,4.2,900
Maharashtra,torna-fort,"Torna Fort",heritage,4.2,900
Maharashtra,gawilghur-fort,"Gawilghur Fort",heritage,4.6,900
Maharashtra,kopeshwar-temple,"Kopeshwar temple",spiritual,4.6,900
Maharashtra,walkeshwar-temple,"Walkeshwar Temple",spiritual,4.3,900
Maharashtra,kalaram-temple,"Kalaram Temple",spiritual,4.2,900
Maharashtra,amboli,"Amboli",hill_station,4.4,1200
Maharashtra,belapur-fort,"Belapur Fort",heritage,4.3,900
Maharashtra,suvarnadurg-fort,"Suvarnadurg Fort",heritage,4.4,900
Maharashtra,dongri-fort,"Dongri Fort",heritage,4.7,900
Maharashtra,kolaba-fort,"Kolaba Fort",heritage,4.1,900
Maharashtra,vajreshwari-temple,"Vajreshwari Temple",spiritual,4.8,900
Maharashtra,karnala-bird-sanctuary,"Karnala Bird Sanctuary",wildlife,4.6,2500
Maharashtra,jijamata-udyaan,"Jijamata Udyaan",wildlife,4.7,2500
Maharashtra,rajiv-gandhi-zoological-park,"Rajiv Gandhi Zoological Park",wildlife,4.6,2500
Maharashtra,rajmachi-fort,"Rajmachi Fort",heritage,4.3,900
Maharashtra,alang-fort,"Alang Fort",heritage,4.1,900
Maharashtra,ajinkyatara-fort,"Ajinkyatara Fort",heritage,4.5,900
Maharashtra,riwa-fort,"Riwa Fort",heritage,4.3,900
Maharashtra,udgir-fort,"Udgir Fort",heritage,4.4,900
Maharashtra,purandar-fort,"Purandar Fort",heritage,4.5,900
Maharashtra,afghan-church,"Afghan Church",spiritual,4.8,900
Maharashtra,amruteshwar-temple,"Amruteshwar Temple",spiritual,4.4,900
Maharashtra,madh-fort,"Madh Fort",heritage,4.7,900
Maharashtra,naldurg-fort,"Naldurg Fort",heritage,4.4,900
Maharashtra,ghodbunder-fort,"Ghodbunder Fort",heritage,4.7,900
Maharashtra,akola-fort,"Akola Fort",heritage,4.4,900
Maharashtra,asheri-fort,"Asheri Fort",heritage,4.4,900
Maharashtra,kaldurg-fort,"Kaldurg Fort",heritage,4.1,900
Maharashtra,vijaydurg-fort,"Vijaydurg Fort",heritage,4.7,900
Maharashtra,st-patrick-s-cathedral-pune,"St. Patrick's Cathedral, Pune",heritage,4.2,900
Maharashtra,saptashrungi,"Saptashrungi",spiritual,4.4,900
Maharashtra,siddhivinayak-temple-siddhatek,"Siddhivinayak Temple, Siddhatek",spiritual,4.6,900
Maharashtra,bhimashankar-wildlife-sanctuary,"Bhimashankar Wildlife Sanctuary",wildlife,4.2,2500
Maharashtra,koyna-wildlife-sanctuary,"Koyna Wildlife Sanctuary",wildlife,4.1,2500
Maharashtra,phansad-wildlife-sanctuary,"Phansad Wildlife Sanctuary",wildlife,4.8,2500
Maharashtra,nandur-madhmeshwar-bird-sanctuary,"Nandur Madhmeshwar Bird Sanctuary",wildlife,4.5,2500
Maharashtra,dabhosa-waterfalls,"Dabhosa Waterfalls",heritage,4.4,900
Maharashtra,tikona,"Tikona",heritage,4.3,900
Maharashtra,laling-fort,"Laling Fort",heritage,4.5,900
Maharashtra,kavnai-fort,"Kavnai Fort",heritage,4.5,900
Maharashtra,ghosalegad-fort,"Ghosalegad Fort",heritage,4.4,900
Maharashtra,ballarpur-fort,"Ballarpur Fort",heritage,4.2,900
Maharashtra,jaigad-fort,"Jaigad Fort",heritage,4.3,900
Maharashtra,paranda-fort,"Paranda Fort",heritage,4.5,900
Maharashtra,achala-fort,"Achala Fort",heritage,4.4,900
Maharashtra,mahuli-fort,"Mahuli Fort",heritage,4.2,900
Maharashtra,prabalgad,"Prabalgad",heritage,4.2,900
Maharashtra,narnala-fort,"Narnala Fort",heritage,4.4,900
Maharashtra,korlai-fort,"Korlai Fort",heritage,4.5,900
Maharashtra,mangi-tungi,"Mangi-Tungi",spiritual,4.6,900
Maharashtra,shiv-mandir-ambarnath,"Shiv Mandir, Ambarnath",spiritual,4.6,900
Maharashtra,chaturshringi-temple,"Chaturshringi Temple",spiritual,4.6,900
Maharashtra,tulja-bhavani-temple,"Tulja Bhavani Temple",spiritual,4.8,900
Maharashtra,vigneshwara-temple-ozar,"Vigneshwara Temple, Ozar",spiritual,4.6,900
Maharashtra,yamai-temple,"Yamai Temple",spiritual,4.3,900
Maharashtra,bor-wildlife-sanctuary,"Bor Wildlife Sanctuary",wildlife,4.2,2500
Maharashtra,dugarwadi-waterfall,"Dugarwadi waterfall",heritage,4.6,900
Maharashtra,yawal-wildlife-sanctuary,"Yawal Wildlife Sanctuary",wildlife,4.4,2500
Maharashtra,pandavkada-falls,"Pandavkada Falls",heritage,4.6,900
Maharashtra,avchitgad,"Avchitgad",heritage,4.5,900
Maharashtra,kandhar-fort,"Kandhar Fort",heritage,4.6,900
Maharashtra,antur-fort,"Antur Fort",heritage,4.2,900
Maharashtra,ankai-fort,"Ankai Fort",heritage,4.6,900
Maharashtra,ghangad,"Ghangad",heritage,4.2,900
Maharashtra,hadsar,"Hadsar",heritage,4.4,900
Maharashtra,dhodap-fort,"Dhodap Fort",heritage,4.4,900
Maharashtra,kamalgad,"Kamalgad",heritage,4.2,900
Maharashtra,malanggad,"Malanggad",heritage,4.2,900
Maharashtra,sajjangad,"Sajjangad",heritage,4.7,900
Maharashtra,indrai-fort,"Indrai Fort",heritage,4.3,900
Maharashtra,kamandurg,"Kamandurg",heritage,4.7,900
Maharashtra,malegaon-fort,"Malegaon Fort",heritage,4.7,900
Maharashtra,anjanvel-fort,"Anjanvel Fort",heritage,4.6,900
Maharashtra,bankot-fort,"Bankot Fort",heritage,4.5,900
Maharashtra,akluj-fort,"Akluj Fort",heritage,4.7,900
Maharashtra,mahur-fort,"Mahur Fort",heritage,4.7,900
Maharashtra,jivdhan,"Jivdhan",heritage,4.4,900
Maharashtra,kothaligad,"Kothaligad",heritage,4.7,900
Maharashtra,tung-fort,"Tung Fort",heritage,4.5,900
Maharashtra,irshalgad,"Irshalgad",heritage,4.2,900
Maharashtra,talagad,"Talagad",heritage,4.1,900
Maharashtra,galna-fort,"Galna Fort",heritage,4.5,900
Maharashtra,siddheshwar-temple-solapur,"Siddheshwar Temple, Solapur",spiritual,4.8,900
Maharashtra,chintamani-temple-theur,"Chintamani Temple, Theur",spiritual,4.7,900
Maharashtra,shri-dev-rameshwar-temple,"Shri Dev Rameshwar Temple",spiritual,4.6,900
Maharashtra,mahalakshmi-temple-dahanu,"Mahalakshmi Temple, Dahanu",spiritual,4.6,900
Maharashtra,shri-vaijnath-temple,"Shri Vaijnath Temple",spiritual,4.2,900
Maharashtra,khandoba-temple-jejuri,"Khandoba Temple, Jejuri",spiritual,4.6,900
Maharashtra,aundha-nagnath-temple,"Aundha Nagnath Temple",spiritual,4.7,900
Maharashtra,mayureshwar-wildlife-sanctuary,"Mayureshwar Wildlife Sanctuary",wildlife,4.2,2500
Maharashtra,sahasrakund-waterfall,"Sahasrakund Waterfall",heritage,4.2,900
Maharashtra,hazara-falls,"Hazara Falls",heritage,4.7,900
Maharashtra,devkund-waterfall,"Devkund Waterfall",heritage,4.5,900
Maharashtra,kanchana-fort,"Kanchana Fort",heritage,4.7,900
Maharashtra,korigad,"Korigad",heritage,4.6,900
Maharashtra,fort-mangad,"Fort Mangad",heritage,4.5,900
Maharashtra,hatgadh-fort,"Hatgadh Fort",heritage,4.2,900
Maharashtra,birwadi-fort,"Birwadi Fort",heritage,4.5,900
Maharashtra,kankrala,"Kankrala",heritage,4.2,900
Maharashtra,dronagiri-fort,"Dronagiri Fort द्रौणपुर रियासत",heritage,4.6,900
Maharashtra,mora-fort,"Mora fort",heritage,4.6,900
Maharashtra,bhaskargad,"Bhaskargad",heritage,4.5,900
Maharashtra,bhushangad,"Bhushangad",heritage,4.3,900
Maharashtra,shirgaon-fort,"Shirgaon Fort",heritage,4.7,900
Maharashtra,dategad,"Dategad",heritage,4.8,900
Maharashtra,kelve-fort,"Kelve Fort",heritage,4.1,900
Maharashtra,gorakhgad,"Gorakhgad",heritage,4.1,900
Maharashtra,chandwad-fort,"Chandwad Fort",heritage,4.2,900
Maharashtra,ahivant-fort,"Ahivant Fort",heritage,4.2,900
Maharashtra,avandha-fort,"Avandha Fort",heritage,4.2,900
Maharashtra,bharatgad,"Bharatgad",heritage,4.2,900
Maharashtra,bahadur-fort,"Bahadur Fort",heritage,4.2,900
Maharashtra,devgad-fort,"Devgad Fort",heritage,4.5,900
Maharashtra,kohoj,"Kohoj",heritage,4.5,900
Maharashtra,gambhirgad,"Gambhirgad",heritage,4.7,900
Maharashtra,dativare-fort,"Dativare Fort",heritage,4.3,900
Maharashtra,bhavangad-fort,"Bhavangad Fort",heritage,4.3,900
Maharashtra,manikgad,"Manikgad",heritage,4.8,900
Maharashtra,yeshwantgad,"Yeshwantgad",heritage,4.5,900
Maharashtra,balapur-fort,"Balapur Fort",heritage,4.2,900
Maharashtra,padmadurg,"Padmadurg",heritage,4.2,900
Maharashtra,st-john-the-baptist-church-mumbai,"St. John the Baptist Church, Mumbai",spiritual,4.6,900
Maharashtra,markanda-group-of-temples-gadchiroli,"Markanda Group of Temples, Gadchiroli",spiritual,4.7,900
Maharashtra,baneshwar-temple-nasrapur,"Baneshwar temple, Nasrapur",spiritual,4.2,900
Maharashtra,dashabhuja-temple,"Dashabhuja Temple",spiritual,4.3,900
Maharashtra,mandhardevi-kalubai-temple,"Mandhardevi Kalubai temple",spiritual,4.5,900
Maharashtra,shri-kaleshwar-mandir,"Shri Kaleshwar Mandir",spiritual,4.3,900
Maharashtra,siddhivinayak-mahaganapati-temple,"Siddhivinayak Mahaganapati Temple",spiritual,4.2,900
Maharashtra,gondeshwar-temple,"Gondeshwar Temple",spiritual,4.7,900
Maharashtra,trivikrama-temple,"Trivikrama Temple",spiritual,4.7,900
Maharashtra,balaji-mandir-ketkawla,"Balaji Mandir Ketkawla",spiritual,4.4,900
Maharashtra,gajpanth,"Gajpanth",spiritual,4.4,900
Maharashtra,great-indian-bustard-sanctuary,"Great Indian Bustard Sanctuary",wildlife,4.2,2500
Maharashtra,sagareshwar-wildlife-sanctuary,"Sagareshwar Wildlife Sanctuary",wildlife,4.3,2500
Maharashtra,vajrai-waterfall,"Vajrai Waterfall",heritage,4.6,900
Maharashtra,nagzira-wildlife-sanctuary,"Nagzira Wildlife Sanctuary",wildlife,4.7,2500
Maharashtra,aner-dam-wildlife-sanctuary,"Aner Dam Wildlife Sanctuary",wildlife,4.6,2500
Maharashtra,tansa-wildlife-sanctuary,"Tansa Wildlife Sanctuary",wildlife,4.7,2500
Maharashtra,ghodazari-wildlife-sanctuary,"Ghodazari Wildlife Sanctuary",wildlife,4.4,2500
Maharashtra,umred-karhandla-wildlife-sanctuary,"Umred Karhandla Wildlife Sanctuary",wildlife,4.7,2500
Maharashtra,maharajbagh-zoo,"Maharajbagh zoo",wildlife,4.4,2500
Maharashtra,kalamb-beach,"Kalamb Beach",beach,4.1,1200
Maharashtra,kirkee-war-cemetery,"Kirkee War Cemetery",heritage,4.4,900
Maharashtra,rangana-fort,"Rangana Fort",heritage,4.4,900
Maharashtra,rohida-fort,"Rohida Fort",heritage,4.6,900
Maharashtra,sagargad,"Sagargad",heritage,4.4,900
Maharashtra,surgad,"Surgad",heritage,4.1,900
Maharashtra,mrugagad,"Mrugagad",heritage,4.4,900
Maharashtra,tandulwadi-fort,"Tandulwadi Fort",heritage,4.3,900
Maharashtra,jangali-jayagad,"Jangali Jayagad",heritage,4.5,900
Maharashtra,mahipatgad,"Mahipatgad",heritage,4.4,900
Maharashtra,rasalgad,"Rasalgad",heritage,4.7,900
Maharashtra,nhavigad,"Nhavigad",heritage,4.1,900
Maharashtra,chandan-fort,"Chandan Fort",heritage,4.7,900
Maharashtra,salota-fort,"Salota fort",heritage,4.4,900
Maharashtra,vairagad-fort,"Vairagad Fort",heritage,4.2,900
Maharashtra,indori-fort,"Indori Fort",heritage,4.6,900
Maharashtra,gowalkot,"Gowalkot",heritage,4.3,900
Maharashtra,mangalgad,"Mangalgad",heritage,4.7,900
Maharashtra,vasota-fort,"Vasota Fort",heritage,4.4,900
Maharashtra,bitangad,"Bitangad",heritage,4.4,900
Maharashtra,vairatgad-fort,"Vairatgad Fort",heritage,4.3,900
Maharashtra,patta-fort,"Patta Fort",heritage,4.6,900
Maharashtra,kalyangad,"Kalyangad",heritage,4.4,900
Maharashtra,purnagad-fort,"Purnagad Fort",heritage,4.1,900
Maharashtra,vardhangad-fort,"Vardhangad Fort",heritage,4.2,900
Maharashtra,yashwantgad-fort,"Yashwantgad Fort",heritage,4.3,900
Maharashtra,kunjargad,"Kunjargad",heritage,4.5,900
Maharashtra,ghargad,"Ghargad",heritage,4.3,900
Maharashtra,tringalwadi,"Tringalwadi",heritage,4.2,900
Maharashtra,rajdher-fort,"Rajdher fort",heritage,4.3,900
Maharashtra,pisola-fort,"Pisola fort",heritage,4.2,900
Maharashtra,narayangad,"Narayangad",heritage,4.2,900
Maharashtra,chandragad,"Chandragad",heritage,4.3,900
Maharashtra,vikatgad,"Vikatgad",heritage,4.6,900
Maharashtra,kurdugad,"Kurdugad",heritage,4.5,900
Maharashtra,chavand,"Chavand",heritage,4.2,900
Maharashtra,bhorgiri-fort,"Bhorgiri Fort",heritage,4.4,900
Maharashtra,malhargad,"Malhargad",heritage,4.5,900
Maharashtra,sandor,"Sandor",spiritual,4.3,900
Maharashtra,gurdwara-guru-nanak-punjabi-sabha-chakala,"Gurdwara Guru Nanak Punjabi Sabha Chakala",heritage,4.3,900
Maharashtra,siddhanath-temple-mhaswad,"Siddhanath Temple, Mhaswad",spiritual,4.2,900
Maharashtra,wagheshwari-temple,"Wagheshwari Temple",spiritual,4.2,900
Maharashtra,madhe-ghat,"Madhe Ghat",spiritual,4.3,900
Maharashtra,gautala-autramghat-sanctuary,"Gautala Autramghat Sanctuary",wildlife,4.5,2500
Maharashtra,banoti-waterfall,"Banoti waterfall",heritage,4.1,900
Maharashtra,kalsubai-harishchandragad-wildlife-sanctuary,"Kalsubai Harishchandragad Wildlife Sanctuary",wildlife,4.3,2500
Maharashtra,lonar-wildlife-sanctuary,"Lonar Wildlife Sanctuary",wildlife,4.3,2500
Maharashtra,karanja-sohol-wildlife-sanctuary,"Karanja Sohol Wildlife Sanctuary",wildlife,4.8,2500
Maharashtra,gagangad,"Gagangad",heritage,4.2,900
Maharashtra,mohangad,"Mohangad",heritage,4.5,900
Maharashtra,konkan-diva-fort,"Konkan Diva Fort",heritage,4.3,900
Maharashtra,pandavgad,"Pandavgad",heritage,4.4,900
Maharashtra,pabargad,"Pabargad",heritage,4.1,900
Maharashtra,mansantoshgad,"Mansantoshgad",heritage,4.6,900
Maharashtra,santoshgad,"Santoshgad",heritage,4.3,900
Maharashtra,samangad,"Samangad",heritage,4.5,900
Maharashtra,prachitgad,"Prachitgad",heritage,4.1,900
Maharashtra,machindragad,"Machindragad",heritage,4.1,900
Maharashtra,suamargad,"Suamargad",heritage,4.6,900
Maharashtra,javlya-fort,"Javlya Fort",heritage,4.6,900
Maharashtra,tungi-fort,"Tungi fort",heritage,4.7,900
Maharashtra,shantinatha-temple-ramtek,"Shantinatha temple, Ramtek",spiritual,4.2,900
Maharashtra,dhandai-devi,"Dhandai Devi",spiritual,4.6,900
Maharashtra,sacred-heart-church-santacruz,"Sacred Heart Church, Santacruz",spiritual,4.5,900
Maharashtra,holy-trinity-church-powai,"Holy Trinity Church, Powai",spiritual,4.5,900
Maharashtra,patnadevi,"Patnadevi",spiritual,4.8,900
Maharashtra,shree-dev-vyadeshar,"Shree Dev Vyadeshar",spiritual,4.3,900
Maharashtra,kankaleshwar-temple,"Kankaleshwar Temple",spiritual,4.5,900
Maharashtra,birla-mandir-shahad,"Birla Mandir, Shahad",spiritual,4.3,900
Maharashtra,siddheshwar-and-ratneshwar-temple,"Siddheshwar & Ratneshwar Temple",spiritual,4.7,900
Maharashtra,dnyanganga-wildlife-sanctuary,"Dnyanganga Wildlife Sanctuary",wildlife,4.1,2500
Maharashtra,wan-wildlife-sanctuary,"Wan Wildlife Sanctuary",wildlife,4.3,2500
Maharashtra,kidzania-mumbai,"KidZania Mumbai",heritage,4.3,900
Maharashtra,mahipalgad,"Mahipalgad",heritage,4.7,900
Maharashtra,mohandar-fort,"Mohandar fort",heritage,4.4,900
Maharashtra,mandangad-fort,"Mandangad fort",heritage,4.8,900
Maharashtra,makrandgad,"Makrandgad",heritage,4.5,900
Maharashtra,st-joseph-s-church-juhu,"St. Joseph's Church, Juhu",spiritual,4.7,900
Maharashtra,our-lady-of-immaculate-conception-church-mt-poinsur,"Our Lady of Immaculate Conception Church, Mt. Poinsur",spiritual,4.3,900
Maharashtra,gajanan-maharaj-temple-kanhor,"Gajanan Maharaj Temple, Kanhor",spiritual,4.4,900
Maharashtra,khidkaleshwar-mandir,"Khidkaleshwar Mandir",spiritual,4.6,900
Maharashtra,revansiddha-temple,"Revansiddha Temple",spiritual,4.2,900
Maharashtra,sidhhanath-temple-kharsundi,"Sidhhanath Temple, Kharsundi",spiritual,4.2,900
Maharashtra,bhawani-waghjai-temple-terav,"Bhawani Waghjai Temple, Terav",spiritual,4.7,900
Maharashtra,ganpati-temple,"Ganpati Temple",spiritual,4.3,900
Maharashtra,vithal-dayaji-temple-sulewadi,"Vithal Dayaji Temple, Sulewadi",spiritual,4.8,900
Maharashtra,sri-sai-janmasthan-temple-pathri,"Sri Sai Janmasthan Temple, Pathri",spiritual,4.5,900
Maharashtra,mudhai-devi-temple,"Mudhai Devi temple",spiritual,4.4,900
Maharashtra,lonar-crater,"Lonar Crater Lake",nature,4.7,1800
Maharashtra,tamhini-ghat,"Tamhini Ghat",nature,4.8,2200
Manipur,keibul-lamjao-national-park,"Keibul Lamjao National Park",wildlife,4.5,2500
Manipur,kangla-fort,"Kangla Fort",heritage,4.3,900
Manipur,shirui-national-park,"Shirui National Park",wildlife,4.7,2500
Manipur,sanamahi-lainingkol,"Sanamahi Lainingkol",spiritual,4.5,900
Manipur,st-joseph-s-cathedral-imphal,"St. Joseph's Cathedral, Imphal",heritage,4.8,900
Manipur,yangoupokpi-lokchao-wildlife-sanctuary,"Yangoupokpi-Lokchao Wildlife Sanctuary",wildlife,4.6,2500
Manipur,bihu-loukon,"Bihu Loukon",heritage,4.2,900
Manipur,menjor-multipurpose-research-centre-and-unity-park,"Menjor Multipurpose Research Centre and Unity Park",wildlife,4.3,2500
Manipur,loktak-lake,"Loktak Lake",nature,4.9,2400
Meghalaya,shillong,"Shillong",hill_station,4.5,1300
Meghalaya,cherrapunji,"Cherrapunji",hill_station,4.5,1300
Meghalaya,nohsngithiang-falls,"Nohsngithiang Falls",heritage,4.5,900
Meghalaya,nohkalikai-falls,"Nohkalikai Falls",heritage,4.8,900
Meghalaya,langshiang-falls,"Langshiang Falls",heritage,4.7,900
Meghalaya,kynrem-falls,"Kynrem Falls",heritage,4.6,900
Meghalaya,wah-kaba-falls,"Wah Kaba Falls",heritage,4.2,900
Meghalaya,nartiang-durga-temple,"Nartiang Durga Temple",spiritual,4.4,900
Meghalaya,baghmara-pitcher-plant-wildlife-sanctuary,"Baghmara Pitcher Plant Wildlife Sanctuary",wildlife,4.2,2500
Meghalaya,dawki,"Dawki",nature,4.8,2000
Meghalaya,mawlynnong,"Mawlynnong",nature,4.8,1800
Mizoram,vantawng-falls,"Vantawng Falls",heritage,4.5,900
Mizoram,phawngpui-national-park,"Phawngpui National Park",wildlife,4.5,2500
Mizoram,lengteng-wildlife-sanctuary,"Lengteng Wildlife Sanctuary",wildlife,4.7,2500
Mizoram,solomon-s-temple-aizawl-mizoram-india,"Solomon's Temple, Aizawl Mizoram, India",spiritual,4.6,900
Mizoram,pualreng-wildlife-sanctuary,"Pualreng Wildlife Sanctuary",wildlife,4.6,2500
Mizoram,tokalo-wildlife-sanctuary,"Tokalo Wildlife Sanctuary",wildlife,4.3,2500
Nagaland,kohima,"Kohima",hill_station,4.4,1400
Nagaland,ntangki-national-park,"Ntangki National Park",wildlife,4.4,2500
Nagaland,dimapur-kalibari,"Dimapur Kalibari",spiritual,4.2,900
Nagaland,nagaland-zoological-park,"Nagaland Zoological Park",wildlife,4.2,2500
Nagaland,jain-temple-kohima,"Jain Temple Kohima",spiritual,4.3,900
Nagaland,sumi-baptist-church,"Sumi Baptist Church",spiritual,4.6,900
Nagaland,pulie-badze-wildlife-sanctuary,"Pulie Badze Wildlife Sanctuary",wildlife,4.5,2500
Nagaland,sanctuary-falls,"Sanctuary Falls",wildlife,4.8,2500
Nagaland,fakim-wildlife-sanctuary,"Fakim Wildlife Sanctuary",wildlife,4.1,2500
Odisha,puri,"Puri",spiritual,4.5,900
Odisha,konark,"Konark",heritage,4.6,900
Odisha,bhubaneswar,"Bhubaneswar",heritage,4.4,1000
Odisha,lingaraja-temple,"Lingaraja Temple",spiritual,4.3,900
Odisha,bhitarkanika-national-park,"Bhitarkanika National Park",wildlife,4.7,2500
Odisha,udayagiri-and-khandagiri-caves,"Udayagiri and Khandagiri Caves",spiritual,4.3,900
Odisha,chausath-yogini-temple-hirapur,"Chausath Yogini Temple, Hirapur",spiritual,4.7,900
Odisha,barehipani-falls,"Barehipani Falls",heritage,4.5,900
Odisha,sanaghagara-waterfall,"Sanaghagara Waterfall",heritage,4.8,900
Odisha,talasari-beach,"Talasari beach",beach,4.6,1200
Odisha,tara-tarini-temple,"Tara Tarini Temple",spiritual,4.5,900
Odisha,alarnatha-temple,"Alarnatha Temple",spiritual,4.8,900
Odisha,chandaka-elephant-sanctuary,"Chandaka Elephant Sanctuary",wildlife,4.6,2500
Odisha,barabati-fort,"Barabati Fort",heritage,4.4,900
Odisha,jagannath-temple-koraput,"Jagannath Temple, Koraput",spiritual,4.3,900
Odisha,biraja-temple,"Biraja Temple",spiritual,4.2,900
Odisha,chandrasekhara-mahadeva-temple,"Chandrasekhara Mahadeva Temple",spiritual,4.3,900
Odisha,khirachora-gopinatha-temple,"Khirachora Gopinatha Temple",spiritual,4.2,900
Odisha,kichakeshwari-temple,"Kichakeshwari Temple",spiritual,4.6,900
Odisha,raibania-fort,"Raibania Fort",heritage,4.8,900
Odisha,maa-tarini-temple-ghatgaon,"Maa Tarini Temple, Ghatgaon",spiritual,4.7,900
Odisha,bhattarika-temple,"Bhattarika Temple",spiritual,4.1,900
Odisha,varahi-deula,"Varahi Deula",spiritual,4.4,900
Odisha,harishankar-temple,"Harishankar Temple",spiritual,4.2,900
Odisha,nilamadhav-temple,"Nilamadhav Temple",spiritual,4.5,900
Odisha,gandhi-temple-bhatara,"Gandhi Temple, Bhatara",spiritual,4.4,900
Odisha,satkosia-tiger-reserve,"Satkosia Tiger Reserve",wildlife,4.7,2500
Odisha,sarala-temple,"Sarala Temple",spiritual,4.6,900
Odisha,sacred-heart-cathedral-rourkela,"Sacred Heart Cathedral, Rourkela",spiritual,4.3,900
Odisha,shri-shri-hari-baladev-jew-bije-baripada,"Shri Shri Hari Baladev Jew Bije, Baripada",spiritual,4.4,900
Odisha,majhighariani-temple,"Majhighariani Temple",spiritual,4.6,900
Odisha,biranchinarayan-temple-buguda,"Biranchinarayan Temple, Buguda",spiritual,4.3,900
Odisha,kakatpur-mangala-temple,"Kakatpur Mangala Temple",spiritual,4.2,900
Odisha,baladevjew-temple,"Baladevjew Temple",spiritual,4.3,900
Odisha,odogaon-raghunath-temple,"Odogaon Raghunath Temple",spiritual,4.2,900
Odisha,nalbana-bird-sanctuary,"Nalbana Bird Sanctuary",wildlife,4.3,2500
Odisha,chandrabhaga-beach,"Chandrabhaga beach",beach,4.6,1200
Odisha,gajlaxmi-palace,"Gajlaxmi palace",heritage,4.7,900
Odisha,kanika-palace,"Kanika Palace",heritage,4.2,900
Odisha,manikeshwari-temple,"Manikeshwari Temple",spiritual,4.3,900
Odisha,marichi-temple,"Marichi Temple",spiritual,4.6,900
Odisha,dishisvara-siva-temple,"Dishisvara Siva Temple",spiritual,4.4,900
Odisha,ghanteswari-temple,"Ghanteswari Temple",spiritual,4.4,900
Odisha,leaning-temple-of-huma,"Leaning Temple of Huma",spiritual,4.5,900
Odisha,nilakantheswar-temple,"Nilakantheswar Temple",spiritual,4.7,900
Odisha,laxminarayan-temple-therubali,"Laxminarayan temple, Therubali",spiritual,4.5,900
Odisha,akhandalamani-temple,"Akhandalamani Temple",spiritual,4.7,900
Odisha,sakhigopal-temple,"Sakhigopal Temple",spiritual,4.3,900
Odisha,lokanatha-temple,"Lokanatha Temple",spiritual,4.5,900
Odisha,varahanatha-temple,"Varahanatha Temple",spiritual,4.2,900
Odisha,jagannath-temple-gunupur,"Jagannath Temple, Gunupur",spiritual,4.7,900
Odisha,kapilasa-wildlife-sanctuary,"Kapilasa Wildlife Sanctuary",wildlife,4.2,2500
Odisha,lakhari-valley-wildlife-sanctuary,"Lakhari Valley Wildlife Sanctuary",wildlife,4.5,2500
Odisha,gandahati-waterfall,"Gandahati Waterfall",heritage,4.6,900
Odisha,asurgarh,"Asurgarh",heritage,4.6,900
Odisha,konark-beach,"Konark Beach",beach,4.3,1200
Odisha,dhabaleswar,"Dhabaleswar",spiritual,4.2,900
Odisha,kalijai,"Kalijai",spiritual,4.2,900
Odisha,khajuresvara-temple-complex,"Khajuresvara temple complex",spiritual,4.4,900
Odisha,ghanteswara-siva-temple,"Ghanteswara Siva Temple",spiritual,4.5,900
Odisha,buddhanath-temple,"Buddhanath Temple",spiritual,4.3,900
Odisha,brahmani-temple,"Brahmani temple",spiritual,4.3,900
Odisha,chari-sambhu-temple,"Chari sambhu temple",spiritual,4.7,900
Odisha,maa-baulasuni-temple,"Maa Baulasuni Temple",spiritual,4.5,900
Odisha,maa-samleswari-temple,"Maa Samleswari Temple",spiritual,4.6,900
Odisha,siddha-bhairavi,"Siddha Bhairavi",spiritual,4.2,900
Odisha,bhadrakali-temple,"Bhadrakali Temple",spiritual,4.5,900
Odisha,lakhmi-varaha-temple,"Lakhmi Varaha Temple",spiritual,4.6,900
Odisha,kukutesvara-siva-temple,"Kukutesvara Siva Temple",spiritual,4.1,900
Odisha,lakhesvara-siva-temple,"Lakhesvara Siva temple",spiritual,4.4,900
Odisha,subai-jain-temples,"Subai Jain temples",spiritual,4.1,900
Odisha,baneswara-temple-balasore,"Baneswara Temple, Balasore",spiritual,4.7,900
Odisha,nrusinghanath-temple,"Nrusinghanath Temple",spiritual,4.3,900
Odisha,ladoo-baba-temple,"Ladoo Baba Temple",spiritual,4.6,900
Odisha,hadgarh-wildlife-sanctuary,"Hadgarh Wildlife Sanctuary",wildlife,4.3,2500
Odisha,gajapati-palace,"Gajapati Palace",heritage,4.3,900
Odisha,sekhareswar-temple,"Sekhareswar Temple",spiritual,4.7,900
Odisha,maa-jhanjiri-mangala-temple,"Maa Jhanjiri Mangala Temple",spiritual,4.3,900
Odisha,jagannath-temple-angul,"Jagannath Temple, Angul",spiritual,4.2,900
Odisha,jagannath-temple-nayagarh,"Jagannath Temple, Nayagarh",spiritual,4.6,900
Odisha,daringbadi,"Daringbadi",hillstation,4.6,2000
Puducherry,pondicherry,"Pondicherry",beach,4.5,1200
Puducherry,tirunallar-saniswaran-temple,"Tirunallar Saniswaran Temple",spiritual,4.2,900
Puducherry,vadukeeswarar-temple,"Vadukeeswarar temple",spiritual,4.5,900
Puducherry,promenade-beach,"Promenade Beach",beach,4.4,1200
Puducherry,our-lady-of-lourdes-shrine,"Our Lady of Lourdes Shrine",spiritual,4.2,900
Puducherry,karaikal-ammayar-temple,"Karaikal Ammayar Temple",spiritual,4.2,900
Puducherry,oussudu-bird-sanctuary,"Oussudu Bird Sanctuary",wildlife,4.3,2500
Punjab,harmandir-sahib,"Harmandir Sahib",heritage,4.3,900
Punjab,qila-mubarak,"Qila Mubarak",heritage,4.2,900
Punjab,qila-mubarak-patiala,"Qila Mubarak, Patiala",heritage,4.5,900
Punjab,takht-sri-damdama-sahib,"Takht Sri Damdama Sahib",heritage,4.6,900
Punjab,gurdwara-fatehgarh-sahib,"Gurdwara Fatehgarh Sahib",heritage,4.5,900
Punjab,gurdwara-sri-tarn-taran-sahib,"Gurdwara Sri Tarn Taran Sahib",heritage,4.5,900
Punjab,ram-teerath,"Ram Teerath",spiritual,4.4,900
Punjab,shri-devi-talab-mandir,"Shri Devi Talab Mandir",spiritual,4.1,900
Punjab,manauli-fort,"Manauli Fort",heritage,4.1,900
Punjab,gurdwara-manji-sahib,"Gurdwara Manji Sahib",heritage,4.7,900
Punjab,st-mary-s-cathedral-jalandhar,"St. Mary's Cathedral, Jalandhar",heritage,4.4,900
Punjab,mughal-serai,"Mughal Serai",heritage,4.1,900
Punjab,gurdwara-karamsar-rara-sahib,"Gurdwara Karamsar Rara Sahib",heritage,4.3,900
Punjab,gurudwara-naulakha-sahib,"Gurudwara Naulakha Sahib",spiritual,4.5,900
Punjab,phillaur-fort,"Phillaur Fort",heritage,4.7,900
Punjab,gurudwara-guptsar-sahib,"Gurudwara Guptsar Sahib",spiritual,4.3,900
Punjab,mukteshwar-temple-punjab,"Mukteshwar Temple, Punjab",spiritual,4.6,900
Punjab,gurdwara-sri-ber-sahib,"Gurdwara Sri Ber Sahib",heritage,4.7,900
Punjab,gurdwara-patalpuri-sahib,"Gurdwara Patalpuri Sahib",heritage,4.5,900
Punjab,gurdwara-baba-bakala-sahib,"Gurdwara Baba Bakala Sahib",heritage,4.1,900
Punjab,shanaleshwara-swayambhu-temple,"Shanaleshwara Swayambhu Temple",spiritual,4.2,900
Punjab,nangal-wildlife-sanctuary,"Nangal Wildlife Sanctuary",wildlife,4.4,2500
Punjab,addhi-khuyi,"Addhi Khuyi",heritage,4.6,900
Punjab,keshgarh-qila,"Keshgarh Qila",heritage,4.7,900
Punjab,sainik-school-kapurthala,"Sainik School, Kapurthala",heritage,4.6,900
Punjab,gurdwara-jyoti-sarup,"Gurdwara Jyoti Sarup",heritage,4.3,900
Punjab,gurdwara-jand-sahib,"Gurdwara Jand Sahib",heritage,4.2,900
Punjab,bir-aishvan-wildlife-sanctuary,"Bir Aishvan Wildlife Sanctuary",wildlife,4.5,2500
Punjab,bir-bunerheri-wildlife-sanctuary,"Bir Bunerheri Wildlife Sanctuary",wildlife,4.4,2500
Punjab,bajwara-fort,"Bajwara Fort",heritage,4.3,900
Punjab,qila-mubarak-faridkot,"Qila Mubarak, Faridkot",heritage,4.2,900
Rajasthan,udaipur,"Udaipur",heritage,4.7,400
Rajasthan,jaisalmer,"Jaisalmer",heritage,4.6,500
Rajasthan,jaipur,"Jaipur",heritage,4.6,900
Rajasthan,jodhpur,"Jodhpur",heritage,4.6,900
Rajasthan,pushkar,"Pushkar",spiritual,4.4,900
Rajasthan,mount-abu,"Mount Abu",hill_station,4.4,1000
Rajasthan,ranthambore,"Ranthambore",wildlife,4.6,2500
Rajasthan,bikaner,"Bikaner",heritage,4.3,900
Rajasthan,neemrana,"Neemrana",heritage,4.8,3800
Rajasthan,hawa-mahal,"Hawa Mahal",heritage,4.7,900
Rajasthan,kevladev-national-park,"Kevladev National Park",wildlife,4.2,2500
Rajasthan,hill-forts-of-rajasthan,"Hill Forts of Rajasthan",heritage,4.5,900
Rajasthan,amber-fort,"Amber Fort",heritage,4.8,900
Rajasthan,kumbhalgarh,"Kumbhalgarh",heritage,4.2,900
Rajasthan,mehrangarh-fort,"Mehrangarh Fort",heritage,4.3,900
Rajasthan,ranthambore-fort,"Ranthambore Fort",heritage,4.4,900
Rajasthan,lake-palace,"Lake Palace",heritage,4.4,900
Rajasthan,jal-mahal,"Jal Mahal",heritage,4.6,900
Rajasthan,gagron-fort,"Gagron Fort",heritage,4.3,900
Rajasthan,karni-mata-temple,"Karni Mata Temple",spiritual,4.2,900
Rajasthan,sariska-tiger-reserve,"Sariska Tiger Reserve",wildlife,4.8,2500
Rajasthan,bhangarh-fort,"Bhangarh Fort",heritage,4.7,900
Rajasthan,rishabhdeo,"Rishabhdeo",spiritual,4.2,900
Rajasthan,om-banna,"Om Banna",spiritual,4.4,900
Rajasthan,monsoon-palace,"Monsoon Palace",heritage,4.7,900
Rajasthan,taragarh-fort,"Taragarh Fort",heritage,4.3,900
Rajasthan,ranakpur-jain-temple,"Ranakpur Jain Temple",spiritual,4.6,900
Rajasthan,lohagarh-fort,"Lohagarh Fort",heritage,4.6,900
Rajasthan,birla-mandir,"Birla Mandir",heritage,4.4,900
Rajasthan,galtaji,"Galtaji",spiritual,4.2,900
Rajasthan,harshnath-temple,"Harshnath Temple",spiritual,4.3,900
Rajasthan,sita-mata-wildlife-sanctuary,"Sita Mata Wildlife Sanctuary",wildlife,4.6,2500
Rajasthan,nakoda,"Nakoda",spiritual,4.7,900
Rajasthan,kiradu-temples,"Kiradu temples",spiritual,4.4,900
Rajasthan,sahastra-bahu-temples,"Sahastra Bahu Temples",spiritual,4.2,900
Rajasthan,binnayaga-caves,"Binnayaga caves",spiritual,4.5,900
Rajasthan,bhatner-fort,"Bhatner Fort",heritage,4.2,900
Rajasthan,shrinathji-temple,"Shrinathji Temple",spiritual,4.7,900
Rajasthan,harshat-mata-temple,"Harshat Mata Temple",spiritual,4.8,900
Rajasthan,bisaldeo-temple,"Bisaldeo temple",spiritual,4.5,900
Rajasthan,bhand-deva-temple,"Bhand Deva Temple",spiritual,4.5,900
Rajasthan,hill-fort-kesroli,"Hill Fort Kesroli",heritage,4.3,900
Rajasthan,deeg-palace,"Deeg Palace",heritage,4.4,900
Rajasthan,baroli-temple-complex,"Baroli Temple Complex",spiritual,4.2,900
Rajasthan,mehandipur-balaji-temple,"Mehandipur Balaji Temple",spiritual,4.7,900
Rajasthan,madan-mohan-temple,"Madan Mohan Temple",spiritual,4.7,900
Rajasthan,tal-chhapar-sanctuary,"Tal Chhapar Sanctuary",wildlife,4.5,2500
Rajasthan,fort-madhogarh,"Fort Madhogarh",heritage,4.8,900
Rajasthan,alwar-fort,"Alwar Fort",heritage,4.6,900
Rajasthan,jagannath-temple,"Jagannath Temple",spiritual,4.7,900
Rajasthan,jirawala-tirth,"Jirawala Tirth",spiritual,4.8,900
Rajasthan,sundha-mata-temple,"Sundha Mata Temple",spiritual,4.6,900
Rajasthan,kaila-devi,"Kaila devi",spiritual,4.1,900
Rajasthan,mirpur-jain-temple,"Mirpur Jain Temple",spiritual,4.4,900
Rajasthan,sanwariaji-temple,"Sanwariaji Temple",spiritual,4.2,900
Rajasthan,salasar-balaji,"Salasar Balaji",spiritual,4.6,900
Rajasthan,sachiya-mata-temple,"Sachiya Mata Temple",spiritual,4.3,900
Rajasthan,rani-sati-temple,"Rani Sati Temple",spiritual,4.2,900
Rajasthan,jalore-fort,"Jalore Fort",heritage,4.4,900
Rajasthan,laxmangarh-fort,"Laxmangarh Fort",heritage,4.2,900
Rajasthan,umed-bhawan-palace,"Umed Bhawan Palace",heritage,4.4,900
Rajasthan,hindaun-fort,"Hindaun Fort",heritage,4.6,900
Rajasthan,juna-mahal-dungarpur,"Juna Mahal, Dungarpur",heritage,4.1,900
Rajasthan,kunjal-mata-temple,"Kunjal Mata Temple",spiritual,4.7,900
Rajasthan,shri-mahavirji,"Shri Mahavirji",spiritual,4.6,900
Rajasthan,tijara-jain-temple,"Tijara Jain Temple",spiritual,4.3,900
Rajasthan,sanghiji,"Sanghiji",spiritual,4.2,900
Rajasthan,gupteshwar-mahadev-udaipur,"Gupteshwar Mahadev, Udaipur",spiritual,4.8,900
Rajasthan,mahavira-jain-temple,"Mahavira Jain temple",spiritual,4.2,900
Rajasthan,naugaza-digambar-jain-temple,"Naugaza Digambar Jain temple",spiritual,4.3,900
Rajasthan,todgarh-raoli-sanctuary,"Todgarh-Raoli Sanctuary",wildlife,4.8,2500
Rajasthan,bhensrodgarh-wildlife-sanctuary,"Bhensrodgarh Wildlife Sanctuary",wildlife,4.6,2500
Rajasthan,bijai-garh,"Bijai Garh",heritage,4.2,900
Rajasthan,rajgarh-fort,"Rajgarh Fort",heritage,4.6,900
Rajasthan,bhainsrorgarh,"Bhainsrorgarh",heritage,4.4,900
Rajasthan,jahaj-mandir,"Jahaj Mandir",spiritual,4.4,900
Rajasthan,muchhal-mahavir-temple,"Muchhal Mahavir Temple",spiritual,4.2,900
Rajasthan,bhomiaji-maharaj-temple-sopra-bhopalgarh,"Bhomiaji Maharaj Temple, Sopra, Bhopalgarh",spiritual,4.2,900
Rajasthan,ladnu-jain-temple,"Ladnu Jain temple",spiritual,4.8,900
Rajasthan,shri-kalyan-temple,"Shri Kalyan Temple",spiritual,4.5,900
Rajasthan,keshav-rai-temple,"Keshav Rai Temple",spiritual,4.3,900
Rajasthan,chamatkarji-jain-temple,"Chamatkarji Jain Temple",spiritual,4.8,900
Rajasthan,kailadevi-wildlife-sanctuary,"Kailadevi Wildlife Sanctuary",wildlife,4.2,2500
Rajasthan,jamwa-ramgarh-wildlife-sanctuary,"Jamwa Ramgarh Wildlife Sanctuary",wildlife,4.2,2500
Rajasthan,bandh-baretha,"Bandh Baretha",heritage,4.5,900
Rajasthan,sawai-man-singh-wildlife-sanctuary,"Sawai Man Singh Wildlife Sanctuary",wildlife,4.3,2500
Rajasthan,van-vihar-wildlife-sanctuary,"Van Vihar Wildlife Sanctuary",wildlife,4.3,2500
Rajasthan,ramsagar-wildlife-sanctuary,"Ramsagar Wildlife Sanctuary",wildlife,4.2,2500
Rajasthan,darrah-wildlife-sanctuary,"Darrah Wildlife Sanctuary",wildlife,4.6,2500
Rajasthan,kesarbagh-wildlife-sanctuary,"Kesarbagh Wildlife Sanctuary",wildlife,4.2,2500
Rajasthan,jawahar-sagar-wildlife-sanctuary,"Jawahar Sagar Wildlife Sanctuary",wildlife,4.3,2500
Rajasthan,sawariya-seth-temple,"Sawariya Seth Temple",spiritual,4.4,900
Rajasthan,shri-mansa-mata-mandir-hasampur,"Shri Mansa Mata Mandir Hasampur",spiritual,4.1,900
Rajasthan,atishaya-kshetra-lunwa-jain-temple,"Atishaya Kshetra Lunwa Jain Temple",spiritual,4.4,900
Rajasthan,manibandh-shaktipeeth,"Manibandh Shaktipeeth",spiritual,4.7,900
Rajasthan,shekhawati,"Shekhawati",heritage,4.7,2500
Sikkim,gangtok,"Gangtok",hill_station,4.6,1500
Sikkim,pelling,"Pelling",hill_station,4.5,1400
Sikkim,lachung,"Lachung",hill_station,4.6,2000
Sikkim,khangchendzonga-national-park,"Khangchendzonga National Park",wildlife,4.2,2500
Sikkim,varsey-rhododendron-sanctuary,"Varsey Rhododendron Sanctuary",wildlife,4.2,2500
Sikkim,shingba-rhododendron-sanctuary,"Shingba Rhododendron Sanctuary",wildlife,4.7,2500
Sikkim,kirateshwar-mahadev-temple,"Kirateshwar Mahadev Temple",spiritual,4.3,900
Sikkim,kyongnosla-alpine-sanctuary,"Kyongnosla Alpine Sanctuary",wildlife,4.5,2500
Sikkim,pangolakha-wildlife-sanctuary,"Pangolakha Wildlife Sanctuary",wildlife,4.4,2500
Sikkim,maenam-wildlife-sanctuary,"Maenam Wildlife Sanctuary",wildlife,4.7,2500
Sikkim,dubdi-monastery,"Dubdi Monastery",spiritual,4.7,900
Sikkim,gurdwara-nanaklama,"Gurdwara Nanaklama",heritage,4.3,900
Sikkim,kitam-bird-sanctuary,"Kitam bird sanctuary",wildlife,4.4,2500
Sikkim,tendong-gumpa,"Tendong Gumpa",heritage,4.1,900
Sikkim,shri-viswa-vinayaka-mandir-rhenock,"Shri Viswa Vinayaka Mandir Rhenock",spiritual,4.5,900
Sikkim,gurudongmar-lake,"Gurudongmar Lake",adventure,4.9,3500
Tamil Nadu,ooty,"Ooty",hill_station,4.4,400
Tamil Nadu,kodaikanal,"Kodaikanal",hill_station,4.5,1300
Tamil Nadu,mahabalipuram,"Mahabalipuram",heritage,4.6,1000
Tamil Nadu,madurai,"Madurai",spiritual,4.6,900
Tamil Nadu,rameshwaram,"Rameshwaram",spiritual,4.6,900
Tamil Nadu,kanyakumari,"Kanyakumari",beach,4.4,900
Tamil Nadu,yelagiri,"Yelagiri",hill_station,4.1,1100
Tamil Nadu,prahadisvarar-temple,"Prahadisvarar Temple",spiritual,4.5,900
Tamil Nadu,san-thome-basilica,"San Thome Basilica",heritage,4.3,900
Tamil Nadu,ranganathaswamy-temple-srirangam,"Ranganathaswamy Temple, Srirangam",spiritual,4.2,900
Tamil Nadu,mudumalai-national-park,"Mudumalai National Park",wildlife,4.2,2500
Tamil Nadu,fort-st-george,"Fort St. George",heritage,4.4,900
Tamil Nadu,airavatesvara-temple,"Airavatesvara Temple",spiritual,4.6,900
Tamil Nadu,hogenakkal-falls,"Hogenakkal Falls",heritage,4.3,900
Tamil Nadu,basilica-of-our-lady-of-good-health,"Basilica of Our Lady of Good Health",spiritual,4.4,900
Tamil Nadu,kailasanathar-temple-kanchipuram,"Kailasanathar Temple, Kanchipuram",spiritual,4.5,900
Tamil Nadu,mukurthi-national-park,"Mukurthi National Park",wildlife,4.4,2500
Tamil Nadu,gangaikonda-cholapuram-temple,"Gangaikonda Cholapuram Temple",spiritual,4.1,900
Tamil Nadu,agaya-gangai,"Agaya Gangai",heritage,4.3,900
Tamil Nadu,nataraja-temple,"Nataraja Temple",spiritual,4.3,900
Tamil Nadu,anaimalai-tiger-reserve,"Anaimalai Tiger Reserve",wildlife,4.5,2500
Tamil Nadu,gingee-fort,"Gingee Fort",heritage,4.1,900
Tamil Nadu,varadharaja-perumal-temple,"Varadharaja Perumal Temple",spiritual,4.1,900
Tamil Nadu,pykara,"Pykara",heritage,4.6,900
Tamil Nadu,thalaiyar-falls,"Thalaiyar Falls",heritage,4.7,900
Tamil Nadu,vellore-fort,"Vellore Fort",heritage,4.4,900
Tamil Nadu,lakshmi-narayani-golden-temple,"Lakshmi Narayani Golden Temple",spiritual,4.5,900
Tamil Nadu,varaha-cave-temple,"Varaha Cave Temple",spiritual,4.2,900
Tamil Nadu,gulf-of-mannar-marine-national-park,"Gulf of Mannar Marine National Park",wildlife,4.7,2500
Tamil Nadu,nellaiappar-temple,"Nellaiappar Temple",spiritual,4.5,900
Tamil Nadu,siruvani-waterfalls,"Siruvani Waterfalls",heritage,4.1,900
Tamil Nadu,suruli-falls,"Suruli Falls",heritage,4.1,900
Tamil Nadu,kiliyur-falls,"Kiliyur Falls",heritage,4.3,900
Tamil Nadu,thirparappu-waterfalls,"Thirparappu Waterfalls",heritage,4.6,900
Tamil Nadu,fort-dansborg,"Fort Dansborg",heritage,4.7,900
Tamil Nadu,subramaniya-swamy-temple-tiruttani,"Subramaniya Swamy Temple, Tiruttani",spiritual,4.4,900
Tamil Nadu,ucchi-pillayar-temple-rockfort,"Ucchi Pillayar Temple, Rockfort",spiritual,4.5,900
Tamil Nadu,masani-amman,"Masānī Ammān",spiritual,4.3,900
Tamil Nadu,kutladampatti-falls,"Kutladampatti Falls",heritage,4.2,900
Tamil Nadu,dindigul-fort,"Dindigul Fort",heritage,4.4,900
Tamil Nadu,padmanabhapuram-palace,"Padmanabhapuram Palace",heritage,4.8,900
Tamil Nadu,karpaka-vinayakar-temple,"Karpaka Vinayakar Temple",spiritual,4.7,900
Tamil Nadu,maruthamalai-marudhachalamurthy-temple,"Maruthamalai Marudhachalamurthy Temple",spiritual,4.1,900
Tamil Nadu,dhandayuthapani-swamy-temple,"Dhandayuthapani Swamy Temple",spiritual,4.5,900
Tamil Nadu,tirumalai-tamil-nadu,"Tirumalai (Tamil Nadu)",spiritual,4.4,900
Tamil Nadu,chitharal-jain-monuments,"Chitharal Jain Monuments",spiritual,4.2,900
Tamil Nadu,tiger-cave,"Tiger Cave",spiritual,4.4,900
Tamil Nadu,vedanthangal-bird-sanctuary,"Vedanthangal Bird Sanctuary",wildlife,4.1,2500
Tamil Nadu,kumbakkarai-falls,"Kumbakkarai Falls",heritage,4.6,900
Tamil Nadu,grizzled-squirrel-wildlife-sanctuary,"Grizzled Squirrel Wildlife Sanctuary",wildlife,4.3,2500
Tamil Nadu,fort-st-david,"Fort St. David",heritage,4.6,900
Tamil Nadu,yathothkari-perumal-temple,"Yathothkari Perumal Temple",spiritual,4.6,900
Tamil Nadu,marundeeswarar-temple,"Marundeeswarar Temple",spiritual,4.6,900
Tamil Nadu,thirunadhikkara-cave-temple,"Thirunadhikkara Cave Temple",spiritual,4.5,900
Tamil Nadu,atcheeswarar-temple,"Atcheeswarar Temple",spiritual,4.5,900
Tamil Nadu,kodumudi-magudeswarar-temple,"Kodumudi Magudeswarar temple",spiritual,4.2,900
Tamil Nadu,swamimalai-murugan-temple,"Swamimalai Murugan Temple",spiritual,4.1,900
Tamil Nadu,adikesava-perumal-temple,"Adikesava Perumal Temple",spiritual,4.7,900
Tamil Nadu,iskcon-temple-chennai,"ISKCON Temple Chennai",spiritual,4.5,900
Tamil Nadu,pataleeswarar-temple,"Pataleeswarar Temple",spiritual,4.6,900
Tamil Nadu,basilica-of-our-lady-of-snows-thoothukudi,"Basilica of Our Lady of Snows, Thoothukudi",hill_station,4.4,1200
Tamil Nadu,vijayalaya-cholesvaram,"Vijayalaya Cholesvaram",spiritual,4.2,900
Tamil Nadu,sri-appakkudathaan-perumal-temple,"Sri Appakkudathaan Perumal Temple",spiritual,4.8,900
Tamil Nadu,koothankulam-bird-sanctuary,"Koothankulam Bird Sanctuary",wildlife,4.8,2500
Tamil Nadu,kalakkad-mundanthurai-tiger-reserve,"Kalakkad Mundanthurai Tiger Reserve",wildlife,4.3,2500
Tamil Nadu,karaivetti-bird-sanctuary,"Karaivetti Bird Sanctuary",wildlife,4.4,2500
Tamil Nadu,arignar-anna-zoological-park,"Arignar Anna Zoological Park",wildlife,4.6,2500
Tamil Nadu,vattakottai-fort,"Vattakottai Fort",heritage,4.6,900
Tamil Nadu,attur-fort,"Attur Fort",heritage,4.8,900
Tamil Nadu,thenkurangaduthurai-temple,"Thenkurangaduthurai Temple",spiritual,4.7,900
Tamil Nadu,thiruarimeya-vinnagaram,"Thiruarimeya Vinnagaram",spiritual,4.2,900
Tamil Nadu,vayalur-murugan-temple,"Vayalur Murugan Temple",spiritual,4.6,900
Tamil Nadu,samayapuram-mariamman-temple,"Samayapuram Mariamman Temple",spiritual,4.5,900
Tamil Nadu,tiruvalithayam,"Tiruvalithayam",spiritual,4.4,900
Tamil Nadu,adhi-ratneswarar-temple,"Adhi Ratneswarar Temple",spiritual,4.2,900
Tamil Nadu,tiruvetkalam-pasupatheswarar-temple,"Tiruvetkalam Pasupatheswarar Temple",spiritual,4.2,900
Tamil Nadu,vadapalani-andavar-temple,"Vadapalani Andavar Temple",spiritual,4.2,900
Tamil Nadu,ulagalantha-perumal-temple-tirukoyilur,"Ulagalantha Perumal Temple, Tirukoyilur",spiritual,4.1,900
Tamil Nadu,mahalingeswarar-temple-thiruvidaimarudur,"Mahalingeswarar Temple, Thiruvidaimarudur",spiritual,4.2,900
Tamil Nadu,neyyadiappar-temple,"Neyyadiappar Temple",spiritual,4.6,900
Tamil Nadu,perur-pateeswarar-temple,"Perur Pateeswarar Temple",spiritual,4.2,900
Tamil Nadu,pazhamudircholai-murugan-temple,"Pazhamudircholai Murugan Temple",spiritual,4.6,900
Tamil Nadu,papanasanathar-temple,"Papanasanathar Temple",spiritual,4.7,900
Tamil Nadu,srivilliputhur-andal-temple,"Srivilliputhur Andal Temple",spiritual,4.5,900
Tamil Nadu,thyagaraja-temple-tiruvottiyur,"Thyagaraja Temple, Tiruvottiyur",spiritual,4.3,900
Tamil Nadu,moovar-koil,"Moovar Koil",spiritual,4.2,900
Tamil Nadu,sri-devaadi-raja-perumal-temple,"Sri Devaadi Raja Perumal Temple",spiritual,4.1,900
Tamil Nadu,sundaravarada-perumal-temple,"Sundaravarada Perumal Temple",spiritual,4.3,900
Tamil Nadu,odhanavaneswarar-temple-tiruchotruturai,"Odhanavaneswarar Temple, Tiruchotruturai",spiritual,4.5,900
Tamil Nadu,agniswarar-temple-kanjanur,"Agniswarar Temple, Kanjanur",spiritual,4.3,900
Tamil Nadu,vettuvan-koil,"Vettuvan Koil",spiritual,4.3,900
Tamil Nadu,bhaktavatsala-perumal-temple-thirunindravur,"Bhaktavatsala Perumal Temple, Thirunindravur",spiritual,4.6,900
Tamil Nadu,panchavarnaswamy-temple,"Panchavarnaswamy Temple",spiritual,4.7,900
Tamil Nadu,veeraraghava-swamy-temple,"Veeraraghava Swamy Temple",spiritual,4.8,900
Tamil Nadu,eri-katha-ramar-temple,"Eri-Katha Ramar Temple",spiritual,4.6,900
Tamil Nadu,tirumaanturai,"Tirumaanturai",spiritual,4.3,900
Tamil Nadu,thiruvadigai-temple-panruti,"Thiruvadigai Temple, Panruti",spiritual,4.3,900
Tamil Nadu,atulya-nadheswarar-temple,"Atulya Nadheswarar Temple",spiritual,4.8,900
Tamil Nadu,poondi-madha-basilica,"Poondi Madha Basilica",spiritual,4.2,900
Tamil Nadu,thenupuriswarar-temple,"Thenupuriswarar Temple",spiritual,4.2,900
Tamil Nadu,subramaniya-swamy-temple-tiruchendur,"Subramaniya Swamy Temple, Tiruchendur",spiritual,4.3,900
Tamil Nadu,thyagaraja-temple-tiruvarur,"Thyagaraja Temple, Tiruvarur",spiritual,4.4,900
Tamil Nadu,jalantheeswarar-temple,"Jalantheeswarar Temple",spiritual,4.3,900
Tamil Nadu,thalagireeshwarar-temple,"Thalagireeshwarar Temple",spiritual,4.7,900
Tamil Nadu,kasi-viswanathar-temple-tenkasi,"Kasi Viswanathar temple, Tenkasi",spiritual,4.1,900
Tamil Nadu,arulmigu-koniamman-temple,"Arulmigu Koniamman Temple",spiritual,4.2,900
Tamil Nadu,st-francis-xavier-s-cathedral-kottar,"St. Francis Xavier's Cathedral, Kottar",heritage,4.7,900
Tamil Nadu,st-george-s-cathedral,"St. George's Cathedral",heritage,4.4,900
Tamil Nadu,patalathri-narasimhar-temple,"Patalathri Narasimhar Temple",spiritual,4.5,900
Tamil Nadu,pundarikakshan-perumal-temple,"Pundarikakshan Perumal Temple",spiritual,4.2,900
Tamil Nadu,point-calimere-wildlife-and-bird-sanctuary,"Point Calimere Wildlife and Bird Sanctuary",wildlife,4.7,2500
Tamil Nadu,vaduvoor-bird-sanctuary,"Vaduvoor Bird Sanctuary",wildlife,4.7,2500
Tamil Nadu,agasthiyar-falls,"Agasthiyar Falls",heritage,4.5,900
Tamil Nadu,namakkal-fort,"Namakkal Fort",heritage,4.4,900
Tamil Nadu,alamparai-fort,"Alamparai Fort",heritage,4.4,900
Tamil Nadu,thirumayam-fort,"Thirumayam Fort",heritage,4.5,900
Tamil Nadu,thirukkadigai,"Thirukkadigai",spiritual,4.7,900
Tamil Nadu,thiruppathisaram,"Thiruppathisaram",spiritual,4.5,900
Tamil Nadu,thiruppullani,"Thiruppullani",spiritual,4.5,900
Tamil Nadu,mahendrapalli-tirumeni-azhagar-temple,"Mahendrapalli Tirumeni Azhagar Temple",spiritual,4.6,900
Tamil Nadu,vedapureeswarar-temple,"Vedapureeswarar Temple",spiritual,4.6,900
Tamil Nadu,chandra-choodeswarar-temple-hosur,"Chandra Choodeswarar Temple, Hosur",spiritual,4.4,900
Tamil Nadu,anna-nagar-ayyappan-koil-chennai,"Anna Nagar Ayyappan Koil, Chennai",spiritual,4.8,900
Tamil Nadu,tiruvaikavur-temple,"Tiruvaikavur Temple",spiritual,4.2,900
Tamil Nadu,uthirakosamangai,"Uthirakosamangai",spiritual,4.4,900
Tamil Nadu,vaithamanidhi-perumal-temple,"Vaithamanidhi Perumal Temple",spiritual,4.1,900
Tamil Nadu,eachanari-vinayagar-temple,"Eachanari Vinayagar Temple",spiritual,4.3,900
Tamil Nadu,rahu-stalam,"Rahu Stalam",spiritual,4.8,900
Tamil Nadu,kasi-viswanathar-temple-sivakasi,"Kasi Viswanathar temple, Sivakasi",spiritual,4.5,900
Tamil Nadu,thiruporur-kandaswamy-temple,"Thiruporur Kandaswamy temple",spiritual,4.7,900
Tamil Nadu,sattainathar-temple-sirkazhi,"Sattainathar Temple, Sirkazhi",spiritual,4.5,900
Tamil Nadu,sikkal-singaravelan-temple,"Sikkal Singaravelan Temple",spiritual,4.2,900
Tamil Nadu,sri-sivalokanathar-temple-tirupunkur,"Sri Sivalokanathar Temple, Tirupunkur",spiritual,4.4,900
Tamil Nadu,sri-srinivasa-perumal-temple-tirukulandhai,"Sri Srinivasa Perumal Temple, Tirukulandhai",spiritual,4.6,900
Tamil Nadu,srivaikuntanathan-permual-temple,"Srivaikuntanathan Permual Temple",spiritual,4.8,900
Tamil Nadu,pasupateeswarar-temple-karur,"Pasupateeswarar Temple, Karur",spiritual,4.5,900
Tamil Nadu,thirumuruganatheeswar-temple,"Thirumuruganatheeswar Temple",spiritual,4.7,900
Tamil Nadu,avudaiyarkoil,"Avudaiyarkoil",spiritual,4.5,900
Tamil Nadu,brahmapureeswarar-temple-thirukkuvalai,"Brahmapureeswarar Temple, Thirukkuvalai",spiritual,4.3,900
Tamil Nadu,mayuranathaswami-temple-mayiladuthurai,"Mayuranathaswami Temple, Mayiladuthurai",spiritual,4.4,900
Tamil Nadu,ponsei-natrunaiyappar-temple,"Ponsei Natrunaiyappar Temple",spiritual,4.8,900
Tamil Nadu,thindal-murugan-temple,"Thindal Murugan Temple",spiritual,4.6,900
Tamil Nadu,thirumakaraleeswarar-temple,"Thirumakaraleeswarar Temple",spiritual,4.3,900
Tamil Nadu,shanmughanathar-temple-kunnakudi,"Shanmughanathar Temple, Kunnakudi",spiritual,4.4,900
Tamil Nadu,pushpavaneswarar-temple,"Pushpavaneswarar temple",spiritual,4.3,900
Tamil Nadu,amirthakadeswarar-temple-sakkottai,"Amirthakadeswarar Temple, Sakkottai",spiritual,4.1,900
Tamil Nadu,pushpavananathar-temple-tiruppoonturutti,"Pushpavananathar Temple, Tiruppoonturutti",spiritual,4.5,900
Tamil Nadu,koneswarar-temple-kudavasal,"Koneswarar Temple, Kudavasal",spiritual,4.5,900
Tamil Nadu,nadutariappar-temple,"Nadutariappar Temple",spiritual,4.3,900
Tamil Nadu,rajagopalaswamy-temple-mannargudi,"Rajagopalaswamy Temple, Mannargudi",spiritual,4.7,900
Tamil Nadu,thirukutralam,"Thirukutralam",spiritual,4.4,900
Tamil Nadu,prananadeswarar-temple,"Prananadeswarar Temple",spiritual,4.6,900
Tamil Nadu,erumbeeswarar-temple,"Erumbeeswarar Temple",spiritual,4.3,900
Tamil Nadu,vekkali-amman-temple,"Vekkali Amman Temple",spiritual,4.4,900
Tamil Nadu,vaseeswarar-temple,"Vaseeswarar Temple",spiritual,4.5,900
Tamil Nadu,tiruppukkozhiyur,"Tiruppukkozhiyur",spiritual,4.5,900
Tamil Nadu,vedapureeswarar-temple-thiruverkadu,"Vedapureeswarar Temple, Thiruverkadu",spiritual,4.2,900
Tamil Nadu,vedagiriswarar-temple,"Vedagiriswarar temple",spiritual,4.5,900
Tamil Nadu,apatsahayesvarar-temple-alangudi,"Apatsahayesvarar Temple, Alangudi",spiritual,4.8,900
Tamil Nadu,chenraya-perumal-temple,"Chenraya Perumal Temple",spiritual,4.6,900
Tamil Nadu,padikasu-nathar-temple,"Padikasu Nathar Temple",spiritual,4.7,900
Tamil Nadu,pasupatiswarar-temple,"Pasupatiswarar Temple",spiritual,4.6,900
Tamil Nadu,thiruvali-thirunagari,"Thiruvali-Thirunagari",spiritual,4.8,900
Tamil Nadu,thiruvanthipuram-temple,"Thiruvanthipuram temple",spiritual,4.2,900
Tamil Nadu,thirukumaresar-temple,"Thirukumaresar temple",spiritual,4.6,900
Tamil Nadu,tirutalinathar-temple,"Tirutalinathar Temple",spiritual,4.8,900
Tamil Nadu,sudarkozhundeeswarar-temple-pennadam,"Sudarkozhundeeswarar Temple, Pennadam",spiritual,4.2,900
Tamil Nadu,avanibhajana-pallaveshwaram-temple,"Avanibhajana Pallaveshwaram temple",spiritual,4.2,900
Tamil Nadu,nithyakalyana-perumal-temple,"Nithyakalyana Perumal temple",spiritual,4.2,900
Tamil Nadu,arasaleeswarar-temple,"Arasaleeswarar temple",spiritual,4.2,900
Tamil Nadu,nehanurpatti,"Nehanurpatti",spiritual,4.6,900
Tamil Nadu,vilwanatheswarar-temple,"Vilwanatheswarar temple",spiritual,4.4,900
Tamil Nadu,innambur-ezhutharinathar-temple,"Innambur Ezhutharinathar Temple",spiritual,4.3,900
Tamil Nadu,sakshinatheswarar-temple-thiruppurambiyam,"Sakshinatheswarar Temple, Thiruppurambiyam.",spiritual,4.5,900
Tamil Nadu,amirthakadeswarar-temple,"Amirthakadeswarar Temple",spiritual,4.5,900
Tamil Nadu,thirumalapadi-siva-temple,"Thirumalapadi Siva Temple",spiritual,4.7,900
Tamil Nadu,abirameswarar-temple,"Abirameswarar temple",spiritual,4.5,900
Tamil Nadu,marundeeswarar-temple-t-edayar,"Marundeeswarar Temple, T. Edayar",spiritual,4.3,900
Tamil Nadu,sivalokanathar-temple-gramam,"Sivalokanathar temple, Gramam",spiritual,4.6,900
Tamil Nadu,chandramouleeswar-temple-thiruvakkarai,"Chandramouleeswar temple, Thiruvakkarai",spiritual,4.3,900
Tamil Nadu,bhaktajaneswarar-temple,"Bhaktajaneswarar temple",spiritual,4.2,900
Tamil Nadu,kasi-viswanathar-temple-kumbakonam,"Kasi Viswanathar Temple, Kumbakonam",spiritual,4.4,900
Tamil Nadu,sangameswarar-temple,"Sangameswarar Temple",spiritual,4.3,900
Tamil Nadu,sri-vadaranyeswarar-temple,"Sri Vadaranyeswarar Temple",spiritual,4.1,900
Tamil Nadu,ninra-narayana-perumal-temple,"Ninra Narayana Perumal temple",spiritual,4.6,900
Tamil Nadu,kazheesirama-vinnagaram,"Kazheesirama Vinnagaram",spiritual,4.2,900
Tamil Nadu,bhu-varaha-swamy-temple,"Bhu Varaha Swamy temple",spiritual,4.2,900
Tamil Nadu,makara-nedunkuzhai-kannan-temple,"Makara Nedunkuzhai Kannan Temple",spiritual,4.5,900
Tamil Nadu,adhirangam-ranganathaswamy-temple,"Adhirangam Ranganathaswamy temple",spiritual,4.2,900
Tamil Nadu,katary-falls,"Katary Falls",heritage,4.8,900
Tamil Nadu,chitrangudi-bird-sanctuary,"Chitrangudi Bird Sanctuary",wildlife,4.4,2500
Tamil Nadu,vallanadu-wildlife-sanctuary,"Vallanadu Wildlife Sanctuary",wildlife,4.7,2500
Tamil Nadu,vellode-birds-sanctuary,"Vellode Birds Sanctuary",wildlife,4.5,2500
Tamil Nadu,fort-vijf-sinnen,"Fort Vijf Sinnen",heritage,4.5,900
Tamil Nadu,sankagiri-fort,"Sankagiri Fort",heritage,4.3,900
Tamil Nadu,thiruppunavayil,"Thiruppunavayil",spiritual,4.5,900
Tamil Nadu,vriddhagiriswarar-temple-vriddhachalam,"Vriddhagiriswarar Temple, Vriddhachalam",spiritual,4.4,900
Tamil Nadu,thiruchuzhial,"Thiruchuzhial",spiritual,4.4,900
Tamil Nadu,achalpuram-shivalokathyagar-temple,"Achalpuram Shivalokathyagar Temple",spiritual,4.5,900
Tamil Nadu,tirunellikka-nellivananathar-temple,"Tirunellikka Nellivananathar Temple",spiritual,4.2,900
Tamil Nadu,tiruppaatrurai-adhimooleswarar-temple,"Tiruppaatrurai Adhimooleswarar Temple",spiritual,4.5,900
Tamil Nadu,dandeeswarar-temple,"Dandeeswarar Temple",spiritual,4.8,900
Tamil Nadu,koothanur-maha-saraswathi-temple,"Koothanur Maha Saraswathi Temple",spiritual,4.1,900
Tamil Nadu,mondaicaud-bhagavathi-temple,"Mondaicaud Bhagavathi Temple",spiritual,4.4,900
Tamil Nadu,mudikondan-kothandaramar-temple,"Mudikondan Kothandaramar Temple",spiritual,4.5,900
Tamil Nadu,nagannathaswamy-temple-keezhaperumpallam,"Nagannathaswamy Temple, Keezhaperumpallam",spiritual,4.3,900
Tamil Nadu,narasingam-yoga-narasimha-perumal-temple,"Narasingam Yoga Narasimha Perumal Temple",spiritual,4.3,900
Tamil Nadu,paampuranathar-temple-thirupampuram,"Paampuranathar Temple, Thirupampuram",spiritual,4.4,900
Tamil Nadu,edaganathar-temple,"Edaganathar temple",spiritual,4.6,900
Tamil Nadu,vandiyur-mariamman-temple,"Vandiyur Mariamman Temple",spiritual,4.1,900
Tamil Nadu,agnipureeswarar-temple-thirupugalur,"Agnipureeswarar Temple, Thirupugalur",spiritual,4.3,900
Tamil Nadu,someswarar-temple-pazhayarai,"Someswarar Temple, Pazhayarai",spiritual,4.1,900
Tamil Nadu,sri-venkatesa-perumal-temple-melathiruppathi-mondipalayam,"Sri Venkatesa Perumal Temple (Melathiruppathi) – Mondipalayam",spiritual,4.4,900
Tamil Nadu,keezhvelur-kediliappar-temple,"Keezhvelur Kediliappar Temple",spiritual,4.4,900
Tamil Nadu,swamithope-pathi,"Swamithope Pathi",spiritual,4.7,900
Tamil Nadu,ithiyapuram-kaavu,"Ithiyapuram kaavu",spiritual,4.4,900
Tamil Nadu,thanthondreeswarar-temple,"Thanthondreeswarar Temple",spiritual,4.2,900
Tamil Nadu,amritaghateswarar-abirami-temple-thirukkadaiyur,"Amritaghateswarar-Abirami Temple,Thirukkadaiyur",spiritual,4.3,900
Tamil Nadu,swetharanyeswarar-temple,"Swetharanyeswarar Temple",spiritual,4.6,900
Tamil Nadu,agastheeswarar-temple,"Agastheeswarar Temple",spiritual,4.7,900
Tamil Nadu,soundararajaperumal-temple-thadikombu,"Soundararajaperumal Temple, Thadikombu",spiritual,4.8,900
Tamil Nadu,vallakottai-subramaniyaswami-temple,"Vallakottai Subramaniyaswami temple",spiritual,4.2,900
Tamil Nadu,adikesava-perumal-temple-sriperumpudur,"Adikesava Perumal temple, Sriperumpudur",spiritual,4.4,900
Tamil Nadu,sowmya-narayana-perumal-temple,"Sowmya Narayana Perumal temple",spiritual,4.1,900
Tamil Nadu,chakravageswarar-temple,"Chakravageswarar Temple",spiritual,4.5,900
Tamil Nadu,piranmalai-kodunkundreeswar-temple,"Piranmalai Kodunkundreeswar Temple",spiritual,4.7,900
Tamil Nadu,punnainallur-mariamman,"Punnainallur Mariamman",spiritual,4.6,900
Tamil Nadu,bhaktavatsala-perumal-temple,"Bhaktavatsala Perumal Temple",spiritual,4.5,900
Tamil Nadu,tirucherai-saranathan-temple,"Tirucherai Saranathan Temple",spiritual,4.7,900
Tamil Nadu,valisvara-temple,"Valisvara Temple",spiritual,4.7,900
Tamil Nadu,suyambulingaswamy-temple-uvari,"Suyambulingaswamy Temple, Uvari",spiritual,4.6,900
Tamil Nadu,anjaneya-temple-nanganallur,"Anjaneya Temple, Nanganallur",spiritual,4.7,900
Tamil Nadu,jakath-rakshaka-perumal-temple-thirukkoodaloor,"Jakath Rakshaka Perumal Temple, Thirukkoodaloor.",spiritual,4.5,900
Tamil Nadu,mel-sithamur-jain-math,"Mel Sithamur Jain Math",spiritual,4.6,900
Tamil Nadu,oondreswarar-temple,"Oondreswarar Temple",spiritual,4.2,900
Tamil Nadu,choleesvarar-temple-mulanur,"Choleesvarar Temple, Mulanur",spiritual,4.3,900
Tamil Nadu,uthanda-velayudhasamy-temple-uthiyur,"Uthanda VelayudhaSamy Temple, Uthiyur",spiritual,4.5,900
Tamil Nadu,bannari-amman-temple,"Bannari Amman Temple",spiritual,4.2,900
Tamil Nadu,kaliyuga-varadaraja-perumal-temple,"Kaliyuga Varadaraja Perumal Temple",spiritual,4.5,900
Tamil Nadu,palaivananathar-temple,"Palaivananathar Temple",spiritual,4.1,900
Tamil Nadu,parimala-ranganatha-perumal-temple,"Parimala Ranganatha Perumal Temple",spiritual,4.7,900
Tamil Nadu,venjamakoodal,"Venjamakoodal",spiritual,4.7,900
Tamil Nadu,kolanjiappar-temple,"Kolanjiappar Temple",spiritual,4.4,900
Tamil Nadu,akshayapureeswarar-temple,"Akshayapureeswarar Temple",spiritual,4.8,900
Tamil Nadu,ranganathaswamy-temple-karamadai,"Ranganathaswamy Temple, Karamadai",spiritual,4.2,900
Tamil Nadu,narthana-vallabeswarar-temple,"Narthana Vallabeswarar temple",spiritual,4.7,900
Tamil Nadu,basilica-of-our-lady-of-the-holy-rosary-karumathampatti,"Basilica of Our Lady of the Holy Rosary, Karumathampatti",spiritual,4.3,900
Tamil Nadu,dalavanur,"Dalavanur",spiritual,4.7,900
Tamil Nadu,thirumarperu,"Thirumarperu",spiritual,4.5,900
Tamil Nadu,ardhanareeswarar-temple,"Ardhanareeswarar Temple",spiritual,4.6,900
Tamil Nadu,navapashanam-temple,"Navapashanam temple",spiritual,4.7,900
Tamil Nadu,sivasailam-temple,"Sivasailam Temple",spiritual,4.8,900
Tamil Nadu,kripapureeswarar-temple,"Kripapureeswarar Temple",spiritual,4.6,900
Tamil Nadu,netroddharakaswami-temple,"Netroddharakaswami Temple",spiritual,4.4,900
Tamil Nadu,kola-valvill-ramar-temple-tiruvelliyangudi,"Kola Valvill Ramar Temple, Tiruvelliyangudi",spiritual,4.3,900
Tamil Nadu,prasanna-venkatachalapathy-temple,"Prasanna Venkatachalapathy Temple",spiritual,4.3,900
Tamil Nadu,jagannath-temple-chennai,"Jagannath Temple, Chennai",spiritual,4.8,900
Tamil Nadu,udayamarthandapuram-bird-sanctuary,"Udayamarthandapuram Bird Sanctuary",wildlife,4.7,2500
Tamil Nadu,kodaikanal-wildlife-sanctuary,"Kodaikanal Wildlife Sanctuary",wildlife,4.8,2500
Tamil Nadu,vettangudi-bird-sanctuary,"Vettangudi Bird Sanctuary",wildlife,4.3,2500
Tamil Nadu,kalhatty-falls,"Kalhatty Falls",heritage,4.3,900
Tamil Nadu,dash-n-splash,"Dash n Splash",heritage,4.3,900
Tamil Nadu,kurumbapatti-zoological-park,"Kurumbapatti Zoological Park",wildlife,4.6,2500
Tamil Nadu,ranjankudi-fort,"Ranjankudi Fort",heritage,4.7,900
Tamil Nadu,kokarneswarar-temple-thirukokarnam,"Kokarneswarar Temple, Thirukokarnam",spiritual,4.4,900
Tamil Nadu,thiruppudaimarudur,"Thiruppudaimarudur",spiritual,4.3,900
Tamil Nadu,anniyur-agnipureeswarar-temple,"Anniyur Agnipureeswarar Temple",spiritual,4.4,900
Tamil Nadu,aakkoor-thanthondreeswarar-temple,"Aakkoor Thanthondreeswarar Temple",spiritual,4.2,900
Tamil Nadu,anniyur-abathsahayeswarar-temple,"Anniyur Abathsahayeswarar Temple",spiritual,4.5,900
Tamil Nadu,korukkai-veeratteswarar-temple,"Korukkai Veeratteswarar Temple",spiritual,4.6,900
Tamil Nadu,tirundudevankudi-karkadeswarar-temple,"Tirundudevankudi Karkadeswarar Temple",spiritual,4.3,900
Tamil Nadu,tirunedunkulam-nedungalanathar-temple,"Tirunedunkulam Nedungalanathar Temple",spiritual,4.4,900
Tamil Nadu,tirupandurai-sivanandeswarar-temple,"Tirupandurai Sivanandeswarar Temple",spiritual,4.6,900
Tamil Nadu,tirupalli-mukkudal-tirunethranathar-temple,"Tirupalli Mukkudal Tirunethranathar Temple",spiritual,4.5,900
Tamil Nadu,tirumanancheri-udhvaganathar-temple,"Tirumanancheri Udhvaganathar Temple",spiritual,4.8,900
Tamil Nadu,thiruvattathurai-theerthapureeswarar-temple,"Thiruvattathurai Theerthapureeswarar Temple",spiritual,4.4,900
Tamil Nadu,tiruvalaputhur-manickavannar-temple,"Tiruvalaputhur Manickavannar Temple",spiritual,4.3,900
Tamil Nadu,tiruvirkudi-veerataneswarar-temple,"Tiruvirkudi Veerataneswarar Temple",spiritual,4.1,900
Tamil Nadu,uchira-vaneswarar-temple,"Uchira Vaneswarar Temple",spiritual,4.2,900
Tamil Nadu,arulmigu-prasanna-venkatesa-perumal-temple,"Arulmigu Prasanna Venkatesa Perumal Temple",spiritual,4.5,900
Tamil Nadu,kuzhanthai-velappar-temple,"Kuzhanthai Velappar temple",spiritual,4.3,900
Tamil Nadu,twin-temples-keezhaiyur,"Twin Temples, Keezhaiyur",spiritual,4.8,900
Tamil Nadu,masilamaniswara-temple-thirumullaivoyal,"Masilamaniswara Temple, Thirumullaivoyal",spiritual,4.2,900
Tamil Nadu,venni-karumbeswarar-temple,"Venni Karumbeswarar Temple",spiritual,4.4,900
Tamil Nadu,piramanoor-kailasha-nathar-temple,"Piramanoor Kailasha Nathar Temple",spiritual,4.7,900
Tamil Nadu,shri-pathirakali-mariamman-temple,"Shri Pathirakali Mariamman Temple",spiritual,4.3,900
Tamil Nadu,chennai-om-sri-skandhashramam,"Chennai Om Sri Skandhashramam",spiritual,4.4,900
Tamil Nadu,betrayaswamy-temple,"Betrayaswamy Temple",spiritual,4.3,900
Tamil Nadu,ashtamsa-varadha-anjaneyar-temple,"Ashtamsa Varadha Anjaneyar Temple",spiritual,4.5,900
Tamil Nadu,pratyangira-temple-hosur,"Pratyangira temple, Hosur",spiritual,4.4,900
Tamil Nadu,kamakshi-amman-temple-mangadu,"Kamakshi Amman Temple, Mangadu",spiritual,4.5,900
Tamil Nadu,kamakshi-amman-temple-saidapet,"Kamakshi Amman Temple, Saidapet",spiritual,4.3,900
Tamil Nadu,rathnagiriswarar-temple-thirumarugal,"Rathnagiriswarar Temple,Thirumarugal",spiritual,4.7,900
Tamil Nadu,ravishwarar-temple,"Ravishwarar Temple",spiritual,4.3,900
Tamil Nadu,sri-navaladi-karuppannaswami-temple-mohanur,"Sri Navaladi Karuppannaswami Temple – Mohanur",spiritual,4.7,900
Tamil Nadu,kaichinam-kaichineswarar-temple,"Kaichinam Kaichineswarar Temple",spiritual,4.3,900
Tamil Nadu,kodi-kuzhagar-temple,"Kodi Kuzhagar Temple",spiritual,4.5,900
Tamil Nadu,varadaraja-perumal-temple-shoolagiri,"Varadaraja Perumal Temple, Shoolagiri",spiritual,4.3,900
Tamil Nadu,pallikonda-perumal-temple-malayadippatti,"Pallikonda Perumal Temple, Malayadippatti",spiritual,4.3,900
Tamil Nadu,ekambaranathar-temple-tiruvekambathur,"Ekambaranathar Temple, Tiruvekambathur",spiritual,4.7,900
Tamil Nadu,kundrathur-murugan-temple,"Kundrathur Murugan Temple",spiritual,4.7,900
Tamil Nadu,pachaimalai-subramanya-swamy-temple,"Pachaimalai Subramanya Swamy Temple",spiritual,4.2,900
Tamil Nadu,kanthaswamy-temple-cheyyur,"Kanthaswamy Temple, Cheyyur",spiritual,4.3,900
Tamil Nadu,vijayaraghava-perumal-temple,"Vijayaraghava Perumal temple",spiritual,4.4,900
Tamil Nadu,cherugudi-sukshmapureeswarar-temple,"Cherugudi Sukshmapureeswarar Temple",spiritual,4.4,900
Tamil Nadu,tirumeeyachur-mehanadhar-temple,"Tirumeeyachur Mehanadhar Temple",spiritual,4.7,900
Tamil Nadu,sathya-vageeswarar-temple-kalakkad,"Sathya Vageeswarar Temple, Kalakkad",spiritual,4.7,900
Tamil Nadu,vaithya-lingam-temple,"Vaithya lingam temple",spiritual,4.7,900
Tamil Nadu,vanniappar-temple,"Vanniappar Temple",spiritual,4.2,900
Tamil Nadu,our-lady-of-snows,"Our Lady of Snows",hill_station,4.2,1200
Tamil Nadu,arjuneswarar,"Arjuneswarar",spiritual,4.3,900
Tamil Nadu,vishamangalesvarar-temple-thudaiyur,"Vishamangalesvarar Temple, Thudaiyur",spiritual,4.3,900
Tamil Nadu,sukreeswarar-temple,"Sukreeswarar temple",spiritual,4.5,900
Tamil Nadu,agasteeswarar-temple-kolapakkam,"Agasteeswarar Temple, Kolapakkam",spiritual,4.7,900
Tamil Nadu,badhri-narayanan-temple,"Badhri Narayanan temple",spiritual,4.2,900
Tamil Nadu,brahmapureeswarar-temple,"Brahmapureeswarar Temple",spiritual,4.8,900
Tamil Nadu,ganga-jadadisvarar-temple,"Ganga Jadadisvarar Temple",spiritual,4.5,900
Tamil Nadu,garbharakshambigai-temple,"Garbharakshambigai temple",spiritual,4.4,900
Tamil Nadu,kalahastiswamy-temple-uthamapalayam,"Kalahastiswamy Temple, Uthamapalayam",spiritual,4.7,900
Tamil Nadu,tirusoolanathar-temple,"Tirusoolanathar Temple",spiritual,4.1,900
Tamil Nadu,semponarkoil-swarnapureeswarar-temple,"Semponarkoil Swarnapureeswarar Temple",spiritual,4.1,900
Tamil Nadu,vilamal-pathanchali-manoharar-temple,"Vilamal Pathanchali Manoharar Temple",spiritual,4.3,900
Tamil Nadu,tirunaarayur-soundaryeswarar-temple,"Tirunaarayur Soundaryeswarar Temple",spiritual,4.6,900
Tamil Nadu,egowri-amman-temple-vallam,"Egowri Amman Temple, Vallam",spiritual,4.6,900
Tamil Nadu,st-antony-s-church-chemmanvilai,"St. Antony's Church, Chemmanvilai",spiritual,4.6,900
Tamil Nadu,christ-church-salem,"Christ Church, Salem",spiritual,4.3,900
Tamil Nadu,ringeltaube-vethamonikam-memorial-church-mylaudy,"Ringeltaube Vethamonikam Memorial Church, Mylaudy",spiritual,4.2,900
Tamil Nadu,st-mary-s-basilica,"St. Mary's Basilica",spiritual,4.7,900
Tamil Nadu,balasubramaniyaswamy-temple,"Balasubramaniyaswamy Temple",spiritual,4.2,900
Tamil Nadu,st-joseph-shrine-panagudi,"St. Joseph Shrine, Panagudi",spiritual,4.5,900
Tamil Nadu,jain-temple-mettupudur,"Jain temple, Mettupudur",spiritual,4.1,900
Tamil Nadu,poondi-arugar-temple,"Poondi Arugar Temple",spiritual,4.3,900
Tamil Nadu,irumbai-mahaleswarar-temple,"Irumbai Mahaleswarar Temple",spiritual,4.6,900
Tamil Nadu,kothandaramaswami-temple-nandambakkam,"Kothandaramaswami Temple, Nandambakkam",spiritual,4.5,900
Tamil Nadu,holy-trinity-cathedral-palayamkottai,"Holy Trinity Cathedral, Palayamkottai",spiritual,4.3,900
Tamil Nadu,koranganatha-temple,"Koranganatha Temple",spiritual,4.3,900
Tamil Nadu,rajagopala-perumal-temple,"Rajagopala Perumal Temple",spiritual,4.2,900
Tamil Nadu,othandeeswarar-temple,"Othandeeswarar temple",spiritual,4.7,900
Tamil Nadu,parthasarathy-temple-parthivapuram,"Parthasarathy temple, Parthivapuram",spiritual,4.1,900
Tamil Nadu,kodandaramaswamy-temple-ayodhyapatinam,"Kodandaramaswamy Temple, Ayodhyapatinam",spiritual,4.2,900
Tamil Nadu,cauvery-north-wildlife-sanctuary,"Cauvery North Wildlife Sanctuary",wildlife,4.7,2500
Tamil Nadu,kallaperambur-lake-bird-sanctuary,"Kallaperambur Lake Bird Sanctuary",wildlife,4.4,2500
Tamil Nadu,melaselvanur-kilaselvanur-bird-sanctuary,"Melaselvanur-Kilaselvanur Bird Sanctuary",wildlife,4.3,2500
Tamil Nadu,gangaikondan-spotted-deer-sanctuary,"Gangaikondan Spotted Deer Sanctuary",wildlife,4.5,2500
Tamil Nadu,kazhuveli-bird-sanctuary,"Kazhuveli Bird Sanctuary",wildlife,4.6,2500
Tamil Nadu,nanjarayan-tank-bird-sanctuary,"Nanjarayan Tank Bird Sanctuary",wildlife,4.5,2500
Tamil Nadu,sakkarakottai-bird-sanctuary,"Sakkarakottai Bird Sanctuary",wildlife,4.3,2500
Tamil Nadu,frog-hill-view-point,"Frog Hill View Point",heritage,4.4,900
Tamil Nadu,droog-fort,"Droog Fort",heritage,4.4,900
Tamil Nadu,anchettidurgam,"Anchettidurgam",heritage,4.4,900
Tamil Nadu,tangrakottai,"Tangrakottai",heritage,4.1,900
Tamil Nadu,sivaganga-palace,"Sivaganga Palace",heritage,4.5,900
Tamil Nadu,vanmeekanathar-temple-tiruvetriyur,"Vanmeekanathar Temple, Tiruvetriyur",spiritual,4.8,900
Tamil Nadu,thiruthaleeshwarar-temple,"Thiruthaleeshwarar Temple",spiritual,4.2,900
Tamil Nadu,velveeswarar-temple,"Velveeswarar Temple",spiritual,4.3,900
Tamil Nadu,aridwaramangalam-padaleswarar-temple,"Aridwaramangalam Padaleswarar Temple",spiritual,4.3,900
Tamil Nadu,pereyil-jagadeeswarar-temple,"Pereyil Jagadeeswarar Temple",spiritual,4.5,900
Tamil Nadu,omampuliyur-thuyartheertanathar-temple,"Omampuliyur Thuyartheertanathar Temple",spiritual,4.7,900
Tamil Nadu,thiruengoimalai-maragadachaleswarar-temple,"Thiruengoimalai Maragadachaleswarar Temple",spiritual,4.5,900
Tamil Nadu,siruvapuri-sri-balasubrahmanyam-temple,"Siruvapuri Sri Balasubrahmanyam temple",spiritual,4.5,900
Tamil Nadu,kosavalasu-bhagavan-temple,"Kosavalasu Bhagavan Temple",spiritual,4.5,900
Tamil Nadu,manikarnikeswarar-temple,"Manikarnikeswarar Temple",spiritual,4.2,900
Tamil Nadu,kothandarama-temple-thillaivilagam,"Kothandarama Temple, Thillaivilagam",spiritual,4.2,900
Tamil Nadu,natadreeswarar-temple,"Natadreeswarar Temple",spiritual,4.2,900
Tamil Nadu,agastheesvarar-temple-kuzhaiyur,"Agastheesvarar Temple, Kuzhaiyur",spiritual,4.2,900
Tamil Nadu,soundareswararswamy-temple-thiruppanaiyur,"Soundareswararswamy Temple, Thiruppanaiyur",spiritual,4.2,900
Tamil Nadu,karpaganatharkulam-karpaganathar-temple,"Karpaganatharkulam Karpaganathar Temple",spiritual,4.5,900
Tamil Nadu,kottur-kozhundeeswarar-temple,"Kottur Kozhundeeswarar Temple",spiritual,4.2,900
Tamil Nadu,kanattampuliyur-pathanchalinathar-temple,"Kanattampuliyur Pathanchalinathar Temple",spiritual,4.6,900
Tamil Nadu,sivankoil-raja-raja-choleshwar-mahadevar-temple,"Sivankoil (Raja Raja Choleshwar Mahadevar Temple)",spiritual,4.2,900
Tamil Nadu,sri-perungaraiyadi-meenda-ayyanar-temple,"Sri Perungaraiyadi Meenda Ayyanar Temple",spiritual,4.2,900
Tamil Nadu,alavaimalai-subrayar-murugan-temple,"Alavaimalai Subrayar Murugan Temple",spiritual,4.4,900
Tamil Nadu,thandayuthapani-temples-chettikulam,"Thandayuthapani Temples, Chettikulam",spiritual,4.2,900
Tamil Nadu,therazhundur-vedapureeswarar-temple,"Therazhundur Vedapureeswarar Temple",spiritual,4.1,900
Tamil Nadu,pariyur-kondathu-kaliamman,"Pariyur Kondathu Kaliamman",spiritual,4.5,900
Tamil Nadu,ambal-brahmapureeswarar-temple,"Ambal Brahmapureeswarar Temple",spiritual,4.7,900
Tamil Nadu,karapuranathar-temple,"Karapuranathar Temple",spiritual,4.6,900
Tamil Nadu,prasanna-venkatachalapathi-temple-thuraiyur,"Prasanna Venkatachalapathi Temple, Thuraiyur",spiritual,4.6,900
Tamil Nadu,singamadai-ayyanar-temple-nalli,"Singamadai Ayyanar Temple, Nalli",spiritual,4.2,900
Tamil Nadu,paridiniyamam-parithiappar-temple,"Paridiniyamam Parithiappar Temple",spiritual,4.5,900
Tamil Nadu,tirukkollikkadu-agneeswarar-temple,"Tirukkollikkadu Agneeswarar Temple",spiritual,4.6,900
Tamil Nadu,patcheeswarar-temple,"Patcheeswarar temple",spiritual,4.4,900
Tamil Nadu,veeramakaliamman-temple-arantangi,"Veeramakaliamman Temple, Arantangi",spiritual,4.5,900
Tamil Nadu,peravallur-sundararaja-perumal-temple,"Peravallur Sundararaja Perumal Temple",spiritual,4.2,900
Tamil Nadu,virundeeswarar-temple,"Virundeeswarar Temple",spiritual,4.2,900
Tamil Nadu,st-peter-s-church-royapuram,"St. Peter's Church, Royapuram",spiritual,4.6,900
Tamil Nadu,wesley-church-egmore,"Wesley Church, Egmore",spiritual,4.6,900
Tamil Nadu,brough-memorial-church,"Brough Memorial Church",spiritual,4.5,900
Tamil Nadu,rudrakodisvarar-temple-sempankudi,"Rudrakodisvarar Temple, Sempankudi",spiritual,4.8,900
Tamil Nadu,thinthirineesvarar-temple-tindivanam,"Thinthirineesvarar Temple, Tindivanam",spiritual,4.4,900
Tamil Nadu,saint-paul-church-mela-ilandaikulam,"Saint Paul Church, Mela Ilandaikulam",spiritual,4.6,900
Tamil Nadu,st-stephen-s-church-kombuthurai,"St. Stephen's Church, Kombuthurai",spiritual,4.3,900
Tamil Nadu,deepanayakaswamy-jain-temple-deepankudi,"Deepanayakaswamy Jain Temple, Deepankudi",spiritual,4.2,900
Tamil Nadu,abaya-hastha-swayambu-sri-lakshmi-narasimha-swamy-temple-agaram-village-hosur,"Abaya Hastha Swayambu Sri Lakshmi Narasimha Swamy Temple, Agaram Village, Hosur",spiritual,4.7,900
Tamil Nadu,karaikandeswarar-temple-kanji,"Karaikandeswarar temple, Kanji",spiritual,4.1,900
Tamil Nadu,nallur-sundara-varadharaja-perumal-temple,"Nallur Sundara Varadharaja Perumal Temple",spiritual,4.4,900
Tamil Nadu,tholudur-madhurantaka-choleswarar,"Tholudur Madhurantaka Choleswarar",spiritual,4.6,900
Tamil Nadu,saccidananda-ashram,"Saccidananda Ashram",heritage,4.2,900
Tamil Nadu,basilica-of-st-john-de-britto,"Basilica of St. John de Britto",spiritual,4.6,900
Tamil Nadu,sri-varadharaja-perumal-kovil,"Sri Varadharaja Perumal Kovil",spiritual,4.8,900
Tamil Nadu,subrahmanya-temple-perambur,"Subrahmanya Temple, Perambur",spiritual,4.1,900
Tamil Nadu,therthangal-bird-sanctuary,"Therthangal Bird Sanctuary",wildlife,4.4,2500
Tamil Nadu,venugopalaswami-temple-kaliappettai,"Venugopalaswami Temple, Kaliappettai",spiritual,4.2,900
Tamil Nadu,vishahareswara-temple,"Vishahareswara Temple",spiritual,4.4,900
Tamil Nadu,sri-rajagopala-swamy-temple,"Sri Rajagopala Swamy temple",spiritual,4.8,900
Tamil Nadu,pathrakaliamman-temple,"Pathrakaliamman Temple",spiritual,4.5,900
Tamil Nadu,mavoothu-vellappar-temple,"Mavoothu Vellappar Temple",spiritual,4.2,900
Tamil Nadu,mariamman-temple-irukkankudi,"Mariamman Temple, Irukkankudi",spiritual,4.6,900
Tamil Nadu,sri-sengazhuneer-amman-temple,"Sri Sengazhuneer Amman Temple",spiritual,4.4,900
Tamil Nadu,alappancode-easwara-kala-bhoothathan-temple,"Alappancode Easwara Kala Bhoothathan Temple",spiritual,4.2,900
Tamil Nadu,st-francis-xavier-church-kethanahalli,"St. Francis Xavier Church, Kethanahalli",spiritual,4.3,900
Tamil Nadu,our-lady-of-mount-carmel-church-b-pallipatti,"Our Lady of Mount Carmel Church, B Pallipatti",spiritual,4.7,900
Tamil Nadu,vinnarasi-madha-church-gopasandiram,"Vinnarasi Madha Church, Gopasandiram",spiritual,4.6,900
Tamil Nadu,st-joseph-church-kathanpallam,"St. Joseph Church, Kathanpallam",spiritual,4.7,900
Tamil Nadu,thirumanangeeswarar-temple,"Thirumanangeeswarar Temple",spiritual,4.2,900
Tamil Nadu,elai-kaatha-amman-temple,"Elai Kaatha Amman Temple",spiritual,4.6,900
Tamil Nadu,podhu-aavudayar-temple,"Podhu Aavudayar Temple",spiritual,4.8,900
Tamil Nadu,c-s-i-ellis-memorial-church,"C.S.I Ellis Memorial Church",spiritual,4.5,900
Tamil Nadu,our-lady-of-rosary-church-kallakurichi,"Our Lady of Rosary Church, Kallakurichi",spiritual,4.6,900
Tamil Nadu,our-lady-of-fatima-church-krishnagiri,"Our Lady of Fatima Church, Krishnagiri",spiritual,4.6,900
Tamil Nadu,our-lady-of-presentation-church-mathapuram,"Our Lady of Presentation Church, Mathapuram",spiritual,4.3,900
Tamil Nadu,our-lady-of-good-health-church-mathigiri,"Our Lady of Good Health Church, Mathigiri",spiritual,4.5,900
Tamil Nadu,queen-of-angels-church-kadagathur,"Queen of Angels Church, Kadagathur",spiritual,4.8,900
Tamil Nadu,somanatha-pashana-lingeswarar-temple-timiri,"Somanatha Pashana Lingeswarar Temple, Timiri",spiritual,4.4,900
Tamil Nadu,st-john-s-cathedral-nazareth,"St. John's Cathedral, Nazareth",heritage,4.7,900
Tamil Nadu,adaikkala-madha-shrine-elakurichi,"Adaikkala Madha Shrine, Elakurichi",spiritual,4.4,900
Tamil Nadu,dhanushkodi,"Dhanushkodi",beach,4.9,2500
Tamil Nadu,tranquebar,"Tranquebar (Tharangambadi)",beach,4.8,3200
Tamil Nadu,valparai,"Valparai",hillstation,4.8,2500
Telangana,hyderabad,"Hyderabad",heritage,4.5,1200
Telangana,ramappa-temple,"Ramappa Temple",spiritual,4.6,900
Telangana,ramoji-film-city,"Ramoji Film City",heritage,4.2,900
Telangana,falaknuma-palace,"Falaknuma Palace",heritage,4.4,900
Telangana,chowmahalla-palace,"Chowmahalla Palace",heritage,4.5,900
Telangana,mahavir-harina-vanasthali-national-park,"Mahavir Harina Vanasthali National Park",wildlife,4.3,2500
Telangana,kasu-brahmananda-reddy-national-park,"Kasu Brahmananda Reddy National Park",wildlife,4.2,2500
Telangana,birla-mandir-hyderabad,"Birla Mandir, Hyderabad",spiritual,4.2,900
Telangana,basilica-of-our-lady-of-the-assumption-secunderabad,"Basilica of Our Lady of the Assumption, Secunderabad",spiritual,4.7,900
Telangana,thousand-pillar-temple,"Thousand Pillar Temple",spiritual,4.4,900
Telangana,warangal-fort,"Warangal Fort",heritage,4.5,900
Telangana,gnana-saraswati-temple,"Gnana Saraswati Temple",spiritual,4.5,900
Telangana,bhadrachalam-temple,"Bhadrachalam Temple",spiritual,4.8,900
Telangana,yadagirigutta-temple,"Yadagirigutta Temple",spiritual,4.5,900
Telangana,karmanghat-hanuman-temple,"Karmanghat Hanuman Temple",spiritual,4.2,900
Telangana,nizamia-observatory,"Nizamia observatory",heritage,4.5,900
Telangana,chaya-someswara-swamy-temple,"Chaya Someswara Swamy temple",spiritual,4.6,900
Telangana,wargal-saraswati-temple,"Wargal Saraswati Temple",spiritual,4.4,900
Telangana,chilkur-balaji-temple,"Chilkur Balaji Temple",spiritual,4.8,900
Telangana,hyderabad-kalibari,"Hyderabad Kalibari",spiritual,4.2,900
Telangana,pranahita-wildlife-sanctuary,"Pranahita Wildlife Sanctuary",wildlife,4.3,2500
Telangana,kawal-wildlife-sanctuary,"Kawal Wildlife Sanctuary",wildlife,4.6,2500
Telangana,asman-garh-palace,"Asman Garh Palace",heritage,4.2,900
Telangana,bhongir-fort,"Bhongir Fort",heritage,4.7,900
Telangana,medak-fort,"Medak Fort",heritage,4.4,900
Telangana,alampur-navabrahma-temples,"Alampur Navabrahma Temples",spiritual,4.3,900
Telangana,kulpakji,"Kulpakji",spiritual,4.7,900
Telangana,ashtalakshmi-temple-hyderabad,"Ashtalakshmi Temple, Hyderabad",spiritual,4.1,900
Telangana,sitaram-bagh-temple,"Sitaram Bagh temple",spiritual,4.7,900
Telangana,khammam-fort,"Khammam Fort",heritage,4.6,900
Telangana,sri-dubba-rajeshwara-swamy-temple,"Sri Dubba Rajeshwara Swamy Temple",spiritual,4.4,900
Telangana,kaleshwara-mukteswara-swamy-temple,"Kaleshwara Mukteswara Swamy Temple",spiritual,4.3,900
Telangana,erakeswara-temple-pillalamarri,"Erakeswara Temple, Pillalamarri",spiritual,4.5,900
Telangana,ananthagiri-temple,"Ananthagiri Temple",spiritual,4.6,900
Telangana,shivaram-wildlife-sanctuary,"Shivaram Wildlife Sanctuary",wildlife,4.4,2500
Telangana,pakhal-wildlife-sanctuary,"Pakhal Wildlife Sanctuary",wildlife,4.5,2500
Telangana,gayatri-waterfalls,"Gayatri Waterfalls",heritage,4.7,900
Telangana,buddhavanam,"Buddhavanam",heritage,4.5,900
Telangana,elgandal-fort,"Elgandal Fort",heritage,4.3,900
Telangana,gandhari-khilla,"Gandhari khilla",heritage,4.7,900
Telangana,ramagiri-fort,"Ramagiri Fort",heritage,4.7,900
Telangana,ramalingeswara-temple-nandikandi,"Ramalingeswara Temple, Nandikandi",spiritual,4.3,900
Telangana,holy-trinity-church-bolarum,"Holy Trinity Church, Bolarum",spiritual,4.4,900
Telangana,komrelly-mallanna-temple,"Komrelly Mallanna Temple",spiritual,4.5,900
Telangana,neelakanteshwara-temple,"Neelakanteshwara temple",spiritual,4.2,900
Telangana,saraswathi-kshetramu-ananthasagar,"Saraswathi Kshetramu, Ananthasagar",spiritual,4.3,900
Telangana,sri-raja-rajeshwara-temple,"Sri Raja Rajeshwara temple",spiritual,4.5,900
Telangana,sri-trilinga-sanghameshwara-swamy-temple,"Sri Trilinga Sanghameshwara swamy temple",spiritual,4.2,900
Telangana,jamalapuram-temple,"Jamalapuram Temple",spiritual,4.8,900
Telangana,sri-ranganayaka-swamy-temple,"Sri Ranganayaka Swamy Temple",spiritual,4.6,900
Telangana,kota-gullu,"Kota Gullu",spiritual,4.5,900
Telangana,dichpally-ramalayam,"Dichpally Ramalayam",spiritual,4.3,900
Telangana,katta-maisamma-temple,"Katta Maisamma temple",spiritual,4.4,900
Telangana,national-fisheries-development-board-building,"National Fisheries Development Board building",heritage,4.5,900
Telangana,osmania-arts-college,"Osmania Arts College",heritage,4.2,900
Tripura,tripura-sundari-temple,"Tripura Sundari Temple",spiritual,4.7,900
Tripura,sepahijala-wildlife-sanctuary,"Sepahijala Wildlife Sanctuary",wildlife,4.8,2500
Tripura,st-francis-xavier-cathedral-agartala,"St. Francis Xavier Cathedral, Agartala",heritage,4.3,900
Tripura,rajbari-national-park,"Rajbari National Park",wildlife,4.7,2500
Tripura,trishna-wildlife-sanctuary,"Trishna Wildlife Sanctuary",wildlife,4.7,2500
Tripura,lakshmi-narayan-temple-agartala,"Lakshmi Narayan Temple, Agartala",spiritual,4.6,900
Tripura,bhubaneswari-temple,"Bhubaneswari Temple",spiritual,4.8,900
Tripura,rowa-wildlife-sanctuary,"Rowa Wildlife Sanctuary",wildlife,4.6,2500
Tripura,chaturdasha-temple,"Chaturdasha Temple",spiritual,4.6,900
Tripura,kasbeswari-kali-mata,"Kasbeswari Kali Mata",spiritual,4.3,900
Tripura,unakoti,"Unakoti",heritage,4.8,1600
Uttar Pradesh,varanasi,"Varanasi",spiritual,4.5,350
Uttar Pradesh,noida,"Noida & Greater Noida",city,4.6,2400
Uttar Pradesh,fatehpur-sikri,"Fatehpur Sikri",heritage,4.4,900
Uttar Pradesh,agra-fort,"Agra Fort",heritage,4.3,900
Uttar Pradesh,ram-mandir,"Ram Mandir",spiritual,4.7,900
Uttar Pradesh,kashi-vishwanath-temple,"Kashi Vishwanath Temple",spiritual,4.2,900
Uttar Pradesh,pilibhit-tiger-reserve,"Pilibhit Tiger Reserve",wildlife,4.4,2500
Uttar Pradesh,dudhwa-national-park,"Dudhwa National Park",wildlife,4.7,2500
Uttar Pradesh,dashavatara-temple-deogarh,"Dashavatara Temple, Deogarh",spiritual,4.8,900
Uttar Pradesh,khusro-bagh,"Khusro Bagh",heritage,4.6,900
Uttar Pradesh,allahabad-fort,"Allahabad Fort",heritage,4.8,900
Uttar Pradesh,krishna-janmasthan-temple-complex,"Krishna Janmasthan Temple Complex",spiritual,4.5,900
Uttar Pradesh,banke-bihari-temple,"Banke Bihari Temple",spiritual,4.4,900
Uttar Pradesh,new-vishwanath-temple,"New Vishwanath Temple",spiritual,4.7,900
Uttar Pradesh,basilica-of-our-lady-of-graces,"Basilica of Our Lady of Graces",spiritual,4.8,900
Uttar Pradesh,sikandar-bagh,"Sikandar Bagh",heritage,4.3,900
Uttar Pradesh,bakhira-sanctuary,"Bakhira Sanctuary",wildlife,4.3,2500
Uttar Pradesh,nawabganj-bird-sanctuary,"Nawabganj Bird Sanctuary",wildlife,4.6,2500
Uttar Pradesh,gorakhnath-math,"Gorakhnath Math",spiritual,4.8,900
Uttar Pradesh,radha-raman-temple,"Radha Raman Temple",spiritual,4.8,900
Uttar Pradesh,shri-naimishnath-vishnu-temple,"Shri Naimishnath Vishnu Temple",spiritual,4.5,900
Uttar Pradesh,sri-radha-rani-temple,"Śrī Rādhā Rānī Temple",spiritual,4.3,900
Uttar Pradesh,jhansi-fort,"Jhansi Fort",heritage,4.7,900
Uttar Pradesh,chunar-fort,"Chunar Fort",heritage,4.6,900
Uttar Pradesh,garhwa-fort,"Garhwa Fort",heritage,4.7,900
Uttar Pradesh,samaspur-sanctuary,"Samaspur Sanctuary",wildlife,4.4,2500
Uttar Pradesh,etawah-safari-park,"Etawah Safari Park",heritage,4.2,900
Uttar Pradesh,baba-gangeshwarnath-dham,"Baba Gangeshwarnath Dham",spiritual,4.3,900
Uttar Pradesh,guru-ka-tal,"Guru ka Tal",heritage,4.4,900
Uttar Pradesh,lodheshwar-mahadev-mandir,"Lodheshwar Mahadev Mandir",spiritual,4.7,900
Uttar Pradesh,tiruvaaippadi,"Tiruvaaippadi",spiritual,4.2,900
Uttar Pradesh,chandrawati-jain-temple,"Chandrawati Jain temple",spiritual,4.8,900
Uttar Pradesh,swarved-mahamandir,"Swarved Mahamandir",spiritual,4.2,900
Uttar Pradesh,hastinapur-sanctuary,"Hastinapur Sanctuary",wildlife,4.2,2500
Uttar Pradesh,okhla-sanctuary,"Okhla Sanctuary",wildlife,4.8,2500
Uttar Pradesh,kaimoor-sanctuary,"Kaimoor Sanctuary",wildlife,4.3,2500
Uttar Pradesh,shaheed-ashfaq-ullah-khan-prani-udyan,"Shaheed Ashfaq Ullah Khan Prani Udyan",wildlife,4.5,2500
Uttar Pradesh,shahi-qila,"Shahi Qila",heritage,4.3,900
Uttar Pradesh,vijaygarh-fort,"Vijaygarh Fort",heritage,4.5,900
Uttar Pradesh,sita-samahit-sthal,"Sita Samahit Sthal",spiritual,4.2,900
Uttar Pradesh,kanpur-memorial-church,"Kanpur Memorial Church",spiritual,4.5,900
Uttar Pradesh,all-saints-garrison-church-lucknow,"All Saints Garrison Church, Lucknow",spiritual,4.7,900
Uttar Pradesh,chandrika-devi-temple-lucknow,"Chandrika Devi Temple, Lucknow",spiritual,4.3,900
Uttar Pradesh,jambudweep,"Jambudweep",spiritual,4.5,900
Uttar Pradesh,ramrekha-mandir,"Ramrekha Mandir",spiritual,4.6,900
Uttar Pradesh,bada-gaon-temple,"Bada Gaon temple",spiritual,4.4,900
Uttar Pradesh,sheetala-chaukia-dham-mandir-jaunpur,"Sheetala Chaukia Dham Mandir Jaunpur",spiritual,4.4,900
Uttar Pradesh,parhul-devi-temple,"Parhul Devi Temple",spiritual,4.5,900
Uttar Pradesh,ved-mata-gaytri-mandir,"Ved Mata Gaytri Mandir",spiritual,4.3,900
Uttar Pradesh,valmiki-ashram,"Valmiki Ashram",spiritual,4.8,900
Uttar Pradesh,sandi-bird-sanctuary,"Sandi Bird Sanctuary",wildlife,4.2,2500
Uttar Pradesh,vijai-sagar-sanctuary,"Vijai Sagar Sanctuary",wildlife,4.6,2500
Uttar Pradesh,parvati-arga-bird-sanctuary,"Parvati Arga Bird Sanctuary",wildlife,4.1,2500
Uttar Pradesh,portuguese-cemetery,"Portuguese Cemetery",heritage,4.2,900
Uttar Pradesh,fort-ruhya,"Fort Ruhya",heritage,4.4,900
Uttar Pradesh,hathras-fort,"Hathras Fort",heritage,4.7,900
Uttar Pradesh,kuchesar-fort,"Kuchesar Fort",heritage,4.2,900
Uttar Pradesh,vahelna-jain-temple,"Vahelna Jain temple",spiritual,4.3,900
Uttar Pradesh,sarnath-jain-tirth,"Sarnath Jain Tirth",spiritual,4.4,900
Uttar Pradesh,shobhnath-temple,"Shobhnath temple",spiritual,4.4,900
Uttar Pradesh,daan-ghati,"Daan-Ghati",spiritual,4.3,900
Uttar Pradesh,st-john-s-church-meerut,"St. John's Church, Meerut",spiritual,4.7,900
Uttar Pradesh,sacred-heart-church,"Sacred Heart Church",spiritual,4.5,900
Uttar Pradesh,jarai-ka-math,"Jarai-ka-Math",spiritual,4.7,900
Uttar Pradesh,belha-devi-temple,"Belha Devi Temple",spiritual,4.4,900
Uttar Pradesh,neelkantheshwar,"Neelkantheshwar",spiritual,4.4,900
Uttar Pradesh,vandevi-temple,"Vandevi Temple",spiritual,4.5,900
Uttar Pradesh,patna-bird-sanctuary,"Patna Bird Sanctuary",wildlife,4.4,2500
Uttar Pradesh,shekha-bird-sanctuary,"Shekha Bird Sanctuary",wildlife,4.6,2500
Uttar Pradesh,surha-tal-bird-sanctuary,"Surha Tal Bird Sanctuary",wildlife,4.6,2500
Uttar Pradesh,saman-bird-sanctuary,"Saman Bird Sanctuary",wildlife,4.1,2500
Uttar Pradesh,fatehgarh-fort,"Fatehgarh Fort",heritage,4.6,900
Uttar Pradesh,st-mary-s-church-noida,"St. Mary's Church, Noida",spiritual,4.3,900
Uttar Pradesh,renukeshwar-mahadev-temple,"Renukeshwar Mahadev Temple",spiritual,4.7,900
Uttar Pradesh,chauharjan-devi-temple,"Chauharjan Devi Temple",spiritual,4.7,900
Uttar Pradesh,maa-kaali-and-bhagwan-shankar-temple,"Maa Kaali & Bhagwan Shankar Temple",spiritual,4.2,900
Uttar Pradesh,gomateshwar-mahadev-temple-kerakat,"Gomateshwar Mahadev Temple,Kerakat",spiritual,4.1,900
Uttar Pradesh,sri-aastik-swami-mandir-raebareli,"Sri Aastik Swami Mandir, Raebareli",spiritual,4.2,900
Uttarakhand,kanatal,"Kanatal",hill_station,4.6,500
Uttarakhand,rishikesh,"Rishikesh",spiritual,4.6,350
Uttarakhand,nainital,"Nainital",hill_station,4.4,1200
Uttarakhand,mussoorie,"Mussoorie",hill_station,4.4,1300
Uttarakhand,auli,"Auli",adventure,4.6,2000
Uttarakhand,jim-corbett,"Jim Corbett",wildlife,4.5,2500
Uttarakhand,haridwar,"Haridwar",spiritual,4.5,900
Uttarakhand,lansdowne,"Lansdowne",hill_station,4.3,1500
Uttarakhand,ranikhet,"Ranikhet",hill_station,4.3,1400
Uttarakhand,chopta,"Chopta",hill_station,4.6,1200
Uttarakhand,munsiyari,"Munsiyari",hill_station,4.5,1300
Uttarakhand,binsar,"Binsar",wildlife,4.5,1500
Uttarakhand,dehradun,"Dehradun",hill_station,4.2,1100
Uttarakhand,valley-of-flowers-national-park,"Valley of Flowers National Park",wildlife,4.4,2500
Uttarakhand,nanda-devi-national-park,"Nanda Devi National Park",wildlife,4.7,2500
Uttarakhand,kedarnath-temple,"Kedarnath Temple",spiritual,4.5,900
Uttarakhand,badrinath-temple,"Badrinath Temple",spiritual,4.7,900
Uttarakhand,nanda-devi-and-valley-of-flowers-national-parks,"Nanda Devi and Valley of Flowers National Parks",wildlife,4.3,2500
Uttarakhand,gauri-kund,"Gauri Kund",spiritual,4.3,900
Uttarakhand,rudranath,"Rudranath",spiritual,4.7,900
Uttarakhand,yamunotri-temple,"Yamunotri Temple",spiritual,4.1,900
Uttarakhand,kalpeshwar,"Kalpeshwar",spiritual,4.2,900
Uttarakhand,madhyamaheshwar,"Madhyamaheshwar",spiritual,4.3,900
Uttarakhand,kempty-falls,"Kempty Falls",heritage,4.2,900
Uttarakhand,patal-bhuvaneshwar,"Patal Bhuvaneshwar",heritage,4.7,900
Uttarakhand,baleshwar-temple,"Baleshwar Temple",spiritual,4.8,900
Uttarakhand,daksheswara-mahadev-temple,"Daksheswara Mahadev Temple",spiritual,4.2,900
Uttarakhand,bagnath-temple,"Bagnath Temple",spiritual,4.7,900
Uttarakhand,triyuginarayan-temple,"Triyuginarayan Temple",spiritual,4.3,900
Uttarakhand,tapkeshwar-temple,"Tapkeshwar Temple",spiritual,4.6,900
Uttarakhand,sapta-badri,"Sapta Badri",spiritual,4.5,900
Uttarakhand,gopinath-mandir,"Gopinath Mandir",spiritual,4.6,900
Uttarakhand,neelkanth-mahadev-temple,"Neelkanth Mahadev Temple",spiritual,4.8,900
Uttarakhand,lakhamandal-temple-ruins-and-images,"Lakhamandal temple, ruins and images",spiritual,4.8,900
Uttarakhand,kainchi-dham,"Kainchi Dham",spiritual,4.1,900
Uttarakhand,vasudhara-falls,"Vasudhara Falls",heritage,4.2,900
Uttarakhand,umra-narayan,"Umra Narayan",spiritual,4.1,900
Uttarakhand,raghunathji-temple-devprayag,"Raghunathji Temple, Devprayag",spiritual,4.4,900
Uttarakhand,adi-badri-temples,"Adi Badri temples",spiritual,4.5,900
Uttarakhand,kamanda-mahadev,"Kamanda Mahadev",spiritual,4.7,900
Uttarakhand,beatles-ashram,"Beatles Ashram",heritage,4.8,900
Uttarakhand,gurdwara-nanak-mata-sahib,"Gurdwara Nanak Mata Sahib",heritage,4.2,900
Uttarakhand,moteshwar-mahadev,"Moteshwar Mahadev",spiritual,4.2,900
Uttarakhand,kalinka-pauri-garhwal,"Kalinka, Pauri Garhwal",spiritual,4.8,900
Uttarakhand,st-john-in-the-wilderness-nainital,"St. John in the Wilderness (Nainital)",spiritual,4.3,900
Uttarakhand,mussoorie-wildlife-sanctuary,"Mussoorie Wildlife Sanctuary",wildlife,4.4,2500
Uttarakhand,sonanadi-wildlife-sanctuary,"Sonanadi Wildlife Sanctuary",wildlife,4.4,2500
Uttarakhand,gujrugarhi,"Gujrugarhi",spiritual,4.1,900
Uttarakhand,chandrabadani-devi,"Chandrabadani Devi",spiritual,4.1,900
Uttarakhand,dhanaulti,"Dhanaulti",hillstation,4.7,2200
West Bengal,darjeeling,"Darjeeling",hill_station,4.6,500
West Bengal,kolkata,"Kolkata",heritage,4.5,1200
West Bengal,sundarbans,"Sundarbans",wildlife,4.4,2500
West Bengal,digha,"Digha",beach,4,900
West Bengal,sundarbans-national-park,"Sundarbans National Park",wildlife,4.3,2500
West Bengal,dakshineswar-kali-temple,"Dakshineswar Kali Temple",spiritual,4.6,900
West Bengal,fort-william,"Fort William",heritage,4.3,900
West Bengal,kalighat-kali-temple,"Kalighat Kali Temple",spiritual,4.1,900
West Bengal,singalila-national-park,"Singalila National Park",wildlife,4.2,2500
West Bengal,raiganj-wildlife-sanctuary,"Raiganj Wildlife Sanctuary",wildlife,4.7,2500
West Bengal,cooch-behar-palace,"Cooch Behar Palace",heritage,4.8,900
West Bengal,basilica-of-the-holy-rosary,"Basilica of the Holy-Rosary",spiritual,4.4,900
West Bengal,hangseshwari-temple,"Hangseshwari Temple",spiritual,4.7,900
West Bengal,garh-panchkot,"Garh Panchkot",heritage,4.4,900
West Bengal,hazarduari-palace,"Hazarduari Palace",heritage,4.3,900
West Bengal,bethuadahari-wildlife-sanctuary,"Bethuadahari Wildlife Sanctuary",wildlife,4.6,2500
West Bengal,buxa-fort,"Buxa Fort",heritage,4.3,900
West Bengal,armenian-church-of-st-john-the-baptist,"Armenian Church of St. John the Baptist",spiritual,4.4,900
West Bengal,bibhutibhushan-wildlife-sanctuary,"Bibhutibhushan Wildlife Sanctuary",wildlife,4.7,2500
West Bengal,nava-kailasha-temple,"Nava-Kailasha Temple",spiritual,4.2,900
West Bengal,st-mary-armenian-church,"St. Mary Armenian Church",spiritual,4.1,900
West Bengal,chapramari-wildlife-sanctuary,"Chapramari Wildlife Sanctuary",wildlife,4.6,2500
West Bengal,mahananda-wildlife-sanctuary,"Mahananda Wildlife Sanctuary",wildlife,4.5,2500
West Bengal,rasmancha,"Rasmancha",heritage,4.5,900
West Bengal,temple-of-vedic-planetarium,"Temple of Vedic Planetarium",spiritual,4.5,900
West Bengal,madangopal-jiu-temple,"Madangopal-jiu Temple",spiritual,4.5,900
West Bengal,jatar-deul,"Jatar Deul",spiritual,4.2,900
West Bengal,siddheshwar-temple,"Siddheshwar temple",spiritual,4.4,900
West Bengal,bargabhima-temple,"Bargabhima temple",spiritual,4.5,900
West Bengal,attahas-shaktipeeth,"Attahas Shaktipeeth",spiritual,4.4,900
West Bengal,temple-of-ichai-ghosh,"Temple of Ichai Ghosh",spiritual,4.2,900
West Bengal,kalyaneshwari-temple,"Kalyaneshwari Temple",spiritual,4.7,900
West Bengal,kiriteswari-temple,"Kiriteswari Temple",spiritual,4.5,900
West Bengal,ramnabagan-wildlife-sanctuary,"Ramnabagan Wildlife Sanctuary",wildlife,4.1,2500
West Bengal,ballabhpur-wildlife-sanctuary,"Ballabhpur Wildlife Sanctuary",wildlife,4.4,2500
West Bengal,eco-park,"Eco Park",heritage,4.5,900
West Bengal,nicco-park,"Nicco Park",heritage,4.7,900
West Bengal,jungle-mahal-zoological-park,"Jungle Mahal Zoological Park",wildlife,4.6,2500
West Bengal,kurumbera-fort,"Kurumbera Fort",heritage,4.2,900
West Bengal,andul-rajbari,"Andul Rajbari",heritage,4.8,900
West Bengal,st-olav-s-church-serampore,"St. Olav's Church, Serampore",spiritual,4.3,900
West Bengal,gokulchand-temple,"Gokulchand Temple",spiritual,4.7,900
West Bengal,ekteshwar-temple,"Ekteshwar Temple",spiritual,4.2,900
West Bengal,temple-of-banda,"Temple of Banda",spiritual,4.4,900
West Bengal,char-bangla-temples,"Char Bangla Temples",spiritual,4.2,900
West Bengal,jalpeshwar-shiva-temple,"Jalpeshwar Shiva temple",spiritual,4.3,900
West Bengal,twin-temples,"Twin temples",spiritual,4.5,900
West Bengal,senchal-wildlife-sanctuary,"Senchal Wildlife Sanctuary",wildlife,4.6,2500
West Bengal,chintamoni-kar-bird-sanctuary,"Chintamoni Kar Bird Sanctuary",wildlife,4.3,2500
West Bengal,lothian-island-wildlife-sanctuary,"Lothian Island Wildlife Sanctuary",wildlife,4.3,2500
West Bengal,haliday-island-wildlife-sanctuary,"Haliday Island Wildlife Sanctuary",wildlife,4.2,2500
West Bengal,brindaban-chandra-s-math,"Brindaban Chandra's Math",spiritual,4.7,900
West Bengal,chapra-christ-church,"Chapra Christ Church",spiritual,4.7,900
West Bengal,sridhar-temple,"Sridhar Temple",spiritual,4.4,900
West Bengal,taraknath-temple,"Taraknath Temple",spiritual,4.6,900
West Bengal,kamteswari-temple,"Kamteswari temple",spiritual,4.1,900
West Bengal,ramkeli-madanmohan-jiu-temple,"Ramkeli Madanmohan Jiu temple",spiritual,4.8,900
West Bengal,rampara-kalibari,"Rampara Kalibari",spiritual,4.6,900
West Bengal,jagatnagar-kalibari,"Jagatnagar Kalibari",spiritual,4.6,900
West Bengal,sat-deul,"Sat Deul",spiritual,4.5,900
West Bengal,keshabeshwar-temple,"Keshabeshwar temple",spiritual,4.3,900
West Bengal,nrisingha-temple,"Nrisingha Temple",spiritual,4.5,900
West Bengal,santinath-siva-temple,"Santinath Siva temple",spiritual,4.5,900
West Bengal,ghaghar-burhi-temple,"Ghaghar Burhi temple",spiritual,4.3,900
West Bengal,jore-pokhri-wildlife-sanctuary,"Jore Pokhri Wildlife Sanctuary",wildlife,4.6,2500
West Bengal,sacred-heart-french-cemetery,"Sacred Heart French Cemetery",spiritual,4.3,900
West Bengal,rangamati-tea-estate-cemetery,"Rangamati Tea Estate Cemetery",heritage,4.8,900
West Bengal,kalikapur-zamindar-palace,"Kalikapur Zamindar palace",heritage,4.2,900
West Bengal,st-john-s-church,"St. John's Church",spiritual,4.5,900
West Bengal,kanak-durga-temple,"Kanak Durga Temple",spiritual,4.6,900
West Bengal,nandikeshwari-temple,"Nandikeshwari Temple",spiritual,4.7,900
West Bengal,begunbari-kali-temple,"Begunbari Kali Temple",spiritual,4.6,900
West Bengal,bhavatarini-shmashanpith-kali-temple,"Bhavatarini Shmashanpith Kali Temple",spiritual,4.2,900
West Bengal,baneshwar-shiva-temple,"Baneshwar Shiva temple",spiritual,4.7,900
West Bengal,mohanpur-jagannath-temple,"Mohanpur Jagannath temple",spiritual,4.4,900
West Bengal,jatileswar-siva-temple,"Jatileswar Siva temple",spiritual,4.3,900
West Bengal,chakbhabani-kalibari,"Chakbhabani Kalibari",spiritual,4.2,900
West Bengal,sangchhen-thong-delling-monastery,"Sangchhen Thong Delling monastery",spiritual,4.7,900
West Bengal,ghanteshwar-temple,"Ghanteshwar Temple",spiritual,4.7,900
West Bengal,sandakphu,"Sandakphu",adventure,4.9,2200