region,slug,title,state,type,rating,minPrice
Ajmer,pushkar,"Pushkar",Rajasthan,spiritual,4.4,900
Anantnag,pahalgam,"Pahalgam",Jammu & Kashmir,hill_station,4.6,1800
Andaman & Nicobar,galathea-national-park,"Galathea National Park",Andaman & Nicobar,wildlife,4.7,2500
Andaman & Nicobar,mount-manipur-national-park,"Mount Manipur National Park",Andaman & Nicobar,wildlife,4.4,2500
Andaman & Nicobar,saddle-peak-national-park,"Saddle Peak National Park",Andaman & Nicobar,wildlife,4.6,2500
Andaman & Nicobar,south-button-island-national-park,"South Button Island National Park",Andaman & Nicobar,wildlife,4.1,2500
Andaman & Nicobar,sri-vetrimalai-murugan-temple,"Sri Vetrimalai Murugan Temple",Andaman & Nicobar,spiritual,4.4,900
Andaman & Nicobar,kwangtung-island-wildlife-sanctuary,"Kwangtung Island Wildlife Sanctuary",Andaman & Nicobar,wildlife,4.5,2500
Andaman & Nicobar,bamboo-island-wildlife-sanctuary,"Bamboo Island Wildlife Sanctuary",Andaman & Nicobar,wildlife,4.3,2500
Andhra Pradesh,tirumala-venkateswara-temple,"Tirumala Venkateswara Temple",Andhra Pradesh,spiritual,4.5,900
Andhra Pradesh,belum-caves,"Belum Caves",Andhra Pradesh,heritage,4.5,900
Andhra Pradesh,mallikarjuna-temple,"Mallikarjuna Temple",Andhra Pradesh,spiritual,4.7,900
Andhra Pradesh,simhachalam-temple,"Simhachalam Temple",Andhra Pradesh,spiritual,4.2,900
Andhra Pradesh,kanaka-durga-temple,"Kanaka Durga Temple",Andhra Pradesh,spiritual,4.4,900
Andhra Pradesh,srikalahasti-temple,"Srikalahasti Temple",Andhra Pradesh,spiritual,4.2,900
Andhra Pradesh,veerabhadra-temple,"Veerabhadra Temple",Andhra Pradesh,spiritual,4.3,900
Andhra Pradesh,arasavalli-sun-temple,"Arasavalli Sun Temple",Andhra Pradesh,spiritual,4.2,900
Andhra Pradesh,ethipothala-falls,"Ethipothala Falls",Andhra Pradesh,heritage,4.3,900
Andhra Pradesh,ramakrishna-mission-beach,"Ramakrishna Mission Beach",Andhra Pradesh,beach,4.7,1200
Andhra Pradesh,konda-reddy-fort,"Konda Reddy Fort",Andhra Pradesh,heritage,4.3,900
Andhra Pradesh,yaganti-temple,"Yaganti Temple",Andhra Pradesh,spiritual,4.6,900
Andhra Pradesh,sri-kodandrama-swamy-temple-vontimitta,"Sri Kodandrama Swamy Temple, Vontimitta",Andhra Pradesh,spiritual,4.6,900
Andhra Pradesh,papikonda-national-park,"Papikonda National Park",Andhra Pradesh,wildlife,4.1,2500
Andhra Pradesh,rushikonda-beach,"Rushikonda Beach",Andhra Pradesh,beach,4.3,1200
Andhra Pradesh,kondaveedu-fort,"Kondaveedu Fort",Andhra Pradesh,heritage,4.5,900
Andhra Pradesh,kondapalli-fort,"Kondapalli Fort",Andhra Pradesh,heritage,4.6,900
Andhra Pradesh,kanipakam-vinayaka-temple,"Kanipakam Vinayaka Temple",Andhra Pradesh,spiritual,4.8,900
Andhra Pradesh,somarama,"Somarama",Andhra Pradesh,spiritual,4.3,900
Andhra Pradesh,mogalrajapuram-caves,"Mogalrajapuram caves",Andhra Pradesh,spiritual,4.4,900
Andhra Pradesh,pulicat-lake-bird-sanctuary,"Pulicat Lake Bird Sanctuary",Andhra Pradesh,wildlife,4.6,2500
Andhra Pradesh,talakona,"Talakona",Andhra Pradesh,heritage,4.2,900
Andhra Pradesh,chandragiri-fort,"Chandragiri Fort",Andhra Pradesh,heritage,4.1,900
Andhra Pradesh,palli-kondeswarar-temple-surutupalle,"Palli Kondeswarar Temple, Surutupalle",Andhra Pradesh,spiritual,4.2,900
Andhra Pradesh,kumararama,"Kumararama",Andhra Pradesh,spiritual,4.1,900
Andhra Pradesh,chintala-venkataramana-temple-tadipatri,"Chintala Venkataramana Temple, Tadipatri",Andhra Pradesh,spiritual,4.5,900
Andhra Pradesh,annavaram-satyanarayana-temple,"Annavaram Satyanarayana Temple",Andhra Pradesh,spiritual,4.5,900
Andhra Pradesh,manjira-wildlife-sanctuary,"Manjira Wildlife Sanctuary",Andhra Pradesh,wildlife,4.1,2500
Andhra Pradesh,kambalakonda-wildlife-sanctuary,"Kambalakonda Wildlife Sanctuary",Andhra Pradesh,wildlife,4.6,2500
Andhra Pradesh,kondakarla-ava,"Kondakarla Āva",Andhra Pradesh,beach,4.7,1200
Andhra Pradesh,vodarevu-beach,"Vodarevu Beach",Andhra Pradesh,beach,4.2,1200
Andhra Pradesh,gooty-fort,"Gooty Fort",Andhra Pradesh,heritage,4.2,900
Andhra Pradesh,madaksira-hill-fort,"Madaksira hill fort",Andhra Pradesh,heritage,4.8,900
Andhra Pradesh,amararama,"Amararama",Andhra Pradesh,spiritual,4.4,900
Andhra Pradesh,ksheerarama,"Ksheerarama",Andhra Pradesh,spiritual,4.2,900
Andhra Pradesh,bhavanarayana-temple,"Bhavanarayana temple",Andhra Pradesh,spiritual,4.2,900
Andhra Pradesh,prasanna-venkateswara-temple,"Prasanna Venkateswara Temple",Andhra Pradesh,spiritual,4.5,900
Andhra Pradesh,devipuram,"Devipuram",Andhra Pradesh,spiritual,4.5,900
Andhra Pradesh,kurmanathaswamy-temple-srikurmam,"Kurmanathaswamy Temple, Srikurmam",Andhra Pradesh,spiritual,4.8,900
Andhra Pradesh,kolleru-bird-sanctuary,"Kolleru Bird Sanctuary",Andhra Pradesh,wildlife,4.5,2500
Andhra Pradesh,rajiv-gandhi-national-park,"Rajiv Gandhi National Park",Andhra Pradesh,wildlife,4.5,2500
Andhra Pradesh,rollapadu-wildlife-sanctuary,"Rollapadu Wildlife Sanctuary",Andhra Pradesh,wildlife,4.1,2500
Andhra Pradesh,sri-lakshmi-narasimha-swamy-temple-antarvedi,"Sri Lakshmi Narasimha Swamy Temple, Antarvedi",Andhra Pradesh,spiritual,4.5,900
Andhra Pradesh,vedanarayana-temple-nagalapuram,"Vedanarayana Temple, Nagalapuram",Andhra Pradesh,spiritual,4.3,900
Andhra Pradesh,parasuramesvara-temple,"Parasuramesvara Temple",Andhra Pradesh,spiritual,4.4,900
Andhra Pradesh,mangapuram-venkatesvara-vishnu-temple,"Mangapuram Venkatesvara Vishnu Temple",Andhra Pradesh,spiritual,4.7,900
Andhra Pradesh,lakshmi-narasimha-swamy-temple-penna-ahobilam,"Lakshmi Narasimha swamy temple, Penna Ahobilam",Andhra Pradesh,spiritual,4.6,900
Andhra Pradesh,someswara-swamy-temple-appikonda,"Someswara Swamy Temple, Appikonda",Andhra Pradesh,spiritual,4.6,900
Andhra Pradesh,koneti-rayala-swamy-temple,"Koneti Rayala Swamy Temple",Andhra Pradesh,spiritual,4.7,900
Andhra Pradesh,kotappakonda,"Kotappakonda",Andhra Pradesh,spiritual,4.1,900
Andhra Pradesh,lakshmi-narasimha-temple-mangalagiri,"Lakshmi Narasimha Temple, Mangalagiri",Andhra Pradesh,spiritual,4.7,900
Andhra Pradesh,beeramgunta-poleramma-temple,"Beeramgunta Poleramma Temple",Andhra Pradesh,spiritual,4.6,900
Andhra Pradesh,ratnagiri-fort,"Ratnagiri Fort",Andhra Pradesh,heritage,4.5,900
Andhra Pradesh,sri-kodandarama-swami-devastanam,"Sri Kodandarama Swami Devastanam",Andhra Pradesh,spiritual,4.5,900
Andhra Pradesh,talupulamma-lova,"Talupulamma Lova",Andhra Pradesh,spiritual,4.2,900
Andhra Pradesh,pushpagiri-group-of-temples,"Pushpagiri Group of Temples",Andhra Pradesh,spiritual,4.3,900
Andhra Pradesh,kotasattemma-temple-nidadavolu,"Kotasattemma Temple, Nidadavolu",Andhra Pradesh,spiritual,4.7,900
Andhra Pradesh,veerabhadra-temple-pattiseema,"Veerabhadra Temple, Pattiseema",Andhra Pradesh,spiritual,4.6,900
Andhra Pradesh,swayambhu-sri-abhista-gnana-ganapathi-temple,"Swayambhu Sri Abhista Gnana Ganapathi Temple",Andhra Pradesh,spiritual,4.7,900
Andhra Pradesh,thiripurantakesvararar-temple-tripuranthakam,"Thiripurantakesvararar Temple, Tripuranthakam",Andhra Pradesh,spiritual,4.3,900
Andhra Pradesh,chengalamma-parameshwari-temple,"Chengalamma Parameshwari Temple",Andhra Pradesh,spiritual,4.4,900
Andhra Pradesh,gangamma-temple-dhenuvakonda,"Gangamma Temple, Dhenuvakonda",Andhra Pradesh,spiritual,4.8,900
Andhra Pradesh,koulutla-chenna-kesava-temple,"Koulutla Chenna Kesava Temple",Andhra Pradesh,spiritual,4.6,900
Andhra Pradesh,gundla-brahmeswaram-wildlife-sanctuary,"Gundla Brahmeswaram Wildlife Sanctuary",Andhra Pradesh,wildlife,4.5,2500
Andhra Pradesh,ramayapatnam-beach,"Ramayapatnam Beach",Andhra Pradesh,beach,4.2,1200
Andhra Pradesh,ramalingeswara-swamy-temple,"Ramalingeswara swamy Temple",Andhra Pradesh,spiritual,4.1,900
Andhra Pradesh,dibbesvarasvamipur-temple,"Dibbesvarasvamipur Temple",Andhra Pradesh,spiritual,4.5,900
Andhra Pradesh,siddalakona,"SiddalaKona",Andhra Pradesh,spiritual,4.3,900
Andhra Pradesh,sri-sunama-jakini-matha,"Sri Sunama Jakini Matha",Andhra Pradesh,spiritual,4.2,900
Andhra Pradesh,peddintlamma-temple-kolletikota,"Peddintlamma Temple, Kolletikota",Andhra Pradesh,spiritual,4.3,900
Andhra Pradesh,sri-talpagiri-ranganadha-swamy-temple-nellore,"Sri Talpagiri Ranganadha Swamy Temple, Nellore",Andhra Pradesh,spiritual,4.7,900
Andhra Pradesh,andhra-shiridi,"Andhra Shiridi",Andhra Pradesh,spiritual,4.3,900
Andhra Pradesh,sai-shiva-balaji-mandir-dharmapuri,"Sai Shiva Balaji Mandir, Dharmapuri",Andhra Pradesh,spiritual,4.3,900
Andhra Pradesh,sri-sri-nookambika-ammavari-temple,"Sri Sri Nookambika Ammavari Temple",Andhra Pradesh,spiritual,4.8,900
Andhra Pradesh,chowdeshwari-temple-at-nandavaram,"Chowdeshwari Temple at Nandavaram",Andhra Pradesh,spiritual,4.4,900
Andhra Pradesh,maddi-anjaneya-temple,"Maddi Anjaneya Temple",Andhra Pradesh,spiritual,4.5,900
Aravalli Plains,jaipur,"Jaipur",Rajasthan,heritage,4.6,900
Aravalli Range,mount-abu,"Mount Abu",Rajasthan,hill_station,4.4,1000
Arunachal Pradesh,malinithan,"Malinithan",Arunachal Pradesh,spiritual,4.6,900
Arunachal Pradesh,eaglenest-wildlife-sanctuary,"Eaglenest Wildlife Sanctuary",Arunachal Pradesh,wildlife,4.6,2500
Arunachal Pradesh,nuranang-falls,"Nuranang Falls",Arunachal Pradesh,heritage,4.1,900
Arunachal Pradesh,chumi-gyatse-falls,"Chumi Gyatse Falls",Arunachal Pradesh,heritage,4.4,900
Arunachal Pradesh,kameng-elephant-reserve,"Kameng Elephant Reserve",Arunachal Pradesh,heritage,4.7,900
Arunachal Pradesh,sessa-orchid-sanctuary,"Sessa Orchid Sanctuary",Arunachal Pradesh,wildlife,4.6,2500
Arunachal Pradesh,talley-valley-wildlife-sanctuary,"Talley Valley Wildlife Sanctuary",Arunachal Pradesh,wildlife,4.6,2500
Arunachal Pradesh,itanagar-wildlife-sanctuary,"Itanagar Wildlife Sanctuary",Arunachal Pradesh,wildlife,4.1,2500
Arunachal Pradesh,kane-wildlife-sanctuary,"Kane Wildlife Sanctuary",Arunachal Pradesh,wildlife,4.6,2500
Arunachal Pradesh,mehao-wildlife-sanctuary,"Mehao Wildlife Sanctuary",Arunachal Pradesh,wildlife,4.2,2500
Assam,kamakhya-temple,"Kamakhya Temple",Assam,spiritual,4.7,900
Assam,maidam,"Maidam",Assam,heritage,4.1,900
Assam,orang-national-park,"Orang National Park",Assam,wildlife,4.4,2500
Assam,pobitora-wildlife-sanctuary,"Pobitora Wildlife Sanctuary",Assam,wildlife,4.2,2500
Assam,sivasagar-sivadol,"Sivasagar Sivadol",Assam,spiritual,4.8,900
Assam,umananda-temple,"Umananda Temple",Assam,spiritual,4.4,900
Assam,assam-state-zoo-cum-botanical-garden,"Assam State Zoo cum Botanical Garden",Assam,wildlife,4.1,2500
Assam,hayagriva-madhava-temple,"Hayagriva Madhava Temple",Assam,spiritual,4.5,900
Assam,mahabhairav-temple,"Mahabhairav Temple",Assam,spiritual,4.4,900
Assam,negheriting-shiva-doul,"Negheriting Shiva Doul",Assam,spiritual,4.8,900
Assam,garampani-wildlife-sanctuary,"Garampani Wildlife Sanctuary",Assam,wildlife,4.1,2500
Assam,hoollongapar-gibbon-sanctuary,"Hoollongapar Gibbon Sanctuary",Assam,wildlife,4.5,2500
Assam,kareng-ghar,"Kareng Ghar",Assam,heritage,4.1,900
Assam,hatimura-temple,"Hatimura Temple",Assam,spiritual,4.5,900
Assam,maha-mrityunjay-temple,"Maha Mrityunjay Temple",Assam,spiritual,4.3,900
Assam,bura-chapori-wildlife-sanctuary,"Bura Chapori Wildlife Sanctuary",Assam,wildlife,4.3,2500
Assam,chakrashila-wildlife-sanctuary,"Chakrashila Wildlife Sanctuary",Assam,wildlife,4.2,2500
Assam,bornadi-wildlife-sanctuary,"Bornadi Wildlife Sanctuary",Assam,wildlife,4.5,2500
Assam,mahamaya-dham,"Mahamaya Dham",Assam,spiritual,4.7,900
Assam,burhi-gosani-devalaya-jorhat,"Burhi Gosani Devalaya Jorhat",Assam,spiritual,4.3,900
Assam,deopani-durga-mandir,"Deopani Durga Mandir",Assam,spiritual,4.5,900
Assam,gurdwara-sri-guru-tegh-bahadur-sahib,"Gurdwara Sri Guru Tegh Bahadur Sahib",Assam,heritage,4.4,900
Assam,da-parbatia,"Da Parbatia",Assam,spiritual,4.3,900
Assam,joysagar-vishnudol,"Joysagar Vishnudol",Assam,spiritual,4.6,900
Assam,bhimeswar-dham,"Bhimeswar Dham",Assam,spiritual,4.4,900
Assam,bharali-namghar,"Bharali Namghar",Assam,spiritual,4.7,900
Assam,bherjan-borajan-padumoni-wildlife-sanctuary,"Bherjan-Borajan-Padumoni Wildlife Sanctuary",Assam,wildlife,4.3,2500
Assam,east-karbi-anglong-wildlife-sanctuary,"East Karbi-Anglong Wildlife Sanctuary",Assam,wildlife,4.2,2500
Assam,amchang-wildlife-sanctuary,"Amchang Wildlife Sanctuary",Assam,wildlife,4.2,2500
Assam,pani-dihing-wildlife-sanctuary,"Pani Dihing Wildlife Sanctuary",Assam,wildlife,4.6,2500
Assam,lankeshwar-temple,"Lankeshwar Temple",Assam,spiritual,4.4,900
Assam,bagheswari-temple-bongaigaon,"Bagheswari Temple, Bongaigaon",Assam,spiritual,4.4,900
Assam,bileswar-temple,"Bileswar Temple",Assam,spiritual,4.6,900
Assam,nagsankar-mandir,"Nagsankar Mandir",Assam,spiritual,4.3,900
Assam,siva-doul,"Siva Doul",Assam,spiritual,4.5,900
Assam,vasudeva-doul,"Vasudeva Doul",Assam,spiritual,4.6,900
Assam,panimur,"Panimur",Assam,heritage,4.4,900
Assam,deepar-beel-wildlife-sanctuary,"Deepar Beel Wildlife Sanctuary",Assam,wildlife,4.2,2500
Assam,nambor-doigrung-wildlife-sanctuary,"Nambor - Doigrung Wildlife Sanctuary",Assam,wildlife,4.1,2500
Assam,govinda-temple-hojai,"Govinda Temple, Hojai",Assam,spiritual,4.7,900
Assam,golaghat-british-cemetery,"Golaghat British Cemetery",Assam,spiritual,4.3,900
Aurangabad,ajanta-ellora,"Ajanta & Ellora",Maharashtra,heritage,4.7,1000
Backwaters,alleppey,"Alleppey",Kerala,beach,4.6,1500
Backwaters,kumarakom,"Kumarakom",Kerala,beach,4.5,1800
Bagalkot,badami,"Badami",Karnataka,heritage,4.4,900
BandiPora District,gurez-valley,"Gurez Valley",Jammu & Kashmir,hillstation,4.9,3000
Banjar Valley / Kullu,jibhi,"Jibhi",Himachal Pradesh,hillstation,4.9,1800
Bastar District,chitrakote-falls,"Chitrakote Falls",Chhattisgarh,nature,4.8,2000
Bay of Bengal,digha,"Digha",West Bengal,beach,4,900
Bihar,rohtasgarh-fort,"Rohtasgarh Fort",Bihar,heritage,4.5,900
Bihar,mundeshwari-temple,"Mundeshwari Temple",Bihar,spiritual,4.7,900
Bihar,takht-sri-patna-sahib,"Takht Sri Patna Sahib",Bihar,heritage,4.1,900
Bihar,kanwar-lake-bird-sanctuary,"Kanwar Lake Bird Sanctuary",Bihar,wildlife,4.7,2500
Bihar,vishnupad-temple-gaya,"Vishnupad Temple, Gaya",Bihar,spiritual,4.6,900
Bihar,baba-garib-sthan-mandir,"Baba Garib Sthan Mandir",Bihar,spiritual,4.1,900
Bihar,bhimbandh-wildlife-sanctuary,"Bhimbandh Wildlife Sanctuary",Bihar,wildlife,4.5,2500
Bihar,mangla-gauri-temple,"Mangla Gauri Temple",Bihar,spiritual,4.8,900
Bihar,ashokdham-temple,"Ashokdham Temple",Bihar,spiritual,4.4,900
Bihar,gautam-budha-wildlife-sanctuary,"Gautam Budha Wildlife Sanctuary",Bihar,wildlife,4.7,2500
Bihar,udaypur-wildlife-sanctuary,"Udaypur Wildlife Sanctuary",Bihar,wildlife,4.4,2500
Bihar,aranya-devi-temple-arrah,"Aranya Devi Temple, Arrah",Bihar,spiritual,4.4,900
Bihar,maa-tara-chandi-temple,"Maa Tara Chandi Temple",Bihar,spiritual,4.7,900
Bihar,kaimur-wildlife-sanctuary,"Kaimur Wildlife Sanctuary",Bihar,wildlife,4.8,2500
Bihar,munger-fort,"Munger Fort",Bihar,heritage,4.8,900
Bihar,buxar-fort,"Buxar Fort",Bihar,heritage,4.5,900
Bihar,darbhanga-fort,"Darbhanga Fort",Bihar,heritage,4.2,900
Bihar,gurdwara-bal-lila-maini-sangat,"Gurdwara Bal Lila Maini Sangat",Bihar,heritage,4.7,900
Bihar,pataleshwar-mandir,"Pataleshwar Mandir",Bihar,spiritual,4.8,900
Bihar,vikramshila-gangetic-dolphin-sanctuary,"Vikramshila Gangetic Dolphin Sanctuary",Bihar,wildlife,4.7,2500
Bihar,chandika-sthan,"Chandika Sthan",Bihar,spiritual,4.4,900
Bihar,pant-wildlife-sanctuary,"Pant Wildlife Sanctuary",Bihar,wildlife,4.6,2500
Bihar,kapileshwar-temple,"Kapileshwar Temple",Bihar,spiritual,4.6,900
Bihar,khudneshwar-asthan-morwa,"Khudneshwar Asthan Morwa",Bihar,spiritual,4.2,900
Bihar,lal-keshwar-shiv-temple,"Lal Keshwar Shiv Temple",Bihar,spiritual,4.3,900
Bihar,basilica-of-our-lady-of-divine-grace,"Basilica of Our Lady of Divine Grace",Bihar,spiritual,4.7,900
Bihar,iskcon-temple-patna,"ISKCON Temple Patna",Bihar,spiritual,4.1,900
Bihar,nagi-bird-sanctuary,"Nagi Bird Sanctuary",Bihar,wildlife,4.6,2500
Bihar,barela-bird-sanctuary,"Barela Bird Sanctuary",Bihar,wildlife,4.2,2500
Bihar,kusheshwar-asthan-bird-sanctuary,"Kusheshwar Asthan Bird Sanctuary",Bihar,wildlife,4.3,2500
Bihar,rajauli-wildlife-sanctuary,"Rajauli Wildlife Sanctuary",Bihar,wildlife,4.7,2500
Bihar,nandangarh-stupa-and-rampart,"Nandangarh Stupa and Rampart",Bihar,heritage,4.4,900
Bihar,koncheswar-mahadev-temple,"Koncheswar Mahadev temple",Bihar,spiritual,4.8,900
Bihar,sundernath,"Sundernath",Bihar,spiritual,4.2,900
Bihar,vishwamitra-ashram-bisaul,"Vishwamitra Ashram, Bisaul",Bihar,heritage,4.3,900
Bihar,gurdwara-handi-sahib,"Gurdwara Handi Sahib",Bihar,heritage,4.2,900
Bishnupur District,loktak-lake,"Loktak Lake",Manipur,nature,4.9,2400
Brahmaputra Valley,kaziranga,"Kaziranga",Assam,wildlife,4.8,600
Brahmaputra,majuli,"Majuli",Assam,heritage,4.4,1000
Buldhana District,lonar-crater,"Lonar Crater Lake",Maharashtra,nature,4.7,1800
Bundelkhand,khajuraho,"Khajuraho",Madhya Pradesh,heritage,4.6,900
Bundelkhand,orchha,"Orchha",Madhya Pradesh,heritage,4.6,900
Cape Comorin,kanyakumari,"Kanyakumari",Tamil Nadu,beach,4.4,900
Chamarajanagar,bandipur,"Bandipur",Karnataka,wildlife,4.5,2500
Chamba,dalhousie,"Dalhousie",Himachal Pradesh,hill_station,4.3,1300
Chamba,khajjiar,"Khajjiar",Himachal Pradesh,hill_station,4.4,1400
Chambal,gwalior,"Gwalior",Madhya Pradesh,heritage,4.4,900
Chandigarh,burail-fort,"Burail Fort",Chandigarh,heritage,4.4,900
Chandigarh,manimajra-fort,"Manimajra Fort",Chandigarh,heritage,4.4,900
Changthang Plateau,hanle,"Hanle",Ladakh,adventure,4.9,2500
Chhattisgarh,chitrakoot-falls,"Chitrakoot Falls",Chhattisgarh,heritage,4.5,900
Chhattisgarh,teerathgarh-falls,"Teerathgarh Falls",Chhattisgarh,scenic,4.8,900
Chhattisgarh,bhoramdeo-temple,"Bhoramdeo Temple",Chhattisgarh,spiritual,4.7,900
Chhattisgarh,kotumsar-cave,"Kotumsar Cave",Chhattisgarh,heritage,4.2,900
Chhattisgarh,bambleshwari-temple,"Bambleshwari Temple",Chhattisgarh,spiritual,4.5,900
Chhattisgarh,maitri-baagh-zoo,"Maitri Baagh Zoo",Chhattisgarh,wildlife,4.7,2500
Chhattisgarh,ashtabhuji-temple,"Ashtabhuji Temple",Chhattisgarh,spiritual,4.1,900
Chhattisgarh,rajiv-lochan-temple-rajim,"Rajiv Lochan temple, Rajim",Chhattisgarh,spiritual,4.6,900
Chhattisgarh,barfani-dham,"Barfani dham",Chhattisgarh,spiritual,4.4,900
Chhattisgarh,dhumnath-temple,"Dhumnath Temple",Chhattisgarh,spiritual,4.7,900
Chhattisgarh,cathedral-of-our-lady-of-the-rosary,"Cathedral of Our Lady of the Rosary",Chhattisgarh,spiritual,4.4,900
Chhattisgarh,mahadev-temple-deobaloda,"Mahadev Temple, Deobaloda",Chhattisgarh,spiritual,4.2,900
Chhattisgarh,indal-deul-temple-kharod,"Indal Deul temple, Kharod",Chhattisgarh,spiritual,4.2,900
Chhattisgarh,nandanvan-jungle-safari,"Nandanvan Jungle Safari",Chhattisgarh,wildlife,4.5,2500
Chhattisgarh,arang-jain-temples,"Arang Jain temples",Chhattisgarh,spiritual,4.1,900
Chhattisgarh,bhooteshwarnath,"Bhooteshwarnath",Chhattisgarh,spiritual,4.2,900
Chhattisgarh,mendri-ghumar,"Mendri Ghumar",Chhattisgarh,heritage,4.3,900
Chota Nagpur,netarhat,"Netarhat",Jharkhand,hill_station,4.2,1000
Coimbatore District,valparai,"Valparai",Tamil Nadu,hillstation,4.8,2500
Coromandel Coast,pondicherry,"Pondicherry",Puducherry,beach,4.5,1200
Coromandel Coast,mahabalipuram,"Mahabalipuram",Tamil Nadu,heritage,4.6,1000
Coromandel Coast,puri,"Puri",Odisha,spiritual,4.5,900
Coromandel Coast,konark,"Konark",Odisha,heritage,4.6,900
Daman & Diu,fort-st-anthony-of-simbor,"Fort St. Anthony of Simbor",Daman & Diu,heritage,4.7,900
Daman & Diu,dadra-and-nagar-haveli-wildlife-sanctuary,"Dadra and Nagar Haveli Wildlife Sanctuary",Daman & Diu,wildlife,4.6,2500
Dang,saputara,"Saputara",Gujarat,hill_station,4.2,1100
Darjeeling District,sandakphu,"Sandakphu",West Bengal,adventure,4.9,2200
Deccan Plateau,mysore,"Mysore",Karnataka,heritage,4.6,1000
Deccan Plateau,hyderabad,"Hyderabad",Telangana,heritage,4.5,1200
Delhi,red-fort,"Red Fort",Delhi,heritage,4.4,900
Delhi,lotus-temple,"Lotus Temple",Delhi,spiritual,4.1,900
Delhi,chhatarpur-temple,"Chhatarpur Temple",Delhi,spiritual,4.6,900
Delhi,jhandewalan-temple,"Jhandewalan Temple",Delhi,spiritual,4.7,900
Delhi,asola-bhatti-wildlife-sanctuary,"Asola Bhatti Wildlife Sanctuary",Delhi,wildlife,4.7,2500
Delhi,gurdwara-dam-dama-sahib,"Gurdwara Dam Dama Sahib",Delhi,heritage,4.3,900
Delhi,st-sebastian-s-church,"St. Sebastian's Church,",Delhi,spiritual,4.8,900
Delhi,st-james-orthodox-church-mayur-vihar-phase-3-delhi,"St. James' Orthodox Church, Mayur Vihar Phase-3, Delhi",Delhi,spiritual,4.5,900
Dhar District,mandu,"Mandu (Mandav)",Madhya Pradesh,heritage,4.8,2000
Doon Valley,dehradun,"Dehradun",Uttarakhand,hill_station,4.2,1100
East Khasi Hills,mawlynnong,"Mawlynnong",Meghalaya,nature,4.8,1800
East Sikkim,gangtok,"Gangtok",Sikkim,hill_station,4.6,1500
Eastern Ghats,visakhapatnam,"Visakhapatnam",Andhra Pradesh,beach,4.4,1200
Eastern Ghats,araku-valley,"Araku Valley",Andhra Pradesh,hill_station,4.4,1100
Eastern Himalayas,darjeeling,"Darjeeling",West Bengal,hill_station,4.6,500
Ganderbal,sonamarg,"Sonamarg",Jammu & Kashmir,hill_station,4.5,1800
Ganga Plains,haridwar,"Haridwar",Uttarakhand,spiritual,4.5,900
Ganges Delta,sundarbans,"Sundarbans",West Bengal,wildlife,4.4,2500
Gangetic Plains,varanasi,"Varanasi",Uttar Pradesh,spiritual,4.5,350
Garhwal Himalayas,kanatal,"Kanatal",Uttarakhand,hill_station,4.6,500
Garhwal Himalayas,rishikesh,"Rishikesh",Uttarakhand,spiritual,4.6,350
Garhwal,mussoorie,"Mussoorie",Uttarakhand,hill_station,4.4,1300
Garhwal,auli,"Auli",Uttarakhand,adventure,4.6,2000
Garhwal,lansdowne,"Lansdowne",Uttarakhand,hill_station,4.3,1500
Garhwal,chopta,"Chopta",Uttarakhand,hill_station,4.6,1200
Gaya,bodh-gaya,"Bodh Gaya",Bihar,spiritual,4.7,900
Goa,western-ghats,"Western Ghats",Goa,hill_station,4.6,1500
Goa,dudhsagar-falls,"Dudhsagar Falls",Goa,heritage,4.1,900
Goa,basilica-of-bom-jesus,"Basilica of Bom Jesus",Goa,spiritual,4.3,900
Goa,bhagwan-mahaveer-sanctuary-and-mollem-national-park,"Bhagwan Mahaveer Sanctuary and Mollem National Park",Goa,wildlife,4.4,2500
Goa,fort-aguada,"Fort Aguada",Goa,heritage,4.6,900
Goa,vagator-beach,"Vagator Beach",Goa,beach,4.2,1200
Goa,mangueshi-temple,"Mangueshi Temple",Goa,spiritual,4.7,900
Goa,mahadev-temple-tambdi-surla,"Mahadev Temple, Tambdi Surla",Goa,spiritual,4.2,900
Goa,palolem-beach,"Palolem Beach",Goa,beach,4.6,1200
Goa,fort-tiracol,"Fort Tiracol",Goa,heritage,4.5,900
Goa,shanta-durga-temple,"Shanta Durga Temple",Goa,spiritual,4.4,900
Goa,our-lady-of-the-immaculate-conception-church,"Our Lady of the Immaculate Conception Church",Goa,spiritual,4.4,900
Goa,mhadei-wildlife-sanctuary,"Mhadei Wildlife Sanctuary",Goa,wildlife,4.3,2500
Goa,netravali-wildlife-sanctuary,"Netravali Wildlife Sanctuary",Goa,wildlife,4.3,2500
Goa,corjuem-fort,"Corjuem Fort",Goa,heritage,4.3,900
Goa,alorna-fort,"Alorna Fort",Goa,heritage,4.6,900
Goa,fort-of-sao-tiago-of-banastarim,"Fort of São Tiago of Banastarim",Goa,heritage,4.6,900
Goa,cabo-de-rama,"Cabo de Rama",Goa,heritage,4.3,900
Goa,church-of-our-lady-of-the-snows,"Church of Our Lady of the Snows",Goa,hill_station,4.3,1200
Goa,colvale-fort,"Colvale Fort",Goa,heritage,4.6,900
Goa,church-of-st-anne-talaulim,"Church of St. Anne, Talaulim",Goa,spiritual,4.2,900
Goa,saptakoteshwar-temple,"Saptakoteshwar Temple",Goa,spiritual,4.3,900
Goa,mormugao-fort,"Mormugão Fort",Goa,heritage,4.3,900
Goa,holy-spirit-church-margao,"Holy Spirit Church, Margao",Goa,spiritual,4.5,900
Goa,mallikarjuna-temple-goa,"Mallikarjuna Temple, Goa",Goa,spiritual,4.6,900
Goa,mahalasa-narayani-temple,"Mahalasa Narayani Temple",Goa,spiritual,4.6,900
Goa,mandrem-beach,"Mandrem Beach",Goa,beach,4.6,1200
Goa,shantadurga-kalangutkarin-temple,"Shantadurga Kalangutkarin Temple",Goa,spiritual,4.1,900
Goa,our-lady-of-grace-church,"Our Lady of Grace Church",Goa,spiritual,4.2,900
Goa,bambolim-beach,"Bambolim Beach",Goa,beach,4.1,1200
Goa,shri-damodar-sansthaan-goa,"Shri Damodar Sansthaan, Goa",Goa,spiritual,4.6,900
Goa,capela-de-nossa-senhora-da-saude,"Capela de Nossa Senhora da Saúde",Goa,spiritual,4.5,900
Gujarat,gir-forest,"Gir Forest",Gujarat,wildlife,4.7,2500
Gujarat,nageshvara-jyotirlinga,"Nageshvara Jyotirlinga",Gujarat,spiritual,4.4,900
Gujarat,sun-temple,"Sun Temple",Gujarat,spiritual,4.8,900
Gujarat,vansda-national-park,"Vansda National Park",Gujarat,wildlife,4.7,2500
Gujarat,nal-sarovar-bird-sanctuary,"Nal Sarovar Bird Sanctuary",Gujarat,wildlife,4.3,2500
Gujarat,laxmi-vilas-palace,"Laxmi Vilas Palace",Gujarat,heritage,4.7,900
Gujarat,rudra-mahalaya-temple,"Rudra Mahalaya Temple",Gujarat,spiritual,4.5,900
Gujarat,akshardham-gandhinagar,"Akshardham (Gandhinagar)",Gujarat,spiritual,4.8,900
Gujarat,dandi-beach,"Dandi Beach",Gujarat,beach,4.7,1200
Gujarat,taranga,"Taranga",Gujarat,spiritual,4.3,900
Gujarat,palitana-temples,"Palitana temples",Gujarat,spiritual,4.3,900
Gujarat,navlakha-temple-ghumli,"Navlakha Temple, Ghumli",Gujarat,spiritual,4.3,900
Gujarat,dumas-beach,"Dumas Beach",Gujarat,beach,4.1,1200
Gujarat,uparkot-fort,"Uparkot Fort",Gujarat,heritage,4.7,900
Gujarat,rama-lakshamana-temples-baradia,"Rama Lakshamana Temples, Baradia",Gujarat,spiritual,4.7,900
Gujarat,pindara-group-of-temples,"Pindara Group of Temples",Gujarat,spiritual,4.3,900
Gujarat,shankheshwar-jain-temple,"Shankheshwar Jain Temple",Gujarat,spiritual,4.5,900
Gujarat,camp-hanuman-temple,"Camp Hanuman Temple",Gujarat,spiritual,4.2,900
Gujarat,girnar-jain-temples,"Girnar Jain temples",Gujarat,spiritual,4.1,900
Gujarat,shiva-temple-kera,"Shiva Temple, Kera",Gujarat,spiritual,4.3,900
Gujarat,magderu,"Magderu",Gujarat,spiritual,4.6,900
Gujarat,munsar-lake-and-shrines,"Munsar lake and shrines",Gujarat,spiritual,4.6,900
Gujarat,shri-hanuman-mandir,"Shri Hanuman Mandir",Gujarat,spiritual,4.3,900
Gujarat,khijadiya-bird-sanctuary,"Khijadiya Bird Sanctuary",Gujarat,wildlife,4.6,2500
Gujarat,bhujia-fort,"Bhujia Fort",Gujarat,heritage,4.5,900
Gujarat,songadh-fort,"Songadh Fort",Gujarat,heritage,4.2,900
Gujarat,sacred-heart-syro-malabar-cathedral,"Sacred Heart Syro-Malabar Cathedral",Gujarat,spiritual,4.2,900
Gujarat,shri-swaminarayan-mandir-gadhada,"Shri Swaminarayan Mandir, Gadhada",Gujarat,spiritual,4.5,900
Gujarat,utkanteshwar-mahadev,"Utkanteshwar Mahadev",Gujarat,spiritual,4.7,900
Gujarat,bhadreshwar-jain-temple,"Bhadreshwar Jain Temple",Gujarat,spiritual,4.5,900
Gujarat,lakhpat-gurdwara-sahib,"Lakhpat Gurdwara Sahib",Gujarat,heritage,4.1,900
Gujarat,kalika-mata-temple-new-dhrewad,"Kalika Mata Temple, New Dhrewad",Gujarat,spiritual,4.6,900
Gujarat,porbandar-bird-sanctuary,"Porbandar Bird Sanctuary",Gujarat,wildlife,4.5,2500
Gujarat,shivrajpur-beach,"Shivrajpur beach",Gujarat,beach,4.5,1200
Gujarat,roha-fort,"Roha Fort",Gujarat,heritage,4.1,900
Gujarat,kanthkot-fort,"Kanthkot Fort",Gujarat,heritage,4.4,900
Gujarat,eme-temple,"EME Temple",Gujarat,spiritual,4.7,900
Gujarat,umiya-temple-unjha,"Umiya Temple, Unjha",Gujarat,spiritual,4.6,900
Gujarat,trinetreshwar-temple,"Trinetreshwar Temple",Gujarat,spiritual,4.8,900
Gujarat,kumbharia-jain-temples,"Kumbharia Jain temples",Gujarat,spiritual,4.3,900
Gujarat,brahma-temple-khedbrahma,"Brahma Temple, Khedbrahma",Gujarat,spiritual,4.4,900
Gujarat,santram-mandir,"Santram Mandir",Gujarat,spiritual,4.6,900
Gujarat,balaram-ambaji-widelife-sanctuary,"Balaram Ambaji Widelife Sanctuary",Gujarat,wildlife,4.2,2500
Gujarat,mitiyala-lion-sanctuary,"Mitiyala Lion Sanctuary",Gujarat,wildlife,4.7,2500
Gujarat,kutch-bustard-sanctuary,"Kutch Bustard Sanctuary",Gujarat,wildlife,4.4,2500
Gujarat,thol-lake-bird-sanctuary,"Thol Lake Bird Sanctuary",Gujarat,wildlife,4.1,2500
Gujarat,jambughoda-wildlife-sanctuary,"Jambughoda Wildlife Sanctuary",Gujarat,wildlife,4.3,2500
Gujarat,english-cemetery-surat,"English Cemetery, Surat",Gujarat,heritage,4.1,900
Gujarat,vijaya-vilas-palace,"Vijaya Vilas Palace",Gujarat,heritage,4.1,900
Gujarat,rajmahal-mehsana,"Rajmahal, Mehsana",Gujarat,heritage,4.5,900
Gujarat,ahmedabad-kali-bari,"Ahmedabad Kali Bari",Gujarat,spiritual,4.1,900
Gujarat,jain-temples-pavagadh,"Jain temples, Pavagadh",Gujarat,spiritual,4.3,900
Gujarat,jain-temples-abhapur,"Jain temples, Abhapur",Gujarat,spiritual,4.7,900
Gujarat,shri-swaminarayan-mandir-vadtal,"Shri Swaminarayan Mandir, Vadtal",Gujarat,spiritual,4.3,900
Gujarat,tapkeshwari-temple,"Tapkeshwari Temple",Gujarat,spiritual,4.6,900
Gujarat,sitala-mata-temple-butapaldi,"Sitala Mata Temple, Butapaldi",Gujarat,spiritual,4.3,900
Gujarat,ranak-devi-s-temple,"Ranak Devi's Temple",Gujarat,spiritual,4.3,900
Gujarat,panchasara-parshwanath-temple,"Panchasara Parshwanath temple",Gujarat,spiritual,4.5,900
Gujarat,valinath-mahadev-temple-tarabh,"Valinath Mahadev temple, Tarabh",Gujarat,spiritual,4.3,900
Gujarat,shantinath-jain-temple-kothara,"Shantinath Jain temple, Kothara",Gujarat,spiritual,4.3,900
Gujarat,sadhimataji-s-temple,"Sadhimataji’s temple",Gujarat,spiritual,4.5,900
Gujarat,jessore-sloth-bear-sanctuary,"Jessore Sloth Bear Sanctuary",Gujarat,wildlife,4.7,2500
Gujarat,rampara-sanctuary,"Rampara Sanctuary",Gujarat,wildlife,4.7,2500
Gujarat,shri-keshavraiji-temple,"Shri Keshavraiji Temple",Gujarat,spiritual,4.5,900
Gujarat,vardayini-mata-temple,"Vardayini Mata Temple",Gujarat,spiritual,4.7,900
Gujarat,khodaldham,"Khodaldham",Gujarat,spiritual,4.2,900
Gujarat,hanuman-dandi-temple,"Hanuman Dandi temple",Gujarat,spiritual,4.3,900
Gujarat,lakkadiya-hanuman-temple,"Lakkadiya Hanuman Temple",Gujarat,spiritual,4.6,900
Gujarat,hingolgadh-sanctuary,"Hingolgadh Sanctuary",Gujarat,wildlife,4.6,2500
Gujarat,girnar-wildlife-sanctuary,"Girnar Wildlife Sanctuary",Gujarat,wildlife,4.5,2500
Gujarat,songadh-jain-temple,"Songadh Jain temple",Gujarat,spiritual,4.1,900
Gujarat,sun-temple-thangadh,"Sun temple, Thangadh",Gujarat,spiritual,4.8,900
Haryana,sultanpur-national-park,"Sultanpur National Park",Haryana,wildlife,4.4,2500
Haryana,kalesar-national-park,"Kalesar National Park",Haryana,wildlife,4.6,2500
Haryana,asigarh-fort,"Asigarh Fort",Haryana,heritage,4.3,900
Haryana,bhindawas-wildlife-sanctuary,"Bhindawas Wildlife Sanctuary",Haryana,wildlife,4.2,2500
Haryana,nahar-wildlife-sanctuary,"Nahar Wildlife Sanctuary",Haryana,wildlife,4.2,2500
Haryana,bhima-devi-temple-complex,"Bhima Devi Temple Complex",Haryana,spiritual,4.3,900
Haryana,nada-sahib,"Nada Sahib",Haryana,heritage,4.3,900
Haryana,rohtak-zoo,"Rohtak Zoo",Haryana,wildlife,4.1,2500
Haryana,firoz-shah-palace-complex,"Firoz Shah palace complex",Haryana,heritage,4.5,900
Haryana,agroha-dham,"Agroha Dham",Haryana,spiritual,4.7,900
Haryana,bhuteshwar-temple,"Bhuteshwar Temple",Haryana,spiritual,4.5,900
Haryana,kalayat-ancient-bricks-temple-complex,"Kalayat Ancient Bricks Temple Complex",Haryana,spiritual,4.6,900
Haryana,saraswati-wildlife-sanctuary,"Saraswati Wildlife Sanctuary",Haryana,wildlife,4.2,2500
Haryana,khaparwas-wildlife-sanctuary,"Khaparwas Wildlife Sanctuary",Haryana,wildlife,4.6,2500
Haryana,nabha-house,"Nabha House",Haryana,heritage,4.7,900
Haryana,cantonment-church-tower,"Cantonment Church Tower",Haryana,spiritual,4.8,900
Haryana,eklavya-temple,"Eklavya temple",Haryana,spiritual,4.5,900
Haryana,dehra-temple,"Dehra Temple",Haryana,spiritual,4.7,900
Haryana,sheetla-mata-mandir-gurgaon,"Sheetla Mata Mandir Gurgaon",Haryana,spiritual,4.7,900
Haryana,bir-shikargah-wildlife-sanctuary,"Bir Shikargah Wildlife Sanctuary",Haryana,wildlife,4.7,2500
Haryana,khol-hi-raitan-wildlife-sanctuary,"Khol Hi-Raitan Wildlife Sanctuary",Haryana,wildlife,4.7,2500
Haryana,nahar-singh-mahal,"Nahar Singh Mahal",Haryana,heritage,4.1,900
Haryana,kartikeya-temple-pehowa,"Kartikeya Temple, Pehowa",Haryana,spiritual,4.7,900
Haryana,ranila,"Ranila",Haryana,spiritual,4.5,900
Haryana,chhilchhila-wildlife-sanctuary,"Chhilchhila Wildlife Sanctuary",Haryana,wildlife,4.5,2500
Haryana,appu-ghar,"Appu Ghar",Haryana,heritage,4.2,900
Haryana,european-cemetery,"European Cemetery",Haryana,heritage,4.8,900
Haryana,seventh-day-adventist-church-nilokheri,"Seventh-day Adventist Church, Nilokheri",Haryana,spiritual,4.6,900
Himachal Pradesh,great-himalayan-national-park,"Great Himalayan National Park",Himachal Pradesh,wildlife,4.2,2500
Himachal Pradesh,pin-valley-national-park,"Pin Valley National Park",Himachal Pradesh,wildlife,4.2,2500
Himachal Pradesh,kangra-fort-himachal-pradesh,"Kangra Fort, Himachal Pradesh",Himachal Pradesh,heritage,4.6,900
Himachal Pradesh,masroor-temples,"Masroor Temples",Himachal Pradesh,spiritual,4.5,900
Himachal Pradesh,khirganga-national-park,"Khirganga National Park",Himachal Pradesh,wildlife,4.8,2500
Himachal Pradesh,baijnath-temple-himachal-pradesh,"Baijnath Temple, Himachal Pradesh",Himachal Pradesh,spiritual,4.6,900
Himachal Pradesh,bhimakali-temple,"Bhimakali Temple",Himachal Pradesh,spiritual,4.4,900
Himachal Pradesh,simbalbara-national-park,"Simbalbara National Park",Himachal Pradesh,wildlife,4.7,2500
Himachal Pradesh,gurdwara-paonta-sahib,"Gurdwara Paonta Sahib",Himachal Pradesh,heritage,4.2,900
Himachal Pradesh,rehala-falls,"Rehala Falls",Himachal Pradesh,heritage,4.6,900
Himachal Pradesh,naggar-castle,"Naggar Castle",Himachal Pradesh,heritage,4.6,900
Himachal Pradesh,lakshana-devi-temple-bharmour,"Lakshana Devi Temple, Bharmour",Himachal Pradesh,spiritual,4.8,900
Himachal Pradesh,bathu-temples-himachal-pradesh,"Bathu Temples, Himachal Pradesh",Himachal Pradesh,spiritual,4.6,900
Himachal Pradesh,majthal-sanctuary,"Majthal Sanctuary",Himachal Pradesh,wildlife,4.5,2500
Himachal Pradesh,sissu-falls,"Sissu Falls",Himachal Pradesh,heritage,4.4,900
Himachal Pradesh,dhankar-gompa,"Dhankar Gompa",Himachal Pradesh,heritage,4.4,900
Himachal Pradesh,shri-chamunda-devi-mandir,"Shri Chamunda Devi Mandir",Himachal Pradesh,spiritual,4.7,900
Himachal Pradesh,kamaksha,"Kamaksha",Himachal Pradesh,spiritual,4.6,900
Himachal Pradesh,kalatop-khajjiar-sanctuary,"Kalatop Khajjiar Sanctuary",Himachal Pradesh,wildlife,4.8,2500
Himachal Pradesh,nargu-wildlife-sanctuary,"Nargu Wildlife Sanctuary",Himachal Pradesh,wildlife,4.1,2500
Himachal Pradesh,renuka-sanctuary,"Renuka Sanctuary",Himachal Pradesh,wildlife,4.3,2500
Himachal Pradesh,kanwar-sanctuary,"Kanwar Sanctuary",Himachal Pradesh,wildlife,4.1,2500
Himachal Pradesh,chail-sanctuary,"Chail Sanctuary",Himachal Pradesh,wildlife,4.5,2500
Himachal Pradesh,jaitak-fort,"Jaitak Fort",Himachal Pradesh,heritage,4.6,900
Himachal Pradesh,jwala-ji-kangra,"Jwala Ji Kangra",Himachal Pradesh,spiritual,4.5,900
Himachal Pradesh,trilokpur,"Trilokpur",Himachal Pradesh,spiritual,4.4,900
Himachal Pradesh,himani-chamunda,"Himani Chamunda",Himachal Pradesh,spiritual,4.5,900
Himachal Pradesh,churdhar-sanctuary,"Churdhar Sanctuary",Himachal Pradesh,wildlife,4.7,2500
Himachal Pradesh,tirthan-wildlife-sanctuary,"Tirthan Wildlife Sanctuary",Himachal Pradesh,wildlife,4.6,2500
Himachal Pradesh,talra-wildlife-sanctuary,"Talra Wildlife Sanctuary",Himachal Pradesh,wildlife,4.1,2500
Himachal Pradesh,bandli-wildlife-sanctuary,"Bandli Wildlife Sanctuary",Himachal Pradesh,wildlife,4.5,2500
Himachal Pradesh,rupi-bhaba-wildlife-sanctuary,"Rupi Bhaba Wildlife Sanctuary",Himachal Pradesh,wildlife,4.2,2500
Himachal Pradesh,tangyud-monastery,"Tangyud Monastery",Himachal Pradesh,spiritual,4.5,900
Himachal Pradesh,shali-mata-temple,"Shali Mata Temple",Himachal Pradesh,spiritual,4.5,900
Himachal Pradesh,pohlani-mata-temple,"Pohlani Mata Temple",Himachal Pradesh,spiritual,4.2,900
Himachal Pradesh,kugti-sanctuary,"Kugti Sanctuary",Himachal Pradesh,wildlife,4.4,2500
Himachal Pradesh,pong-dam-lake-wildlife-sanctuary,"Pong Dam Lake Wildlife Sanctuary",Himachal Pradesh,wildlife,4.5,2500
Himachal Pradesh,kibber-wildlife-sanctuary,"Kibber Wildlife Sanctuary",Himachal Pradesh,wildlife,4.6,2500
Himachal Pradesh,chandratal-wildlife-sanctuary,"Chandratal Wildlife Sanctuary",Himachal Pradesh,wildlife,4.7,2500
Himachal Pradesh,kamna-devi-temple,"Kamna Devi Temple",Himachal Pradesh,spiritual,4.1,900
Himachal Pradesh,shikari-devi-temple,"Shikari Devi Temple",Himachal Pradesh,spiritual,4.2,900
Himachal Pradesh,chehni-kothi,"Chehni Kothi",Himachal Pradesh,spiritual,4.8,900
Himachal Pradesh,maa-bhangayani-temple-haripurdhar,"Maa Bhangayani Temple, Haripurdhar",Himachal Pradesh,spiritual,4.4,900
Himachal Pradesh,maa-simsa-temple,"Maa Simsa temple",Himachal Pradesh,spiritual,4.2,900
Hooghly Delta,kolkata,"Kolkata",West Bengal,heritage,4.5,1200
Idukki,thekkady,"Thekkady",Kerala,wildlife,4.5,1500
Jabalpur District,bhedaghat,"Bhedaghat",Madhya Pradesh,nature,4.8,2000
Jammu & Kashmir,amarnath-temple,"Amarnath Temple",Jammu & Kashmir,spiritual,4.6,900
Jammu & Kashmir,dachigam-national-park,"Dachigam National Park",Jammu & Kashmir,wildlife,4.8,2500
Jammu & Kashmir,vaishno-devi-temple,"Vaishno Devi Temple",Jammu & Kashmir,spiritual,4.6,900
Jammu & Kashmir,hazratbal-shrine,"Hazratbal Shrine",Jammu & Kashmir,spiritual,4.1,900
Jammu & Kashmir,martand-sun-temple,"Martand Sun Temple",Jammu & Kashmir,spiritual,4.7,900
Jammu & Kashmir,shankaracharya-temple-srinagar,"Shankaracharya Temple, Srinagar",Jammu & Kashmir,spiritual,4.5,900
Jammu & Kashmir,gulmarg-wildlife-sanctuary,"Gulmarg Wildlife Sanctuary",Jammu & Kashmir,wildlife,4.2,2500
Jammu & Kashmir,akhnoor-fort,"Akhnoor Fort",Jammu & Kashmir,heritage,4.8,900
Jammu & Kashmir,avanti-swami-temple,"Avanti Swami Temple",Jammu & Kashmir,spiritual,4.2,900
Jammu & Kashmir,kheer-bhawani,"Kheer Bhawani",Jammu & Kashmir,spiritual,4.1,900
Jammu & Kashmir,raghunath-temple,"Raghunath Temple",Jammu & Kashmir,spiritual,4.4,900
Jammu & Kashmir,ramnagar-fort,"Ramnagar Fort",Jammu & Kashmir,heritage,4.3,900
Jammu & Kashmir,shankaragaurishvara-temple-pattan,"Shankaragaurishvara Temple, Pattan",Jammu & Kashmir,spiritual,4.3,900
Jammu & Kashmir,hirpora-wildlife-sanctuary,"Hirpora Wildlife Sanctuary",Jammu & Kashmir,wildlife,4.7,2500
Jammu & Kashmir,shivkhori,"Shivkhori",Jammu & Kashmir,spiritual,4.7,900
Jammu & Kashmir,wangath-temple-complex-naranag,"Wangath Temple complex, Naranag",Jammu & Kashmir,spiritual,4.4,900
Jammu & Kashmir,ancient-temple-at-ladhoo,"Ancient Temple at Ladhoo",Jammu & Kashmir,spiritual,4.7,900
Jammu & Kashmir,limber-wildlife-sanctuary,"Limber Wildlife Sanctuary",Jammu & Kashmir,wildlife,4.7,2500
Jammu & Kashmir,hari-parbat-fort,"Hari Parbat Fort",Jammu & Kashmir,heritage,4.7,900
Jammu & Kashmir,group-of-temples-at-kiramchi,"Group of Temples at Kiramchi",Jammu & Kashmir,spiritual,4.6,900
Jammu & Kashmir,st-joseph-s-catholic-church,"St. Joseph's Catholic Church",Jammu & Kashmir,spiritual,4.4,900
Jammu & Kashmir,qazinag-national-park,"Qazinag National Park",Jammu & Kashmir,wildlife,4.5,2500
Jammu & Kashmir,noori-chamb,"Noori Chamb",Jammu & Kashmir,heritage,4.4,900
Jammu & Kashmir,overa-aru-wildlife-sanctuary,"Overa-Aru Wildlife Sanctuary",Jammu & Kashmir,wildlife,4.2,2500
Jammu & Kashmir,bumzuva-cave-and-temple,"Bumzuva Cave and Temple",Jammu & Kashmir,spiritual,4.3,900
Jammu & Kashmir,tral-wildlife-sanctuary,"Tral Wildlife Sanctuary",Jammu & Kashmir,wildlife,4.6,2500
Jammu & Kashmir,mansar-surinsar-wildlife-sanctuary,"Mansar-Surinsar Wildlife sanctuary",Jammu & Kashmir,wildlife,4.4,2500
Jammu & Kashmir,baltal-thajwas-wildlife-sanctuary,"Baltal Thajwas Wildlife Sanctuary",Jammu & Kashmir,wildlife,4.6,2500
Jammu & Kashmir,hiranagar-fort,"Hiranagar Fort",Jammu & Kashmir,heritage,4.5,900
Jammu & Kashmir,poonch-fort,"Poonch Fort",Jammu & Kashmir,heritage,4.3,900
Jharkhand,vaidyanath-jyotirlinga,"Vaidyanath Jyotirlinga",Jharkhand,spiritual,4.7,900
Jharkhand,betla-national-park,"Betla National Park",Jharkhand,wildlife,4.4,2500
Jharkhand,hundru-falls,"Hundru Falls",Jharkhand,heritage,4.1,900
Jharkhand,shikharji,"Shikharji",Jharkhand,spiritual,4.4,900
Jharkhand,dassam-falls,"Dassam Falls",Jharkhand,heritage,4.6,900
Jharkhand,hazaribagh-wildlife-sanctuary,"Hazaribagh Wildlife Sanctuary",Jharkhand,wildlife,4.3,2500
Jharkhand,jonha-falls,"Jonha Falls",Jharkhand,heritage,4.5,900
Jharkhand,lodh-falls,"Lodh Falls",Jharkhand,heritage,4.2,900
Jharkhand,rajrappa,"Rajrappa",Jharkhand,heritage,4.4,900
Jharkhand,panchghagh-falls,"Panchghagh Falls",Jharkhand,heritage,4.8,900
Jharkhand,lower-ghaghri-falls,"Lower Ghaghri Falls",Jharkhand,heritage,4.3,900
Jharkhand,usri-falls,"Usri Falls",Jharkhand,heritage,4.3,900
Jharkhand,st-mary-s-cathedral-ranchi,"St. Mary's Cathedral, Ranchi",Jharkhand,heritage,4.7,900
Jharkhand,palamu-fort,"Palamu Fort",Jharkhand,heritage,4.1,900
Jharkhand,dalma-wildlife-sanctuary,"Dalma Wildlife Sanctuary",Jharkhand,wildlife,4.6,2500
Jharkhand,palamau-tiger-reserve,"Palamau Tiger Reserve",Jharkhand,wildlife,4.7,2500
Jharkhand,sita-falls,"Sita Falls",Jharkhand,heritage,4.3,900
Jharkhand,tata-steel-zoological-park,"Tata Steel Zoological Park",Jharkhand,wildlife,4.3,2500
Jharkhand,basilica-of-the-divine-motherhood-of-our-lady,"Basilica of the Divine Motherhood of Our Lady",Jharkhand,spiritual,4.6,900
Jharkhand,maa-dewri-temple,"Maa Dewri Temple",Jharkhand,spiritual,4.6,900
Jharkhand,harihar-dham,"Harihar Dham",Jharkhand,spiritual,4.8,900
Jharkhand,maluti-temples,"Maluti temples",Jharkhand,spiritual,4.4,900
Jharkhand,koderma-wildlife-sanctuary,"Koderma Wildlife Sanctuary",Jharkhand,wildlife,4.2,2500
Jharkhand,bhagwan-birsa-biological-park,"Bhagwan Birsa Biological Park",Jharkhand,wildlife,4.6,2500
Jharkhand,mahuadanr-wolf-sanctuary,"Mahuadanr Wolf Sanctuary",Jharkhand,wildlife,4.8,2500
Jharkhand,topchanchi-wildlife-sanctuary,"Topchanchi Wildlife Sanctuary",Jharkhand,wildlife,4.8,2500
Jharkhand,perwaghagh-falls,"Perwaghagh Falls",Jharkhand,heritage,4.7,900
Jharkhand,bhatinda-falls,"Bhatinda Falls",Jharkhand,heritage,4.3,900
Jharkhand,sri-sri-kalika-maharani-temple,"Sri Sri Kalika Maharani Temple",Jharkhand,spiritual,4.1,900
Jharkhand,karneshwar-dham,"Karneshwar Dham",Jharkhand,spiritual,4.2,900
Jharkhand,rani-sati-mandir-mahuda,"Rani Sati Mandir Mahuda",Jharkhand,spiritual,4.4,900
Jharkhand,lawapani-falls,"Lawapani Falls",Jharkhand,heritage,4.4,900
Jhunjhunu & Sikar,shekhawati,"Shekhawati",Rajasthan,heritage,4.7,2500
Kadapa District,gandikota,"Gandikota",Andhra Pradesh,nature,4.8,2200
Kandhamal District,daringbadi,"Daringbadi",Odisha,hillstation,4.6,2000
Kangra Valley,mcleodganj,"McLeod Ganj",Himachal Pradesh,spiritual,4.5,400
Kangra,bir-billing,"Bir Billing",Himachal Pradesh,adventure,4.6,1000
Kargil District,zanskar-valley,"Zanskar Valley",Ladakh,adventure,4.9,3500
Karnataka,bijapur-fort,"Bijapur Fort",Karnataka,heritage,4.3,900
Karnataka,jog-falls,"Jog Falls",Karnataka,heritage,4.4,900
Karnataka,nagarhole-national-park,"Nagarhole National Park",Karnataka,wildlife,4.2,2500
Karnataka,shivanasamudra-falls,"Shivanasamudra Falls",Karnataka,heritage,4.7,900
Karnataka,chennakesava-temple,"Chennakesava Temple",Karnataka,spiritual,4.7,900
Karnataka,kali-tiger-reserve,"Kali Tiger Reserve",Karnataka,wildlife,4.6,2500
Karnataka,bannerghatta-national-park,"Bannerghatta National Park",Karnataka,wildlife,4.4,2500
Karnataka,chennakesava-temple-at-somanathapura-mysore,"Chennakesava Temple at Somanathapura Mysore",Karnataka,spiritual,4.6,900
Karnataka,st-philomena-s-cathedral,"St. Philomena's Cathedral",Karnataka,spiritual,4.3,900
Karnataka,irupu-falls,"Irupu Falls",Karnataka,heritage,4.3,900
Karnataka,hoysaleswara-temple,"Hoysaleswara Temple",Karnataka,spiritual,4.7,900
Karnataka,bidar-fort,"Bidar Fort",Karnataka,heritage,4.4,900
Karnataka,gokak-falls,"Gokak Falls",Karnataka,heritage,4.1,900
Karnataka,udupi-sri-krishna-matha,"Udupi Sri Krishna Matha",Karnataka,spiritual,4.8,900
Karnataka,kunchikal-falls,"Kunchikal Falls",Karnataka,heritage,4.8,900
Karnataka,ranganthittu-bird-sanctuary,"Ranganthittu Bird Sanctuary",Karnataka,wildlife,4.1,2500
Karnataka,bengaluru-palace,"Bengaluru Palace",Karnataka,heritage,4.6,900
Karnataka,lalitha-mahal,"Lalitha Mahal",Karnataka,heritage,4.5,900
Karnataka,chamundeshwari-temple,"Chamundeshwari Temple",Karnataka,spiritual,4.8,900
Karnataka,hebbe-falls,"Hebbe Falls",Karnataka,heritage,4.3,900
Karnataka,durga-temple-aihole,"Durga temple, Aihole",Karnataka,spiritual,4.8,900
Karnataka,kollur-mookambika-temple,"Kollur Mookambika Temple",Karnataka,spiritual,4.8,900
Karnataka,nageshvara-temple,"Nageshvara Temple",Karnataka,spiritual,4.3,900
Karnataka,mahadeva-temple-itagi,"Mahadeva Temple, Itagi",Karnataka,spiritual,4.6,900
Karnataka,dharmaraya-swamy-temple,"Dharmaraya Swamy Temple",Karnataka,spiritual,4.2,900
Karnataka,chitradurga-fort,"Chitradurga Fort",Karnataka,heritage,4.7,900
Karnataka,panchakuta-basadi-kambadahalli,"Panchakuta Basadi, Kambadahalli",Karnataka,spiritual,4.8,900
Karnataka,mahakuta-group-of-temples,"Mahakuta group of temples",Karnataka,spiritual,4.7,900
Karnataka,banashankari-amma-temple,"Banashankari Amma Temple",Karnataka,spiritual,4.3,900
Karnataka,halasuru-someshwara-temple-bangalore,"Halasuru Someshwara Temple, Bangalore",Karnataka,spiritual,4.4,900
Karnataka,kukke-subramanya-temple,"Kukke Subramanya Temple",Karnataka,spiritual,4.2,900
Karnataka,dandeli-wildlife-sanctuary,"Dandeli Wildlife Sanctuary",Karnataka,wildlife,4.7,2500
Karnataka,devanahalli-fort,"Devanahalli Fort",Karnataka,heritage,4.1,900
Karnataka,amrutesvara-temple,"Amrutesvara Temple",Karnataka,spiritual,4.6,900
Karnataka,saavira-kambada-basadi,"Saavira Kambada Basadi",Karnataka,spiritual,4.2,900
Karnataka,st-lawrence-shrine,"St. Lawrence Shrine",Karnataka,spiritual,4.6,900
Karnataka,manyakheta,"Manyakheta",Karnataka,spiritual,4.5,900
Karnataka,ananthasayana-temple,"Ananthasayana temple",Karnataka,spiritual,4.4,900
Karnataka,gokarnanatheshwara-temple,"Gokarnanatheshwara Temple",Karnataka,spiritual,4.8,900
Karnataka,dharmasthala-temple,"Dharmasthala Temple",Karnataka,spiritual,4.1,900
Karnataka,mangaladevi-temple,"Mangaladevi Temple",Karnataka,spiritual,4.3,900
Karnataka,srikanteshwara-temple-nanjangud,"Srikanteshwara Temple, Nanjangud",Karnataka,spiritual,4.6,900
Karnataka,akkana-basadi,"Akkana Basadi",Karnataka,spiritual,4.1,900
Karnataka,kasivisvesvara-temple-lakkundi,"Kasivisvesvara Temple, Lakkundi",Karnataka,spiritual,4.1,900
Karnataka,kamala-narayana-temple-degaon,"Kamala Narayana Temple, Degaon",Karnataka,spiritual,4.2,900
Karnataka,sirsi-marikamba-temple,"Sirsi Marikamba Temple",Karnataka,spiritual,4.4,900
Karnataka,gulbarga-fort,"Gulbarga Fort",Karnataka,heritage,4.8,900
Karnataka,jamalabad-fort,"Jamalabad Fort",Karnataka,heritage,4.3,900
Karnataka,ishvara-temple-arasikere,"Ishvara Temple, Arasikere",Karnataka,spiritual,4.6,900
Karnataka,kaitabheshvara-temple-kubatur,"Kaitabheshvara Temple, Kubatur",Karnataka,spiritual,4.1,900
Karnataka,arakeshvara-templa,"Arakeshvara Templa",Karnataka,spiritual,4.7,900
Karnataka,sri-ranganathaswamy-temple-srirangapatna,"Sri Ranganathaswamy Temple (Srirangapatna)",Karnataka,spiritual,4.4,900
Karnataka,kolaramma-temple,"Kolaramma Temple",Karnataka,spiritual,4.7,900
Karnataka,brahmagiri-wildlife-sanctuary,"Brahmagiri Wildlife Sanctuary",Karnataka,wildlife,4.3,2500
Karnataka,ranibennur-blackbuck-sanctuary,"Ranibennur Blackbuck Sanctuary",Karnataka,wildlife,4.5,2500
Karnataka,muthyalamaduvu,"Muthyalamaduvu",Karnataka,heritage,4.7,900
Karnataka,mirjan-fort,"Mirjan Fort",Karnataka,heritage,4.6,900
Karnataka,raichur-fort,"Raichur Fort",Karnataka,heritage,4.5,900
Karnataka,kotilingeshwara-temple,"Kotilingeshwara Temple",Karnataka,spiritual,4.8,900
Karnataka,siddhesvara-temple,"Siddhesvara Temple",Karnataka,spiritual,4.8,900
Karnataka,st-anthony-s-basilica-dornahalli,"St. Anthony's Basilica, Dornahalli",Karnataka,spiritual,4.3,900
Karnataka,hospet-church,"Hospet Church",Karnataka,spiritual,4.4,900
Karnataka,doddabasappa-temple-dambal,"Doddabasappa Temple, Dambal",Karnataka,spiritual,4.6,900
Karnataka,gaurishvara-temple-yelandur,"Gaurishvara Temple, Yelandur",Karnataka,spiritual,4.4,900
Karnataka,kalleshvara-temple-bagali,"Kalleshvara Temple, Bagali",Karnataka,spiritual,4.1,900
Karnataka,veera-narayana-temple-belavadi,"Veera Narayana Temple, Belavadi",Karnataka,spiritual,4.8,900
Karnataka,banashankari-temple-amargol,"Banashankari Temple, Amargol",Karnataka,spiritual,4.5,900
Karnataka,harihareshwara-temple,"Harihareshwara Temple",Karnataka,spiritual,4.6,900
Karnataka,attiveri-bird-sanctuary,"Attiveri Bird Sanctuary",Karnataka,wildlife,4.7,2500
Karnataka,hanumana-gundi-falls,"Hanumana Gundi Falls",Karnataka,heritage,4.5,900
Karnataka,mallalli-falls,"Mallalli Falls",Karnataka,heritage,4.2,900
Karnataka,gudavi-bird-sanctuary,"Gudavi Bird Sanctuary",Karnataka,wildlife,4.2,2500
Karnataka,kittur-fort,"Kittur Fort",Karnataka,heritage,4.7,900
Karnataka,fort-anjediva,"Fort Anjediva",Karnataka,heritage,4.5,900
Karnataka,shringeri-sharadamba-temple,"Shringeri Sharadamba Temple",Karnataka,spiritual,4.2,900
Karnataka,marikamba-temple-sagara,"Marikamba Temple, Sagara",Karnataka,spiritual,4.7,900
Karnataka,shettihalli-rosary-church,"Shettihalli Rosary Church",Karnataka,spiritual,4.6,900
Karnataka,kedareshvara-temple-balligavi,"Kedareshvara Temple, Balligavi",Karnataka,spiritual,4.7,900
Karnataka,lakshmi-narasimha-temple-nuggehalli,"Lakshmi Narasimha Temple, Nuggehalli",Karnataka,spiritual,4.8,900
Karnataka,lakshminarasimha-temple-javagal,"Lakshminarasimha Temple, Javagal",Karnataka,spiritual,4.7,900
Karnataka,mylara-lingeshwara-temple,"Mylara Lingeshwara Temple",Karnataka,spiritual,4.6,900
Karnataka,ragigudda-sri-prasannaswamy-anjaneya-temple,"Ragigudda Sri Prasannaswamy Anjaneya Temple",Karnataka,spiritual,4.3,900
Karnataka,venugopala-swamy-temple,"Venugopala Swamy Temple",Karnataka,spiritual,4.2,900
Karnataka,milagres-church,"Milagres Church",Karnataka,spiritual,4.2,900
Karnataka,ramalingeshwara-group-of-temples-avani,"Ramalingeshwara group of temples, Avani",Karnataka,spiritual,4.4,900
Karnataka,sri-vinayaka-temple-guddattu,"Sri Vinayaka Temple, Guddattu",Karnataka,spiritual,4.2,900
Karnataka,iswara-temple-in-jalasangvi,"Iswara temple in Jalasangvi",Karnataka,spiritual,4.4,900
Karnataka,belgaum-fort,"Belgaum Fort",Karnataka,heritage,4.6,900
Karnataka,bellary-fort,"Bellary Fort",Karnataka,heritage,4.2,900
Karnataka,chandramouleshwara-temple-unkal,"Chandramouleshwara Temple, Unkal",Karnataka,spiritual,4.1,900
Karnataka,lakshmikanta-temple-kalale,"Lakshmikanta Temple, Kalale",Karnataka,spiritual,4.4,900
Karnataka,gunja-narasimha-swamy-temple-thirumakudalu-narasipura,"Gunja Narasimha Swamy Temple, Thirumakudalu Narasipura",Karnataka,spiritual,4.4,900
Karnataka,teru-malleshvara-temple-hiriyur,"Teru Malleshvara Temple, Hiriyur",Karnataka,spiritual,4.5,900
Karnataka,the-rvm-foundation-shiv-temple,"The RVM Foundation Shiv Temple",Karnataka,spiritual,4.4,900
Karnataka,bhoga-nandeeshwara-temple,"Bhoga Nandeeshwara Temple",Karnataka,spiritual,4.7,900
Karnataka,kanakachalapathi-temple-kanakagiri,"Kanakachalapathi Temple, Kanakagiri",Karnataka,spiritual,4.3,900
Karnataka,hasanamba-temple,"Hasanamba temple",Karnataka,spiritual,4.5,900
Karnataka,nageshvara-chennakeshava-temple-complex-mosale,"Nageshvara-Chennakeshava Temple complex, Mosale",Karnataka,spiritual,4.5,900
Karnataka,shiva-temple-in-narayanapur,"Shiva temple in Narayanapur",Karnataka,spiritual,4.4,900
Karnataka,vijayanarayana-temple-gundlupet,"Vijayanarayana Temple, Gundlupet",Karnataka,spiritual,4.7,900
Karnataka,lakshmi-devi-temple,"Lakshmi Devi Temple",Karnataka,spiritual,4.6,900
Karnataka,panchalingeshwara-temple-govindanahalli,"Panchalingeshwara temple, Govindanahalli",Karnataka,spiritual,4.5,900
Karnataka,lakshminarayana-temple-hosaholalu,"Lakshminarayana Temple, Hosaholalu",Karnataka,spiritual,4.5,900
Karnataka,annapoorneshwari-temple,"Annapoorneshwari Temple",Karnataka,spiritual,4.8,900
Karnataka,ghati-subramanya,"Ghati Subramanya",Karnataka,spiritual,4.7,900
Karnataka,chaturmukha-basadi,"Chaturmukha Basadi",Karnataka,spiritual,4.7,900
Karnataka,chennakeshava-temple-aralaguppe,"Chennakeshava Temple, Aralaguppe",Karnataka,spiritual,4.7,900
Karnataka,koosalli-water-falls,"Koosalli Water Falls",Karnataka,heritage,4.3,900
Karnataka,vajrapoha-falls,"Vajrapoha Falls",Karnataka,heritage,4.7,900
Karnataka,jayamangali-blackbuck-reserve,"Jayamangali Blackbuck Reserve",Karnataka,heritage,4.3,900
Karnataka,mookambika-wildlife-sanctuary,"Mookambika Wildlife Sanctuary",Karnataka,wildlife,4.5,2500
Karnataka,tyavarekoppa-lion-and-tiger-safari,"Tyavarekoppa Lion and Tiger Safari",Karnataka,wildlife,4.3,2500
Karnataka,madikeri-fort,"Madikeri Fort",Karnataka,heritage,4.8,900
Karnataka,lakshmi-narasimha-temple-bhadravathi,"Lakshmi Narasimha Temple, Bhadravathi",Karnataka,spiritual,4.4,900
Karnataka,lakshminarasimha-temple-haranhalli,"Lakshminarasimha Temple, Haranhalli",Karnataka,spiritual,4.8,900
Karnataka,mallikarjuna-temple-basaralu,"Mallikarjuna Temple, Basaralu",Karnataka,spiritual,4.5,900
Karnataka,yelluru-shri-vishweshwara-temple,"Yelluru Shri Vishweshwara Temple",Karnataka,spiritual,4.7,900
Karnataka,manjarabad-fort,"Manjarabad Fort",Karnataka,heritage,4.7,900
Karnataka,nalknad-palace,"Nalknad Palace",Karnataka,heritage,4.5,900
Karnataka,chittaranjan-palace,"Chittaranjan Palace",Karnataka,heritage,4.4,900
Karnataka,brahmeshvara-temple-kikkeri,"Brahmeshvara Temple, Kikkeri",Karnataka,spiritual,4.4,900
Karnataka,rameshvara-temple-koodli,"Rameshvara Temple, Koodli",Karnataka,spiritual,4.6,900
Karnataka,saumyakeshava-temple-nagamangala,"Saumyakeshava Temple, Nagamangala",Karnataka,spiritual,4.5,900
Karnataka,kumara-swamy-devasthana-bangalore,"Kumara Swamy Devasthana, Bangalore",Karnataka,spiritual,4.4,900
Karnataka,lakshminarasimha-temple-vignasante,"Lakshminarasimha Temple, Vignasante",Karnataka,spiritual,4.5,900
Karnataka,veeranarayana-temple-gadag,"Veeranarayana Temple, Gadag",Karnataka,spiritual,4.8,900
Karnataka,arakeshwara-temple-haleyedatore,"Arakeshwara Temple, Haleyedatore",Karnataka,spiritual,4.4,900
Karnataka,yellamma-temple-saundatti,"Yellamma Temple, Saundatti",Karnataka,spiritual,4.5,900
Karnataka,karinjeshwara-temple,"Karinjeshwara Temple",Karnataka,spiritual,4.7,900
Karnataka,huligina-maradi-temple,"Huligina Maradi Temple",Karnataka,spiritual,4.8,900
Karnataka,bhimeshvara-temple-nilagunda,"Bhimeshvara Temple, Nilagunda",Karnataka,spiritual,4.7,900
Karnataka,bucesvara-temple-koravangala,"Bucesvara Temple, Koravangala",Karnataka,spiritual,4.6,900
Karnataka,polali-rajarajeshwari-temple,"Polali Rajarajeshwari Temple",Karnataka,spiritual,4.7,900
Karnataka,yoga-madhava-temple-settikere,"Yoga Madhava Temple, Settikere",Karnataka,spiritual,4.2,900
Karnataka,cheluvanarayana-swamy-temple,"Cheluvanarayana Swamy Temple",Karnataka,spiritual,4.3,900
Karnataka,ganesha-temple-idagunji,"Ganesha Temple, Idagunji",Karnataka,spiritual,4.2,900
Karnataka,navagraha-jain-temple,"Navagraha Jain Temple",Karnataka,spiritual,4.8,900
Karnataka,kanakagiri-jain-shri-kshetra,"Kanakagiri Jain Shri kshetra",Karnataka,spiritual,4.4,900
Karnataka,kudremukh-national-park,"Kudremukh National Park",Karnataka,wildlife,4.2,2500
Karnataka,shettihalli-wildlife-sanctuary,"Shettihalli Wildlife Sanctuary",Karnataka,wildlife,4.2,2500
Karnataka,thimlapura-wildlife-sanctuary,"Thimlapura Wildlife Sanctuary",Karnataka,wildlife,4.7,2500
Karnataka,chelavara-falls,"Chelavara Falls",Karnataka,heritage,4.2,900
Karnataka,bhimgad-fort,"Bhimgad Fort",Karnataka,heritage,4.8,900
Karnataka,sri-anjaneya-swamy-temple-shamanur,"Sri Anjaneya Swamy Temple, Shamanur",Karnataka,spiritual,4.4,900
Karnataka,sri-mailar-mallanna,"Sri Mailar Mallanna",Karnataka,spiritual,4.7,900
Karnataka,veerbhadra-temple,"Veerbhadra Temple",Karnataka,spiritual,4.8,900
Karnataka,st-paul-s-church-mangalore,"St. Paul's Church, Mangalore",Karnataka,spiritual,4.6,900
Karnataka,william-arthur-memorial-church-gubbi,"William Arthur Memorial Church, Gubbi",Karnataka,spiritual,4.8,900
Karnataka,navalinga-temple,"Navalinga Temple",Karnataka,spiritual,4.1,900
Karnataka,group-of-temples-at-magadi-karnataka,"Group of temples at Magadi, Karnataka",Karnataka,spiritual,4.4,900
Karnataka,chaturmukha-basadi-gerusoppa,"Chaturmukha Basadi, Gerusoppa",Karnataka,spiritual,4.8,900
Karnataka,guru-narasimha-temple,"Guru Narasimha Temple",Karnataka,spiritual,4.1,900
Karnataka,chennakeshava-temple-hullekere,"Chennakeshava Temple, Hullekere",Karnataka,spiritual,4.6,900
Karnataka,sri-jnanakshi-rajarajeshwari-temple,"Sri Jnanakshi Rajarajeshwari Temple",Karnataka,spiritual,4.2,900
Karnataka,shri-kalika-devi-temple,"Shri Kalika Devi Temple",Karnataka,spiritual,4.3,900
Karnataka,madhukesvara-temple,"Madhukesvara temple",Karnataka,spiritual,4.2,900
Karnataka,yoganarasimha,"Yoganarasimha",Karnataka,spiritual,4.8,900
Karnataka,devaragundi,"Devaragundi",Karnataka,heritage,4.4,900
Karnataka,gudekote-wildlife-sanctuary,"Gudekote Wildlife Sanctuary",Karnataka,wildlife,4.6,2500
Karnataka,tungabhadra-otter-conservation-reserve,"Tungabhadra Otter Conservation Reserve",Karnataka,heritage,4.7,900
Karnataka,bukkapatna-chinkara-wildlife-sanctuary,"Bukkapatna Chinkara Wildlife Sanctuary",Karnataka,wildlife,4.5,2500
Karnataka,yadahalli-chinkara-wildlife-sanctuary,"Yadahalli Chinkara Wildlife Sanctuary",Karnataka,wildlife,4.7,2500
Karnataka,chincholi-wildlife-sanctuary,"Chincholi Wildlife Sanctuary",Karnataka,wildlife,4.5,2500
Karnataka,parashurama-theme-park-karkala,"Parashurama Theme Park, Karkala",Karnataka,heritage,4.1,900
Karnataka,padubidri-beach,"Padubidri Beach",Karnataka,beach,4.5,1200
Karnataka,yadgir-fort,"Yadgir Fort",Karnataka,heritage,4.7,900
Karnataka,dharmesvara-temple,"Dharmesvara Temple",Karnataka,spiritual,4.1,900
Karnataka,someshwara-temple-marathahalli,"Someshwara Temple, Marathahalli",Karnataka,spiritual,4.2,900
Karnataka,most-holy-redeemer-church-belthangady,"Most Holy Redeemer Church, Belthangady",Karnataka,spiritual,4.1,900
Karnataka,st-patrick-church-siddakatte,"St. Patrick Church, Siddakatte",Karnataka,spiritual,4.4,900
Karnataka,st-mary-s-orthodox-valiyapally,"St. Mary's Orthodox Valiyapally",Karnataka,spiritual,4.2,900
Karnataka,jwalamalini-temple,"Jwalamalini temple",Karnataka,spiritual,4.4,900
Karnataka,kere-basadi,"Kere Basadi",Karnataka,spiritual,4.6,900
Karnataka,humcha-jain-temples,"Humcha Jain temples",Karnataka,spiritual,4.1,900
Karnataka,moole-shankareshvara-temple-turuvekere,"Moole Shankareshvara Temple, Turuvekere",Karnataka,spiritual,4.4,900
Karnataka,sri-ananda-lingeshwara-temple,"Sri Ananda Lingeshwara Temple",Karnataka,spiritual,4.5,900
Karnataka,ranganathaswamy-temple-nirthadi,"Ranganathaswamy Temple, Nirthadi",Karnataka,spiritual,4.2,900
Karnataka,tarakeshwara-temple-hangal,"Tarakeshwara Temple, Hangal",Karnataka,spiritual,4.7,900
Karnataka,puttur-shree-mahalingeshwara-temple,"Puttur Shree Mahalingeshwara Temple",Karnataka,spiritual,4.6,900
Karnataka,shree-brahma-baidarkala-garadi-kshetra,"Shree Brahma Baidarkala Garadi Kshetra",Karnataka,spiritual,4.7,900
Karnataka,manyamkonda,"Manyamkonda",Karnataka,spiritual,4.5,900
Karnataka,lakshmeshwara-jain-temples,"Lakshmeshwara Jain temples",Karnataka,spiritual,4.5,900
Karnataka,kuruvathi-basaveshwara-temple,"Kuruvathi Basaveshwara temple",Karnataka,spiritual,4.7,900
Karnataka,arabithittu-wildlife-sanctuary,"Arabithittu Wildlife Sanctuary",Karnataka,wildlife,4.4,2500
Karnataka,nugu-wildlife-sanctuary,"Nugu Wildlife Sanctuary",Karnataka,wildlife,4.2,2500
Karnataka,kappatagudda-wildlife-sanctuary,"Kappatagudda Wildlife Sanctuary",Karnataka,wildlife,4.6,2500
Karnataka,adichunchanagiri-peacock-wildlife-sanctuary,"Adichunchanagiri Peacock Wildlife Sanctuary",Karnataka,wildlife,4.3,2500
Karnataka,malai-mahadeshwara-wildlife-sanctuary,"Malai Mahadeshwara Wildlife Sanctuary",Karnataka,wildlife,4.1,2500
Karnataka,ghataprabha-wildlife-sanctuary,"Ghataprabha Wildlife Sanctuary",Karnataka,wildlife,4.3,2500
Karnataka,melkote-temple-wildlife-sanctuary,"Melkote Temple Wildlife Sanctuary",Karnataka,wildlife,4.4,2500
Karnataka,rangayyanadurga-four-horned-antelope-wildlife-sanctuary,"Rangayyanadurga Four–horned antelope Wildlife Sanctuary",Karnataka,wildlife,4.7,2500
Karnataka,ramadevarabetta-vulture-sanctuary,"Ramadevarabetta Vulture Sanctuary",Karnataka,wildlife,4.3,2500
Karnataka,jogimatti-wildlife-sanctuary,"Jogimatti Wildlife Sanctuary",Karnataka,wildlife,4.7,2500
Karnataka,dandeli-national-park,"Dandeli National Park",Karnataka,wildlife,4.4,2500
Karnataka,shri-katyayani-baneshwar-temple-aversa,"Shri Katyayani Baneshwar Temple, Aversa",Karnataka,spiritual,4.6,900
Karnataka,kote-anjaneya,"Kote Anjaneya",Karnataka,spiritual,4.6,900
Karnataka,our-lady-of-lourdes-church-kanajar,"Our Lady of Lourdes Church, Kanajar",Karnataka,spiritual,4.1,900
Karnataka,church-of-sacred-heart-of-jesus-madanthyar,"Church Of Sacred Heart Of Jesus, Madanthyar",Karnataka,spiritual,4.5,900
Karnataka,st-antony-church-ujire,"St. Antony Church, Ujire",Karnataka,spiritual,4.6,900
Karnataka,st-joseph-church-belman,"St. Joseph Church, Belman",Karnataka,spiritual,4.5,900
Karnataka,st-vincent-de-paul-church-katapady,"St Vincent De Paul Church, Katapady",Karnataka,spiritual,4.1,900
Karnataka,shri-guru-kottureshwara-temple,"Shri Guru Kottureshwara Temple",Karnataka,spiritual,4.3,900
Karnataka,sri-parashakthi-kshetra,"Sri Parashakthi Kshetra",Karnataka,spiritual,4.2,900
Karnataka,dodda-basaveshwara-temple,"Dodda Basaveshwara Temple",Karnataka,spiritual,4.2,900
Karnataka,st-michael-s-and-all-angels-church-oorgaum-kgf,"St. Michael's and All Angels' Church, Oorgaum, KGF",Karnataka,spiritual,4.5,900
Kashmir Valley,srinagar,"Srinagar",Jammu & Kashmir,hill_station,4.6,1500
Kashmir Valley,gulmarg,"Gulmarg",Jammu & Kashmir,adventure,4.7,2000
Kathiawar Coast,diu,"Diu",Daman & Diu,beach,4.3,1200
Kerala Coast,varkala,"Varkala",Kerala,beach,4.5,500
Kerala,sabarimala-temple-complex,"Sabarimala temple complex",Kerala,spiritual,4.7,900
Kerala,padmanabhaswamy-temple,"Padmanabhaswamy Temple",Kerala,spiritual,4.7,900
Kerala,eravikulam-national-park,"Eravikulam National Park",Kerala,wildlife,4.7,2500
Kerala,athirappilly-falls,"Athirappilly Falls",Kerala,heritage,4.5,900
Kerala,palaruvi-falls,"Palaruvi Falls",Kerala,heritage,4.3,900
Kerala,guruvayur-temple,"Guruvayur Temple",Kerala,spiritual,4.8,900
Kerala,santa-cruz-basilica,"Santa Cruz Basilica",Kerala,heritage,4.3,900
Kerala,vazhappally-maha-siva-temple,"Vazhappally Maha Siva Temple",Kerala,spiritual,4.5,900
Kerala,st-angelo-fort,"St. Angelo Fort",Kerala,heritage,4.4,900
Kerala,kappad,"Kappad",Kerala,beach,4.1,1200
Kerala,mathikettan-shola-national-park,"Mathikettan Shola National Park",Kerala,wildlife,4.6,2500
Kerala,vadakkunnathan-temple-thrissur,"Vadakkunnathan Temple, Thrissur",Kerala,spiritual,4.2,900
Kerala,ananthapura-lake-temple,"Ananthapura Lake Temple",Kerala,spiritual,4.2,900
Kerala,thusharagiri-falls,"Thusharagiri Falls",Kerala,heritage,4.3,900
Kerala,soochipara-falls,"Soochipara Falls",Kerala,heritage,4.5,900
Kerala,bekal-fort,"Bekal Fort",Kerala,heritage,4.6,900
Kerala,pallipuram-fort,"Pallipuram Fort",Kerala,heritage,4.6,900
Kerala,peppara-wildlife-sanctuary,"Peppara Wildlife Sanctuary",Kerala,wildlife,4.4,2500
Kerala,parambikulam-tiger-reserve,"Parambikulam Tiger Reserve",Kerala,wildlife,4.6,2500
Kerala,st-mary-s-syro-malabar-catholic-cathedral-basilica,"St. Mary's Syro-Malabar Catholic Cathedral Basilica",Kerala,heritage,4.5,900
Kerala,chinnar-wildlife-sanctuary,"Chinnar Wildlife Sanctuary",Kerala,wildlife,4.2,2500
Kerala,vazhachal-falls,"Vazhachal Falls",Kerala,heritage,4.2,900
Kerala,cheeyappara-waterfalls,"Cheeyappara Waterfalls",Kerala,heritage,4.3,900
Kerala,muzhappilangad-beach,"Muzhappilangad Beach",Kerala,beach,4.5,1200
Kerala,palakkad-fort,"Palakkad Fort",Kerala,heritage,4.6,900
Kerala,chottanikkara-temple,"Chottanikkara Temple",Kerala,spiritual,4.4,900
Kerala,vaikom-temple,"Vaikom Temple",Kerala,spiritual,4.6,900
Kerala,aluva-mahadeva-temple,"Aluva Mahadeva Temple",Kerala,spiritual,4.7,900
Kerala,ambalappuzha-sri-krishna-temple,"Ambalappuzha Sri Krishna Temple",Kerala,spiritual,4.4,900
Kerala,tirunavaya-temple,"Tirunavaya Temple",Kerala,spiritual,4.4,900
Kerala,st-mary-s-cathedral-pattom-trivandrum,"St. Mary's Cathedral, Pattom, Trivandrum",Kerala,heritage,4.3,900
Kerala,neyyar-wildlife-sanctuary,"Neyyar Wildlife Sanctuary",Kerala,wildlife,4.3,2500
Kerala,aralam-wildlife-sanctuary,"Aralam Wildlife Sanctuary",Kerala,wildlife,4.8,2500
Kerala,kollam-beach,"Kollam Beach",Kerala,beach,4.8,1200
Kerala,cranganore-fort,"Cranganore Fort",Kerala,heritage,4.5,900
Kerala,hosdurg-fort,"Hosdurg Fort",Kerala,heritage,4.2,900
Kerala,madhur-temple,"Madhur Temple",Kerala,spiritual,4.4,900
Kerala,abaya-pradhan-temple,"Abaya Pradhan Temple",Kerala,spiritual,4.1,900
Kerala,valiya-koonambaikulam-temple,"Valiya Koonambaikulam temple",Kerala,spiritual,4.6,900
Kerala,sreevallabha-temple-thiruvalla,"Sreevallabha Temple, Thiruvalla",Kerala,spiritual,4.6,900
Kerala,amaramkavu,"Amaramkavu",Kerala,spiritual,4.5,900
Kerala,aranmula-parthasarathy-temple,"Aranmula Parthasarathy Temple",Kerala,spiritual,4.2,900
Kerala,arattupuzha-temple,"Arattupuzha Temple",Kerala,spiritual,4.5,900
Kerala,kaviyoor-mahadeva-temple-kerala,"Kaviyoor Mahadeva Temple, Kerala",Kerala,spiritual,4.3,900
Kerala,muthappan-temple,"Muthappan Temple",Kerala,spiritual,4.5,900
Kerala,st-andrew-s-basilica-arthunkal,"St. Andrew's Basilica, Arthunkal",Kerala,spiritual,4.7,900
Kerala,st-thomas-cathedral-pala,"St. Thomas Cathedral, Pala",Kerala,heritage,4.1,900
Kerala,chimmini-wildlife-sanctuary,"Chimmini Wildlife Sanctuary",Kerala,wildlife,4.5,2500
Kerala,pathampuzha,"Pathampuzha",Kerala,heritage,4.1,900
Kerala,aruvikkuzhy-falls,"Aruvikkuzhy Falls",Kerala,heritage,4.7,900
Kerala,shankumugham-beach,"Shankumugham Beach",Kerala,beach,4.4,1200
Kerala,tellicherry-fort,"Tellicherry Fort",Kerala,heritage,4.7,900
Kerala,anchuthengu-fort,"Anchuthengu Fort",Kerala,heritage,4.4,900
Kerala,thrikkakara-temple,"Thrikkakara Temple",Kerala,spiritual,4.5,900
Kerala,panachikkadu-temple,"Panachikkadu Temple",Kerala,spiritual,4.5,900
Kerala,sree-poornathrayeesa-temple,"Sree Poornathrayeesa Temple",Kerala,spiritual,4.4,900
Kerala,thali-mahadeva-temple-kozhikode,"Thali Mahadeva temple, Kozhikode",Kerala,spiritual,4.5,900
Kerala,puramundekkadu-shri-mahadeva-temple,"Puramundekkadu Shri Mahadeva Temple",Kerala,spiritual,4.3,900
Kerala,perumparampu-sri-mahadeva-temple,"Perumparampu Sri Mahadeva Temple",Kerala,spiritual,4.2,900
Kerala,puttingal-temple,"Puttingal Temple",Kerala,spiritual,4.5,900
Kerala,kottukal-cave-temple,"Kottukal cave temple",Kerala,spiritual,4.2,900
Kerala,thiruvallam-parasurama-temple,"Thiruvallam Parasurama Temple",Kerala,spiritual,4.3,900
Kerala,trichambaram-temple,"Trichambaram Temple",Kerala,spiritual,4.5,900
Kerala,vellayani-devi-temple,"Vellayani Devi Temple",Kerala,spiritual,4.7,900
Kerala,vilwadrinatha-temple,"Vilwadrinatha Temple",Kerala,spiritual,4.5,900
Kerala,amaravila-rameswaram-sri-mahadeva-temple,"Amaravila Rameswaram Sri Mahadeva Temple",Kerala,spiritual,4.6,900
Kerala,ashtamangalam-siva-temple,"Ashtamangalam Siva Temple",Kerala,spiritual,4.4,900
Kerala,mannarasala-temple,"Mannarasala Temple",Kerala,spiritual,4.3,900
Kerala,koodalmanikyam-temple,"Koodalmanikyam Temple",Kerala,spiritual,4.8,900
Kerala,madayi-kavu,"Madayi Kavu",Kerala,spiritual,4.5,900
Kerala,kandiyoor-sree-mahadeva-temple,"Kandiyoor Sree Mahadeva Temple",Kerala,spiritual,4.5,900
Kerala,manakkattu-devi-temple,"Manakkattu devi temple",Kerala,spiritual,4.5,900
Kerala,puliyur-mahavishnu-temple,"Puliyur Mahavishnu Temple",Kerala,spiritual,4.3,900
Kerala,ramapuram-alappuzha,"Ramapuram, Alappuzha",Kerala,spiritual,4.4,900
Kerala,thrichittatt-maha-vishnu-temple,"Thrichittatt Maha Vishnu Temple",Kerala,spiritual,4.6,900
Kerala,mangala-devi-temple,"Mangala Devi Temple",Kerala,spiritual,4.1,900
Kerala,panniyur-sri-varahamoorthy-temple,"Panniyur Sri Varahamoorthy Temple",Kerala,spiritual,4.4,900
Kerala,st-george-s-catholic-forane-church,"St. George's Catholic Forane Church",Kerala,spiritual,4.4,900
Kerala,immaculate-heart-of-mary-cathedral,"Immaculate Heart of Mary Cathedral",Kerala,heritage,4.3,900
Kerala,parumala-valiya-panayannarkavu-devi-temple,"Parumala Valiya Panayannarkavu Devi Temple",Kerala,spiritual,4.4,900
Kerala,chulannur-peafowl-sanctuary,"Chulannur Peafowl Sanctuary",Kerala,wildlife,4.6,2500
Kerala,thattekad-bird-sanctuary,"Thattekad Bird Sanctuary",Kerala,wildlife,4.8,2500
Kerala,adyanpara-falls,"Adyanpara Falls",Kerala,heritage,4.6,900
Kerala,perunthenaruvi-falls,"Perunthenaruvi Falls",Kerala,heritage,4.7,900
Kerala,meenmutty-falls,"Meenmutty Falls",Kerala,heritage,4.2,900
Kerala,marari-beach,"Marari Beach",Kerala,beach,4.7,1200
Kerala,cherai-beach,"Cherai Beach",Kerala,beach,4.4,1200
Kerala,alattiyur-hanuman-temple,"Alattiyur Hanuman Temple",Kerala,spiritual,4.5,900
Kerala,dakshina-mookambika-temple-north-paravur,"Dakshina Mookambika Temple, North Paravur",Kerala,spiritual,4.4,900
Kerala,ettumanoor-mahadevar-temple,"Ettumanoor Mahadevar Temple",Kerala,spiritual,4.4,900
Kerala,iringol-kavu-temple,"Iringol Kavu Temple",Kerala,spiritual,4.5,900
Kerala,kadampuzha-devi-temple,"Kadampuzha Devi Temple",Kerala,spiritual,4.1,900
Kerala,kallil-temple,"Kallil Temple",Kerala,spiritual,4.4,900
Kerala,cheranalloor-mahadeva-temple,"Cheranalloor Mahadeva Temple",Kerala,spiritual,4.3,900
Kerala,chowara-chidambaraswamy-temple,"Chowara Chidambaraswamy Temple",Kerala,spiritual,4.4,900
Kerala,thrikodithanam-mahavishnu-temple,"Thrikodithanam Mahavishnu Temple",Kerala,spiritual,4.8,900
Kerala,pazhoor-perumthrikkovil,"Pazhoor Perumthrikkovil",Kerala,spiritual,4.4,900
Kerala,oachira-temple,"Oachira Temple",Kerala,spiritual,4.3,900
Kerala,poruvazhy-peruviruthy-malanada-temple,"Poruvazhy Peruviruthy Malanada Temple",Kerala,spiritual,4.1,900
Kerala,thirunelli-temple,"Thirunelli Temple",Kerala,spiritual,4.5,900
Kerala,vayalil-thrikkovil-mahavishnu-temple,"Vayalil Thrikkovil Mahavishnu Temple",Kerala,spiritual,4.2,900
Kerala,padanilam-parabrahma-temple,"Padanilam Parabrahma Temple",Kerala,spiritual,4.7,900
Kerala,kadachira-sri-thrikkapalam-siva-temple,"Kadachira Sri Thrikkapalam Siva Temple",Kerala,spiritual,4.7,900
Kerala,kottiyoor-temple,"Kottiyoor Temple",Kerala,spiritual,4.1,900
Kerala,morkulangara-devi-temple,"Morkulangara Devi Temple",Kerala,spiritual,4.6,900
Kerala,velloor-perunthatta-siva-temple,"Velloor Perunthatta Siva Temple",Kerala,spiritual,4.5,900
Kerala,adithyapuram-sun-temple,"Adithyapuram Sun Temple",Kerala,spiritual,4.5,900
Kerala,kidangoor-subramanya-swamy-temple,"Kidangoor Subramanya Swamy Temple",Kerala,spiritual,4.2,900
Kerala,shatrughna-temple,"Shatrughna Temple",Kerala,spiritual,4.8,900
Kerala,kokkamangalam-st-thomas-church,"Kokkamangalam St. Thomas Church",Kerala,spiritual,4.4,900
Kerala,uthralikavu-pooram,"Uthralikavu Pooram",Kerala,spiritual,4.3,900
Kerala,palakkavu-bhagavathi-temple,"Palakkavu Bhagavathi temple",Kerala,spiritual,4.6,900
Kerala,thriprayar-ramaswamy-temple,"Thriprayar Ramaswamy Temple",Kerala,spiritual,4.7,900
Kerala,adat-shiva-temple,"Adat Shiva Temple",Kerala,spiritual,4.6,900
Kerala,kodungallur-bhagavathy-temple,"Kodungallur Bhagavathy Temple",Kerala,spiritual,4.6,900
Kerala,cheruvathur-mahadeva-temple,"Cheruvathur Mahadeva Temple",Kerala,spiritual,4.4,900
Kerala,chowalloor-siva-temple,"Chowalloor Siva Temple",Kerala,spiritual,4.5,900
Kerala,kondazhy-tritham-tali-siva-temple,"Kondazhy Tritham Tali Siva Temple",Kerala,spiritual,4.6,900
Kerala,pananchery-mudikkode-shiva-temple,"Pananchery Mudikkode Shiva Temple",Kerala,spiritual,4.7,900
Kerala,choorakkottukavu-bhagavathy-temple,"Choorakkottukavu Bhagavathy Temple",Kerala,spiritual,4.5,900
Kerala,iranikulam-mahadeva-temple,"Iranikulam Mahadeva Temple",Kerala,spiritual,4.7,900
Kerala,pallimanna-siva-temple,"Pallimanna Siva Temple",Kerala,spiritual,4.3,900
Kerala,thrippalur-mahadeva-temple,"Thrippalur Mahadeva Temple",Kerala,spiritual,4.3,900
Kerala,sree-indilayappan-temple,"Sree Indilayappan Temple",Kerala,spiritual,4.5,900
Kerala,annamanada-mahadeva-temple,"Annamanada Mahadeva Temple",Kerala,spiritual,4.6,900
Kerala,annapurneshwari-temple-cherukunnu,"Annapurneshwari Temple, Cherukunnu",Kerala,spiritual,4.6,900
Kerala,chettikulangara-devi-temple,"Chettikulangara Devi Temple",Kerala,spiritual,4.7,900
Kerala,cherthala-karthyayani-temple,"Cherthala Karthyayani Temple",Kerala,spiritual,4.6,900
Kerala,kattil-madam-temple-chalapuram,"Kattil Madam Temple, Chalapuram",Kerala,spiritual,4.2,900
Kerala,nalpathaneeswaram-sree-mahadeva-temple,"Nalpathaneeswaram Sree Mahadeva Temple",Kerala,spiritual,4.3,900
Kerala,kanichukulangara-devi-temple,"Kanichukulangara Devi Temple",Kerala,spiritual,4.1,900
Kerala,st-george-syro-malabar-catholic-basilica-angamaly,"St. George Syro-Malabar Catholic Basilica, Angamaly",Kerala,spiritual,4.6,900
Kerala,valliyamkavu-devi-temple,"Valliyamkavu Devi Temple",Kerala,spiritual,4.3,900
Kerala,pattupurackal-bhagavathy-temple,"Pattupurackal Bhagavathy Temple",Kerala,spiritual,4.8,900
Kerala,saint-thomas-syro-malabar-catholic-church-malayattoor,"Saint Thomas Syro-Malabar Catholic Church, Malayattoor",Kerala,spiritual,4.7,900
Kerala,pandalam-mahadeva-temple,"Pandalam Mahadeva Temple",Kerala,spiritual,4.4,900
Kerala,rektha-kanda-swamy-temple,"Rektha Kanda Swamy Temple",Kerala,spiritual,4.5,900
Kerala,thrikkavu-temple,"Thrikkavu Temple",Kerala,spiritual,4.4,900
Kerala,tirumanthamkunnu-temple,"Tirumanthamkunnu Temple",Kerala,spiritual,4.1,900
Kerala,vadakkan-koyikkal-devi-temple-puthiyavila,"Vadakkan Koyikkal Devi Temple Puthiyavila",Kerala,spiritual,4.5,900
Kerala,jain-temple-kidanganad,"Jain Temple, Kidanganad",Kerala,spiritual,4.1,900
Kerala,marth-mariyam-major-archiepiscopal-church,"Marth Mariyam Major Archiepiscopal Church",Kerala,spiritual,4.8,900
Kerala,thirupalkadal-sreekrishnaswamy-temple,"Thirupalkadal Sreekrishnaswamy Temple",Kerala,spiritual,4.7,900
Kerala,thirumoozhikkulam-lakshmana-perumal-temple,"Thirumoozhikkulam Lakshmana Perumal Temple",Kerala,spiritual,4.5,900
Kerala,thiruvanvandoor-mahavishnu-temple,"Thiruvanvandoor Mahavishnu Temple",Kerala,spiritual,4.7,900
Kerala,aazhimala-shiva-temple,"Aazhimala Shiva Temple",Kerala,spiritual,4.6,900
Kerala,mulavana-mahadevar-temple,"Mulavana Mahadevar Temple",Kerala,spiritual,4.4,900
Kerala,uravappara-temple,"Uravappara Temple",Kerala,spiritual,4.4,900
Kerala,ramapuram-sree-rama-temple,"Ramapuram Sree Rama Temple",Kerala,spiritual,4.7,900
Kerala,kottankulangara-devi-temple-chavara,"Kottankulangara Devi Temple, Chavara",Kerala,spiritual,4.4,900
Kerala,karimpuzha-wildlife-sanctuary,"Karimpuzha Wildlife Sanctuary",Kerala,wildlife,4.4,2500
Kerala,idukki-wildlife-sanctuary,"Idukki wildlife sanctuary",Kerala,wildlife,4.4,2500
Kerala,thommankuthu,"Thommankuthu",Kerala,heritage,4.3,900
Kerala,marmala-waterfall,"Marmala waterfall",Kerala,heritage,4.3,900
Kerala,kumbhavurutty-waterfalls,"Kumbhavurutty Waterfalls",Kerala,heritage,4.1,900
Kerala,aruvikkuzhi-waterfalls,"Aruvikkuzhi Waterfalls",Kerala,heritage,4.3,900
Kerala,puthenthope-beach,"Puthenthope Beach",Kerala,beach,4.3,1200
Kerala,puthiyakavu-devi-temple,"Puthiyakavu Devi Temple",Kerala,spiritual,4.6,900
Kerala,lokanarkavu-temple,"Lokanarkavu Temple",Kerala,spiritual,4.5,900
Kerala,pundareekapuram-temple,"Pundareekapuram Temple",Kerala,spiritual,4.4,900
Kerala,thiruvaloor-mahadeva-temple,"Thiruvaloor Mahadeva temple",Kerala,spiritual,4.4,900
Kerala,thaliyil-mahadeva-temple,"Thaliyil Mahadeva temple",Kerala,spiritual,4.7,900
Kerala,nadapuram-iringannur-siva-temple,"Nadapuram Iringannur Siva Temple",Kerala,spiritual,4.6,900
Kerala,tirunettur-mahadeva-temple,"Tirunettur Mahadeva Temple",Kerala,spiritual,4.2,900
Kerala,mazhuvannur-maha-siva-kshethram,"Mazhuvannur Maha Siva Kshethram",Kerala,spiritual,4.6,900
Kerala,valliyoorkkavu,"Valliyoorkkavu",Kerala,spiritual,4.5,900
Kerala,varinjam-sree-subramanya-swamy-temple,"Varinjam Sree Subramanya Swamy Temple",Kerala,spiritual,4.1,900
Kerala,thrikkadavoor-mahadeva-temple,"Thrikkadavoor Mahadeva Temple",Kerala,spiritual,4.7,900
Kerala,trithala-maha-siva-temple,"Trithala Maha Siva Temple",Kerala,spiritual,4.4,900
Kerala,chirakkadavu-sree-mahadeva-temple,"Chirakkadavu Sree Mahadeva Temple",Kerala,spiritual,4.5,900
Kerala,kodikkunnu-bhagavathy-temple,"Kodikkunnu Bhagavathy Temple",Kerala,spiritual,4.6,900
Kerala,udayamperoor-perumthrikkovil-temple,"Udayamperoor Perumthrikkovil Temple",Kerala,spiritual,4.5,900
Kerala,kanjilassery-maha-siva-temple,"Kanjilassery Maha Siva Temple",Kerala,spiritual,4.2,900
Kerala,erumely-sree-dharmasastha-temple,"Erumely Sree Dharmasastha Temple",Kerala,spiritual,4.3,900
Kerala,puliyannoor-mahadeva-temple,"Puliyannoor Mahadeva Temple",Kerala,spiritual,4.6,900
Kerala,thiru-nayathode-siva-narayana-temple,"Thiru Nayathode Siva Narayana Temple",Kerala,spiritual,4.7,900
Kerala,kadakkal-devi-temple,"Kadakkal Devi Temple",Kerala,spiritual,4.7,900
Kerala,kottarakkara-sree-mahaganapathi-kshethram,"Kottarakkara Sree Mahaganapathi Kshethram",Kerala,spiritual,4.8,900
Kerala,vattal-kurishu-palli,"Vattal Kurishu Palli",Kerala,spiritual,4.6,900
Kerala,st-peter-and-st-paul-s-church-kolenchery,"St. Peter and St. Paul's Church, Kolenchery",Kerala,spiritual,4.2,900
Kerala,mahadeva-temple-kalanjoor,"Mahadeva Temple, Kalanjoor",Kerala,spiritual,4.7,900
Kerala,trikkur-mahadeva-temple,"Trikkur Mahadeva Temple",Kerala,spiritual,4.2,900
Kerala,muttichur-kallattupuzha-sri-maha-siva-temple,"Muttichur Kallattupuzha Sri Maha Siva Temple",Kerala,spiritual,4.2,900
Kerala,thirumangalam-sree-maha-vishnu-siva-temple,"Thirumangalam Sree Maha Vishnu Siva Temple",Kerala,spiritual,4.6,900
Kerala,mundayur-mahadeva-temple,"Mundayur Mahadeva Temple",Kerala,spiritual,4.3,900
Kerala,sree-shivashakthi-mahaganapathi-temple,"Sree Shivashakthi Mahaganapathi temple",Kerala,spiritual,4.8,900
Kerala,kainoor-shiva-temple,"Kainoor Shiva Temple",Kerala,spiritual,4.3,900
Kerala,mahadeva-temple-avittathur,"Mahadeva Temple, Avittathur",Kerala,spiritual,4.5,900
Kerala,thrikkunnathu-mahadeva-temple,"Thrikkunnathu Mahadeva Temple",Kerala,spiritual,4.5,900
Kerala,chemmanthatta-mahadeva-temple,"Chemmanthatta Mahadeva Temple",Kerala,spiritual,4.3,900
Kerala,kattakampal-temple,"Kattakampal Temple",Kerala,spiritual,4.7,900
Kerala,panayur-palur-shiva-temple,"Panayur Palur Shiva Temple",Kerala,spiritual,4.3,900
Kerala,thrikkariyoor-mahadeva-temple,"Thrikkariyoor Mahadeva Temple",Kerala,spiritual,4.4,900
Kerala,anikkattilammakshethram,"Anikkattilammakshethram",Kerala,spiritual,4.3,900
Kerala,chakkulathukavu-temple,"Chakkulathukavu Temple",Kerala,spiritual,4.6,900
Kerala,mithranandapuram-vamanamoorthy-temple,"Mithranandapuram Vamanamoorthy Temple",Kerala,spiritual,4.4,900
Kerala,neelamperoor-palli-bhagavathi-temple,"Neelamperoor Palli Bhagavathi Temple",Kerala,spiritual,4.4,900
Kerala,sree-andalurkavu,"Sree Andalurkavu",Kerala,spiritual,4.2,900
Kerala,thanikkudam-bhagavathi-temple,"Thanikkudam Bhagavathi Temple",Kerala,spiritual,4.7,900
Kerala,karppillikkavu-sree-mahadeva-temple,"Karppillikkavu Sree Mahadeva Temple",Kerala,spiritual,4.7,900
Kerala,kulathupuzha-sastha-temple,"Kulathupuzha Sastha Temple",Kerala,spiritual,4.7,900
Kerala,achankovil-sastha-temple,"Achankovil Sastha Temple",Kerala,spiritual,4.7,900
Kerala,pokkunny-siva-temple,"Pokkunny Siva Temple",Kerala,spiritual,4.7,900
Kerala,parassala-mahadeva-temple,"Parassala Mahadeva Temple",Kerala,spiritual,4.8,900
Kerala,vadeshwaram-temple,"Vadeshwaram Temple",Kerala,spiritual,4.4,900
Kerala,our-lady-of-good-health-church-pattumala,"Our Lady of Good Health Church, Pattumala",Kerala,spiritual,4.5,900
Kerala,st-mary-s-syro-malabar-catholic-church-arakuzha,"St. Mary's Syro-Malabar Catholic Church, Arakuzha",Kerala,spiritual,4.4,900
Kerala,st-mary-s-syro-malabar-catholic-forane-church-champakulam,"St. Mary's Syro-Malabar Catholic Forane Church, Champakulam",Kerala,spiritual,4.7,900
Kerala,st-xavier-s-church-peyad,"St. Xavier's Church, Peyad",Kerala,spiritual,4.6,900
Kerala,sree-bhuvaneswary-temple-valamchuzhy,"Sree Bhuvaneswary Temple, Valamchuzhy",Kerala,spiritual,4.6,900
Kerala,vethalan-kavu-mahadeva-temple,"Vethalan Kavu Mahadeva Temple",Kerala,spiritual,4.2,900
Kerala,thumpamon-vadakkumnatha-temple,"Thumpamon Vadakkumnatha Temple",Kerala,spiritual,4.8,900
Kerala,nalukulangara-devi-temple,"Nalukulangara Devi Temple",Kerala,spiritual,4.6,900
Kerala,elamgulam-sree-dharma-sastha-temple,"Elamgulam Sree Dharma Sastha Temple",Kerala,spiritual,4.1,900
Kerala,panakkattodil-devi-temple,"Panakkattodil Devi Temple",Kerala,spiritual,4.8,900
Kerala,st-mary-s-cathedral-punalur,"St. Mary's Cathedral, Punalur",Kerala,heritage,4.1,900
Kerala,amunthirathu-devi-temple,"Amunthirathu Devi Temple",Kerala,spiritual,4.5,900
Kerala,st-mary-s-syro-malabar-catholic-church-koratty,"St. Mary's Syro-Malabar Catholic Church, Koratty",Kerala,spiritual,4.6,900
Kerala,st-elijah-orthodox-syrian-church-koduvila,"St. Elijah Orthodox Syrian Church, Koduvila",Kerala,spiritual,4.2,900
Kerala,valiyakoikkal-temple,"Valiyakoikkal Temple",Kerala,spiritual,4.1,900
Kerala,arthat-st-mary-s-cathedral,"Arthat St. Mary's Cathedral",Kerala,heritage,4.4,900
Kerala,sri-nellikulangara-bhagavathi-temple,"Sri Nellikulangara Bhagavathi Temple",Kerala,spiritual,4.7,900
Kerala,ponmeri-shiva-temple,"Ponmeri Shiva Temple",Kerala,spiritual,4.4,900
Kerala,kalarivathukkal-bhagavathy-temple,"Kalarivathukkal Bhagavathy Temple",Kerala,spiritual,4.3,900
Kerala,kurinjimala-sanctuary,"Kurinjimala Sanctuary",Kerala,wildlife,4.1,2500
Kerala,malabar-wildlife-sanctuary,"Malabar Wildlife Sanctuary",Kerala,wildlife,4.6,2500
Kerala,vazhvanthol-waterfalls,"Vazhvanthol waterfalls",Kerala,heritage,4.4,900
Kerala,valanjanganam-falls,"Valanjanganam Falls",Kerala,heritage,4.2,900
Kerala,keralamkundu-waterfalls,"Keralamkundu Waterfalls",Kerala,heritage,4.6,900
Kerala,kattikkayam-falls,"Kattikkayam Falls",Kerala,heritage,4.5,900
Kerala,areekkal-waterfalls,"Areekkal Waterfalls",Kerala,heritage,4.2,900
Kerala,lakkam-waterfalls,"Lakkam Waterfalls",Kerala,heritage,4.7,900
Kerala,carmelagiri-elephant-park,"Carmelagiri Elephant Park",Kerala,heritage,4.5,900
Kerala,mango-meadows,"Mango Meadows",Kerala,heritage,4.8,900
Kerala,meenkunnu-beach,"Meenkunnu Beach",Kerala,beach,4.4,1200
Kerala,mangottu-bhagavathi-temple,"Mangottu Bhagavathi Temple",Kerala,spiritual,4.2,900
Kerala,meenkulathi-temple,"Meenkulathi Temple",Kerala,spiritual,4.4,900
Kerala,anjumoorthy-temple,"Anjumoorthy Temple",Kerala,spiritual,4.6,900
Kerala,karivellur-mahadeva-temple,"Karivellur Mahadeva Temple",Kerala,spiritual,4.7,900
Kerala,shaktheeswaram-temple,"Shaktheeswaram Temple",Kerala,spiritual,4.6,900
Kerala,manarcad-church,"Manarcad Church",Kerala,spiritual,4.4,900
Kerala,kanimangalam-sastha-temple,"Kanimangalam Sastha Temple",Kerala,spiritual,4.1,900
Kerala,nedumpura-kulasekharanellur-shiva-temple,"Nedumpura Kulasekharanellur Shiva Temple",Kerala,spiritual,4.5,900
Kerala,kootayanimoodu-chamundi-temple,"Kootayanimoodu chamundi temple",Kerala,spiritual,4.2,900
Kerala,padanayarkulangara-mahadeva-temple,"Padanayarkulangara Mahadeva Temple",Kerala,spiritual,4.5,900
Kerala,aluvamkudi-sree-mahadeva-temple,"Aluvamkudi Sree Mahadeva Temple",Kerala,spiritual,4.1,900
Kerala,chammanad-devi-temple,"Chammanad devi temple",Kerala,spiritual,4.1,900
Kerala,vazhappully-temple,"Vazhappully temple",Kerala,spiritual,4.6,900
Kerala,st-george-forane-church-edathua,"St.George Forane Church, Edathua",Kerala,spiritual,4.6,900
Kerala,marthoman-cheriyapally-kothamangalam,"Marthoman Cheriyapally, Kothamangalam",Kerala,spiritual,4.4,900
Kerala,avanoor-sreekanteswaram-mahadeva-temple,"Avanoor Sreekanteswaram Mahadeva Temple",Kerala,spiritual,4.6,900
Kerala,ootukulangara-bhagavathy-temple-peruvemba,"Ootukulangara Bhagavathy Temple, Peruvemba",Kerala,spiritual,4.6,900
Kerala,padiyanoor-devi-temple,"Padiyanoor Devi Temple",Kerala,spiritual,4.7,900
Kerala,nilakkal-sree-mahadeva-temple,"Nilakkal Sree Mahadeva Temple",Kerala,spiritual,4.8,900
Kerala,changattu-sree-bhagavathy-temple,"Changattu Sree Bhagavathy Temple",Kerala,spiritual,4.5,900
Kerala,sacred-heart-forane-church,"Sacred Heart Forane Church",Kerala,spiritual,4.8,900
Kerala,mulanthuruthy-marthoman-church,"Mulanthuruthy Marthoman Church",Kerala,spiritual,4.6,900
Kerala,st-mary-s-forane-church-chalakudy,"St. Mary's Forane Church, Chalakudy",Kerala,spiritual,4.2,900
Kerala,st-mary-s-church-vechoor,"St. Mary's Church, Vechoor",Kerala,spiritual,4.2,900
Kerala,st-mary-s-forane-church-edoor,"St. Mary's Forane Church Edoor",Kerala,spiritual,4.5,900
Kerala,st-marys-church-meenangadi,"St. Marys Church Meenangadi",Kerala,spiritual,4.1,900
Kerala,mar-thoma-sleeha-church-thulappally,"Mar Thoma Sleeha Church Thulappally",Kerala,spiritual,4.5,900
Kerala,ramapuram-church,"Ramapuram Church",Kerala,spiritual,4.6,900
Kerala,st-francis-xavier-s-church-sampaloor,"St. Francis Xavier's Church, Sampaloor",Kerala,spiritual,4.6,900
Kerala,dutch-church-munroe-island,"Dutch Church, Munroe Island",Kerala,spiritual,4.1,900
Kerala,st-mary-s-church-marady,"St. Mary's Church, Marady",Kerala,spiritual,4.7,900
Kerala,sri-rama-temple-ramapuram,"Sri Rama Temple, Ramapuram",Kerala,spiritual,4.3,900
Kerala,avanavanchery-sri-indilayappan-temple,"Avanavanchery Sri Indilayappan Temple",Kerala,spiritual,4.4,900
Kerala,chittoorkavu-devi-temple,"Chittoorkavu Devi Temple",Kerala,spiritual,4.6,900
Kerala,eravikulangara-temple,"Eravikulangara Temple",Kerala,spiritual,4.3,900
Kerala,kalamassery-mahaganapathy-temple,"Kalamassery Mahaganapathy Temple",Kerala,spiritual,4.4,900
Kerala,manikandeswaram-uma-maheswara-temple,"Manikandeswaram Uma Maheswara temple",Kerala,spiritual,4.6,900
Kerala,chennamangalam-temple,"Chennamangalam Temple",Kerala,spiritual,4.8,900
Kerala,sree-balakrishna-swami-temple-kuzhuppilly,"Sree Balakrishna Swami Temple, Kuzhuppilly",Kerala,spiritual,4.2,900
Kerala,kannamaly-church-ernakulam,"Kannamaly Church, Ernakulam",Kerala,spiritual,4.7,900
Kerala,malayalapuzha-devi-temple,"Malayalapuzha Devi Temple",Kerala,spiritual,4.3,900
Kerala,st-francis-xavier-s-church-pizhala,"St. Francis Xavier's Church, Pizhala",Kerala,spiritual,4.3,900
Kerala,st-mary-s-church-vendore,"St Mary's Church, Vendore",Kerala,spiritual,4.7,900
Kerala,bela-church,"Bela Church",Kerala,spiritual,4.8,900
Kerala,sreenarayanapuram-temple,"Sreenarayanapuram Temple",Kerala,spiritual,4.7,900
Kerala,thattayil-orippurathu-bhagavathy-kshetram,"Thattayil Orippurathu Bhagavathy Kshetram",Kerala,spiritual,4.6,900
Kerala,thrissileri-mahadeva-temple,"Thrissileri Mahadeva Temple",Kerala,spiritual,4.2,900
Kerala,anandeshwaram-mahadeva-temple,"Anandeshwaram Mahadeva Temple",Kerala,spiritual,4.6,900
Kerala,karyat-sree-ayyappa-temple-vanimal,"Karyat Sree Ayyappa Temple Vanimal",Kerala,spiritual,4.5,900
Kerala,st-francis-xavier-forane-church-velur,"St. Francis Xavier Forane Church, Velur",Kerala,spiritual,4.2,900
Kerala,pazhakulam-punthalaveettil-temple,"Pazhakulam punthalaveettil temple",Kerala,spiritual,4.5,900
Kerala,parthasarathy-temple-mundakkayam,"Parthasarathy Temple, Mundakkayam",Kerala,spiritual,4.3,900
Kerala,oorali-appooppan-kavu,"Oorali Appooppan Kavu",Kerala,spiritual,4.3,900
Kerala,pulimukham-devi-temple,"Pulimukham Devi Temple",Kerala,spiritual,4.5,900
Kerala,konni-forest-division,"Konni Forest Division",Kerala,heritage,4.6,900
Kerala,valara,"Valara",Kerala,heritage,4.6,900
Kerala,kannimara-teak,"Kannimara Teak",Kerala,heritage,4.5,900
Kerala,pariyanempatta-bhagavathi-temple,"Pariyanempatta Bhagavathi Temple",Kerala,spiritual,4.2,900
Kerala,mukkoottuthara-thiruvambadi-sree-krishaswami-temple,"Mukkoottuthara Thiruvambadi Sree Krishaswami Temple",Kerala,spiritual,4.2,900
Kerala,mayannur-kavu-sri-kurumba-bagavathy-temple,"Mayannur Kavu Sri Kurumba Bagavathy Temple",Kerala,spiritual,4.7,900
Kerala,st-bursouma-s-orthodox-church,"St. Bursouma's Orthodox Church",Kerala,spiritual,4.2,900
Kerala,mezhuveli-temple,"Mezhuveli Temple",Kerala,spiritual,4.4,900
Kerala,sri-gopalakrishna-temple-kumble,"Sri Gopalakrishna Temple Kumble",Kerala,spiritual,4.3,900
Kerala,sree-madiyan-koolom-temple,"Sree Madiyan Koolom Temple",Kerala,spiritual,4.4,900
Kerala,chelamattom-shree-krishna-swami-temple,"Chelamattom Shree Krishna Swami Temple",Kerala,spiritual,4.7,900
Kerala,st-mary-s-orthodox-cathedral-puthencavu,"St. Mary's Orthodox Cathedral, Puthencavu",Kerala,spiritual,4.2,900
Kerala,aruvithura-st-george-s-syro-malabar-catholic-forane-church,"Aruvithura St. George's Syro-Malabar Catholic Forane Church",Kerala,spiritual,4.7,900
Kerala,st-thomas-church-thumpoly,"St. Thomas Church, Thumpoly",Kerala,spiritual,4.3,900
Kerala,nariampara-puthiyakavu-devikshethram,"Nariampara Puthiyakavu Devikshethram",Kerala,spiritual,4.5,900
Kerala,sasthamangalam-mahadevar-temple,"Sasthamangalam Mahadevar Temple",Kerala,spiritual,4.2,900
Kerala,sree-kattayattu-bhagavathi-kshethram,"Sree Kattayattu Bhagavathi Kshethram",Kerala,spiritual,4.8,900
Kerala,st-george-shrine-pilgrim-centre-kulathuvayal,"St George Shrine Pilgrim Centre Kulathuvayal",Kerala,spiritual,4.4,900
Kerala,little-flower-forane-church-nilambur,"Little Flower Forane Church, Nilambur",Kerala,spiritual,4.6,900
Kerala,kottekkad-temple,"Kottekkad Temple",Kerala,spiritual,4.6,900
Kerala,kolathukara-shiva-temple,"Kolathukara shiva temple",Kerala,spiritual,4.7,900
Kerala,padayanivettom,"Padayanivettom",Kerala,spiritual,4.2,900
Kerala,changankulangara-sri-mahadevar-temple,"Changankulangara Sri Mahadevar Temple",Kerala,spiritual,4.7,900
Kerala,kannamcode-cathedral,"Kannamcode Cathedral",Kerala,heritage,4.3,900
Kerala,st-joseph-s-syro-malabar-catholic-church-meenkunnam,"St. Joseph's Syro-Malabar Catholic Church, Meenkunnam",Kerala,spiritual,4.7,900
Kerala,st-george-forane-church-kallody-wayanad,"St. George Forane Church Kallody, Wayanad",Kerala,spiritual,4.8,900
Kerala,trikandiyur-mahadeva-temple,"Trikandiyur Mahadeva Temple",Kerala,spiritual,4.6,900
Kerala,nilakkal-st-thomas-church,"Nilakkal St.Thomas Church",Kerala,spiritual,4.4,900
Kerala,st-teresa-s-shrine-mahe,"St. Teresa’s Shrine, Mahé",Kerala,spiritual,4.2,900
Kerala,st-thomas-orthodox-cathedral-thottomon-ranny,"St Thomas Orthodox Cathedral, Thottomon, Ranny",Kerala,heritage,4.5,900
Kerala,basilica-of-our-lady-of-lourdes-chemperi,"Basilica of Our Lady of Lourdes, Chemperi",Kerala,spiritual,4.1,900
Kerala,st-mary-s-jacobite-syrian-cathedral-church-karakunnam,"St. Mary's Jacobite Syrian Cathedral Church, Karakunnam",Kerala,spiritual,4.4,900
Kerala,polur-temple-kozhikode,"Polur temple, Kozhikode",Kerala,spiritual,4.2,900
Kerala,st-joseph-s-parish-shrine-pavaratty,"St. Joseph’s Parish Shrine, Pavaratty",Kerala,spiritual,4.4,900
Kerala,madhur,"Madhur",Kerala,spiritual,4.6,900
Kerala,bethel-marthoma-church,"Bethel Marthoma Church",Kerala,spiritual,4.3,900
Kerala,st-john-the-baptist-jacobite-syrian-church-south-parur,"St. John The Baptist Jacobite Syrian Church, South Parur",Kerala,spiritual,4.3,900
Kerala,st-nicholas-church,"St. Nicholas' Church",Kerala,spiritual,4.3,900
Kerala,st-george-church-kalady,"St. George Church, Kalady",Kerala,spiritual,4.3,900
Kerala,st-joseph-s-syro-malabar-catholic-church-chennamkary,"St. Joseph's Syro-Malabar Catholic Church, Chennamkary",Kerala,spiritual,4.4,900
Kerala,holy-magi-syro-malabar-catholic-forane-church-muvattupuzha,"Holy Magi Syro-Malabar Catholic Forane Church, Muvattupuzha",Kerala,spiritual,4.3,900
Kerala,kadammanittapally,"Kadammanittapally",Kerala,spiritual,4.2,900
Kerala,st-antony-s-church-pazhuvil,"St. Antony's Church, Pazhuvil",Kerala,spiritual,4.2,900
Kerala,kadampanad-church,"Kadampanad Church",Kerala,spiritual,4.1,900
Kerala,st-antony-s-church-kuninji,"St. Antony's Church, Kuninji",Kerala,spiritual,4.1,900
Kerala,st-philomena-s-forane-church-koonammavu,"St.Philomena's Forane Church, Koonammavu",Kerala,spiritual,4.2,900
Kerala,st-stanislaus-forane-church-mala,"St. Stanislaus Forane Church, Mala",Kerala,spiritual,4.5,900
Kerala,st-mary-s-orthodox-church-avaneeswaram,"St. Mary's Orthodox Church, Avaneeswaram",Kerala,spiritual,4.3,900
Kerala,holy-cross-shrine-mapranam,"Holy Cross Shrine Mapranam",Kerala,spiritual,4.6,900
Kerala,nileshwar-muthappan-madappura,"Nileshwar Muthappan Madappura",Kerala,spiritual,4.3,900
Kerala,pavangad,"Pavangad",Kerala,heritage,4.6,900
Khasi Hills,shillong,"Shillong",Meghalaya,hill_station,4.5,1300
Khasi Hills,cherrapunji,"Cherrapunji",Meghalaya,hill_station,4.5,1300
Kinnaur,chitkul,"Chitkul",Himachal Pradesh,hill_station,4.6,1200
Kinnaur,kalpa,"Kalpa",Himachal Pradesh,hill_station,4.5,1200
Konkan Coast,goa,"Goa",Goa,beach,4.5,400
Konkan Coast,gokarna,"Gokarna",Karnataka,beach,4.5,900
Konkan Coast,mumbai,"Mumbai",Maharashtra,heritage,4.4,1500
Konkan Coast,tarkarli,"Tarkarli",Maharashtra,beach,4.4,1100
Kullu Valley,manali,"Manali",Himachal Pradesh,hill_station,4.7,400
Kumaon,nainital,"Nainital",Uttarakhand,hill_station,4.4,1200
Kumaon,ranikhet,"Ranikhet",Uttarakhand,hill_station,4.3,1400
Kumaon,binsar,"Binsar",Uttarakhand,wildlife,4.5,1500
Kutch Desert,rann-of-kutch,"Rann of Kutch",Gujarat,adventure,4.6,600
Kutch District,dholavira,"Dholavira",Gujarat,heritage,4.8,2400
Ladakh,hemis-national-park,"Hemis National Park",Ladakh,wildlife,4.3,2500
Ladakh,thikse-monastery,"Thikse Monastery",Ladakh,spiritual,4.7,900
Ladakh,diskit-monastery,"Diskit Monastery",Ladakh,hill_station,4.2,1200
Ladakh,lamayuru-monastery,"Lamayuru Monastery",Ladakh,spiritual,4.4,900
Ladakh,alchi-monastery,"Alchi Monastery",Ladakh,spiritual,4.5,900
Ladakh,hemis-monastery,"Hemis Monastery",Ladakh,spiritual,4.8,900
Ladakh,karsha-monastery,"Karsha Monastery",Ladakh,spiritual,4.8,900
Ladakh,likir-monastery,"Likir Monastery",Ladakh,spiritual,4.2,900
Ladakh,tingmosgang-monastery,"Tingmosgang monastery",Ladakh,spiritual,4.5,900
Ladakh,rizong-monastery,"Rizong Monastery",Ladakh,spiritual,4.2,900
Ladakh,korzok-monastery,"Korzok Monastery",Ladakh,spiritual,4.8,900
Ladakh,lingshed-monastery,"Lingshed Monastery",Ladakh,spiritual,4.1,900
Ladakh,matho-monastery,"Matho Monastery",Ladakh,spiritual,4.4,900
Ladakh,phyang-monastery,"Phyang Monastery",Ladakh,spiritual,4.2,900
Ladakh,takthok-monastery,"Takthok Monastery",Ladakh,spiritual,4.3,900
Ladakh,hanle-monastery,"Hanle Monastery",Ladakh,spiritual,4.8,900
Ladakh,basgo-monastery,"Basgo Monastery",Ladakh,spiritual,4.6,900
Ladakh,changthang-wildlife-sanctuary,"Changthang Wildlife Sanctuary",Ladakh,wildlife,4.4,2500
Ladakh,stok-monastery,"Stok Monastery",Ladakh,spiritual,4.5,900
Ladakh,bardan-monastery,"Bardan Monastery",Ladakh,spiritual,4.2,900
Ladakh,zangla-khar,"Zangla Khar",Ladakh,heritage,4.8,900
Ladakh,stakna-monastery,"Stakna Monastery",Ladakh,spiritual,4.2,900
Ladakh,shey-monastery,"Shey Monastery",Ladakh,spiritual,4.2,900
Ladakh,khurnak-fort,"Khurnak Fort",Ladakh,heritage,4.2,900
Ladakh,mangyu-temple-complex,"Mangyu temple complex",Ladakh,spiritual,4.5,900
Lakshadweep Archipelago,agatti-island,"Agatti Island",Lakshadweep,beach,4.8,5500
Lakshadweep Archipelago,bangaram-island,"Bangaram Island",Lakshadweep,beach,4.9,6500
Lower Himalayas,shimla,"Shimla",Himachal Pradesh,hill_station,4.4,1300
Lower Subansiri,ziro,"Ziro",Arunachal Pradesh,hill_station,4.5,1400
Madhya Pradesh,bandhavgarh-national-park,"Bandhavgarh National Park",Madhya Pradesh,wildlife,4.1,2500
Madhya Pradesh,omkareshwar-temple,"Omkareshwar Temple",Madhya Pradesh,spiritual,4.6,900
Madhya Pradesh,pench-national-park,"Pench National Park",Madhya Pradesh,wildlife,4.2,2500
Madhya Pradesh,bhojeshwar-temple,"Bhojeshwar Temple",Madhya Pradesh,spiritual,4.7,900
Madhya Pradesh,asirgarh-fort,"Asirgarh Fort",Madhya Pradesh,heritage,4.5,900
Madhya Pradesh,chachai-falls,"Chachai Falls",Madhya Pradesh,heritage,4.6,900
Madhya Pradesh,dhuandhar-falls,"Dhuandhar Falls",Madhya Pradesh,heritage,4.2,900
Madhya Pradesh,pandav-falls,"Pandav Falls",Madhya Pradesh,heritage,4.2,900
Madhya Pradesh,van-vihar-national-park,"Van Vihar National Park",Madhya Pradesh,wildlife,4.3,2500
Madhya Pradesh,chausath-yogini-temple-mitaoli,"Chausath Yogini Temple, Mitaoli",Madhya Pradesh,spiritual,4.5,900
Madhya Pradesh,keoti-falls,"Keoti Falls",Madhya Pradesh,heritage,4.6,900
Madhya Pradesh,kal-bhairav-temple,"Kal Bhairav temple",Madhya Pradesh,spiritual,4.6,900
Madhya Pradesh,purwa-falls,"Purwa Falls",Madhya Pradesh,heritage,4.3,900
Madhya Pradesh,raneh-falls,"Raneh Falls",Madhya Pradesh,heritage,4.4,900
Madhya Pradesh,bahuti-falls,"Bahuti Falls",Madhya Pradesh,heritage,4.8,900
Madhya Pradesh,pashupatinath-temple,"Pashupatinath Temple",Madhya Pradesh,spiritual,4.1,900
Madhya Pradesh,gatha-falls,"Gatha Falls",Madhya Pradesh,heritage,4.2,900
Madhya Pradesh,taj-mahal-palace,"Taj Mahal Palace",Madhya Pradesh,heritage,4.4,900
Madhya Pradesh,bateshwar-hindu-temples,"Bateshwar Hindu temples",Madhya Pradesh,spiritual,4.7,900
Madhya Pradesh,pench-tiger-reserve,"Pench Tiger Reserve",Madhya Pradesh,wildlife,4.7,2500
Madhya Pradesh,chanderi-fort,"Chanderi Fort",Madhya Pradesh,heritage,4.8,900
Madhya Pradesh,rajwada-palace,"Rajwada palace",Madhya Pradesh,heritage,4.6,900
Madhya Pradesh,bawangaja,"Bawangaja",Madhya Pradesh,spiritual,4.4,900
Madhya Pradesh,kakanmath-temple-sihoniya,"Kakanmath temple, Sihoniya",Madhya Pradesh,spiritual,4.8,900
Madhya Pradesh,shiva-temple-bhumara,"Shiva temple, Bhumara",Madhya Pradesh,spiritual,4.4,900
Madhya Pradesh,ratapani-tiger-reserve,"Ratapani Tiger Reserve",Madhya Pradesh,wildlife,4.5,2500
Madhya Pradesh,patalpani-waterfall,"Patalpani waterfall",Madhya Pradesh,heritage,4.2,900
Madhya Pradesh,aharji,"Aharji",Madhya Pradesh,spiritual,4.6,900
Madhya Pradesh,tigawa-temple,"Tigawa Temple",Madhya Pradesh,spiritual,4.7,900
Madhya Pradesh,gandhi-sagar-sanctuary,"Gandhi Sagar Sanctuary",Madhya Pradesh,wildlife,4.6,2500
Madhya Pradesh,kheoni-wildlife-sanctuary,"Kheoni Wildlife Sanctuary",Madhya Pradesh,wildlife,4.7,2500
Madhya Pradesh,gohad-fort,"Gohad Fort",Madhya Pradesh,heritage,4.6,900
Madhya Pradesh,sabalgarh-fort,"Sabalgarh Fort",Madhya Pradesh,heritage,4.3,900
Madhya Pradesh,jabalpur-madan-mahal,"Jabalpur Madan Mahal",Madhya Pradesh,heritage,4.1,900
Madhya Pradesh,bijasan-mata-mandir-indore,"Bijasan mata mandir indore",Madhya Pradesh,spiritual,4.3,900
Madhya Pradesh,national-chambal-sanctuary,"National Chambal Sanctuary",Madhya Pradesh,wildlife,4.6,2500
Madhya Pradesh,champavati-fort,"Champavati Fort",Madhya Pradesh,heritage,4.2,900
Madhya Pradesh,datia-palace,"Datia Palace",Madhya Pradesh,heritage,4.4,900
Madhya Pradesh,hindola-mahal,"Hindola Mahal",Madhya Pradesh,heritage,4.2,900
Madhya Pradesh,chaman-mahal,"Chaman Mahal",Madhya Pradesh,heritage,4.7,900
Madhya Pradesh,shri-kala-bhairava-nath-swami-temple,"Shri Kala Bhairava Nath Swami Temple",Madhya Pradesh,spiritual,4.5,900
Madhya Pradesh,sun-temple-madkhera,"Sun Temple, Madkhera",Madhya Pradesh,spiritual,4.6,900
Madhya Pradesh,nava-toran-temple,"Nava Toran Temple",Madhya Pradesh,spiritual,4.3,900
Madhya Pradesh,bagalamukhi-temple,"Bagalamukhi Temple",Madhya Pradesh,spiritual,4.2,900
Madhya Pradesh,ghatigaon-sanctuary,"Ghatigaon Sanctuary",Madhya Pradesh,wildlife,4.4,2500
Madhya Pradesh,deogarh-fort,"Deogarh Fort",Madhya Pradesh,heritage,4.4,900
Madhya Pradesh,kaliadeh-palace,"Kaliadeh Palace",Madhya Pradesh,heritage,4.3,900
Madhya Pradesh,hanumantal-bada-jain-mandir,"Hanumantal Bada Jain Mandir",Madhya Pradesh,spiritual,4.4,900
Madhya Pradesh,bajramath-temple-gyaraspur,"Bajramath Temple, Gyaraspur",Madhya Pradesh,spiritual,4.2,900
Madhya Pradesh,christ-church-dr-ambedkar-nagar,"Christ Church, Dr.Ambedkar Nagar",Madhya Pradesh,spiritual,4.2,900
Madhya Pradesh,siddhanath-temple-nemawar,"Siddhanath Temple, Nemawar",Madhya Pradesh,spiritual,4.4,900
Madhya Pradesh,unao-balaji-sun-temple,"Unao Balaji Sun Temple",Madhya Pradesh,spiritual,4.4,900
Madhya Pradesh,mohajmata-temple-terahi,"Mohajmata temple, Terahi",Madhya Pradesh,spiritual,4.4,900
Madhya Pradesh,dada-darbar,"Dada Darbar",Madhya Pradesh,spiritual,4.7,900
Madhya Pradesh,virateshwar-temple-sohagpur,"Virateshwar temple, Sohagpur",Madhya Pradesh,spiritual,4.6,900
Madhya Pradesh,adhyatma-niketan,"Adhyatma Niketan",Madhya Pradesh,heritage,4.2,900
Madhya Pradesh,ralamandal-wildlife-sanctuary,"Ralamandal Wildlife Sanctuary",Madhya Pradesh,wildlife,4.7,2500
Madhya Pradesh,ken-gharial-sanctuary,"Ken Gharial Sanctuary",Madhya Pradesh,wildlife,4.3,2500
Madhya Pradesh,veerangana-durgavati-wildlife-sanctuary,"Veerangana Durgavati Wildlife Sanctuary",Madhya Pradesh,wildlife,4.3,2500
Madhya Pradesh,son-gharial-wildlife-sanctuary,"Son Gharial Wildlife Sanctuary",Madhya Pradesh,wildlife,4.7,2500
Madhya Pradesh,dinosaur-fossils-national-park,"Dinosaur Fossils National Park",Madhya Pradesh,wildlife,4.3,2500
Madhya Pradesh,narsinghgarh-wildlife-sanctuary,"Narsinghgarh Wildlife Sanctuary",Madhya Pradesh,wildlife,4.8,2500
Madhya Pradesh,sardarpur-wildlife-sanctuary,"Sardarpur Wildlife Sanctuary",Madhya Pradesh,wildlife,4.4,2500
Madhya Pradesh,fellowship-of-the-pentecostal-churches-in-india,"Fellowship of the Pentecostal Churches in India",Madhya Pradesh,spiritual,4.4,900
Madhya Pradesh,gadarmal-devi-temple,"Gadarmal Devi temple",Madhya Pradesh,spiritual,4.7,900
Madhya Pradesh,neelkantha-nilkantheswar,"Neelkantha (Nilkantheswar)",Madhya Pradesh,spiritual,4.1,900
Magadh,nalanda,"Nalanda",Bihar,heritage,4.5,900
Mahanadi,bhubaneswar,"Bhubaneswar",Odisha,heritage,4.4,1000
Maharashtra,kailasa-temple-ellora,"Kailasa Temple, Ellora",Maharashtra,spiritual,4.5,900
Maharashtra,raigad-fort,"Raigad Fort",Maharashtra,heritage,4.5,900
Maharashtra,bhimashankar-temple,"Bhimashankar Temple",Maharashtra,spiritual,4.3,900
Maharashtra,sanjay-gandhi-national-park,"Sanjay Gandhi National Park",Maharashtra,wildlife,4.7,2500
Maharashtra,shivneri-fort,"Shivneri Fort",Maharashtra,heritage,4.6,900
Maharashtra,trimbakeshwar-shiva-temple,"Trimbakeshwar Shiva Temple",Maharashtra,spiritual,4.6,900
Maharashtra,siddhivinayak-temple-mumbai,"Siddhivinayak Temple, Mumbai",Maharashtra,spiritual,4.6,900
Maharashtra,aga-khan-palace,"Aga Khan Palace",Maharashtra,heritage,4.3,900
Maharashtra,shaniwar-wada,"Shaniwar Wada",Maharashtra,heritage,4.3,900
Maharashtra,murud-janjira,"Murud-Janjira",Maharashtra,heritage,4.4,900
Maharashtra,hazur-sahib,"Hazur Sahib",Maharashtra,heritage,4.4,900
Maharashtra,mumba-devi-temple,"Mumba Devi Temple",Maharashtra,spiritual,4.8,900
Maharashtra,fort-vasai,"Fort Vasai",Maharashtra,heritage,4.3,900
Maharashtra,rajgad-fort,"Rajgad Fort",Maharashtra,heritage,4.5,900
Maharashtra,sindhudurg-fort,"Sindhudurg Fort",Maharashtra,heritage,4.2,900
Maharashtra,vithoba-temple,"Vithoba Temple",Maharashtra,spiritual,4.7,900
Maharashtra,mahalakshmi-temple,"Mahalakshmi Temple",Maharashtra,spiritual,4.3,900
Maharashtra,chandoli-national-park,"Chandoli National Park",Maharashtra,wildlife,4.1,2500
Maharashtra,khanderi-island,"Khānderi Island",Maharashtra,heritage,4.6,900
Maharashtra,harishchandragad,"Harishchandragad",Maharashtra,heritage,4.2,900
Maharashtra,lenyadri,"Lenyadri",Maharashtra,spiritual,4.6,900
Maharashtra,ahmednagar-fort,"Ahmednagar Fort",Maharashtra,heritage,4.7,900
Maharashtra,panhala-fort,"Panhala Fort",Maharashtra,heritage,4.8,900
Maharashtra,morgaon-ganesha-temple,"Morgaon Ganesha Temple",Maharashtra,spiritual,4.1,900
Maharashtra,nawegaon-national-park,"Nawegaon National Park",Maharashtra,wildlife,4.6,2500
Maharashtra,sinhagad,"Sinhagad",Maharashtra,heritage,4.3,900
Maharashtra,harihar-fort,"Harihar Fort",Maharashtra,heritage,4.3,900
Maharashtra,daulatabad-fort,"Daulatabad Fort",Maharashtra,heritage,4.1,900
Maharashtra,lohagad,"Lohagad",Maharashtra,heritage,4.3,900
Maharashtra,pratapgad,"Pratapgad",Maharashtra,heritage,4.5,900
Maharashtra,mount-mary-church,"Mount Mary Church",Maharashtra,spiritual,4.5,900
Maharashtra,aksa-beach,"Aksa Beach",Maharashtra,beach,4.5,1200
Maharashtra,arnala-fort,"Arnala Fort",Maharashtra,heritage,4.7,900
Maharashtra,karnala-fort,"Karnala Fort",Maharashtra,heritage,4.2,900
Maharashtra,torna-fort,"Torna Fort",Maharashtra,heritage,4.2,900
Maharashtra,gawilghur-fort,"Gawilghur Fort",Maharashtra,heritage,4.6,900
Maharashtra,kopeshwar-temple,"Kopeshwar temple",Maharashtra,spiritual,4.6,900
Maharashtra,walkeshwar-temple,"Walkeshwar Temple",Maharashtra,spiritual,4.3,900
Maharashtra,kalaram-temple,"Kalaram Temple",Maharashtra,spiritual,4.2,900
Maharashtra,amboli,"Amboli",Maharashtra,hill_station,4.4,1200
Maharashtra,belapur-fort,"Belapur Fort",Maharashtra,heritage,4.3,900
Maharashtra,suvarnadurg-fort,"Suvarnadurg Fort",Maharashtra,heritage,4.4,900
Maharashtra,dongri-fort,"Dongri Fort",Maharashtra,heritage,4.7,900
Maharashtra,kolaba-fort,"Kolaba Fort",Maharashtra,heritage,4.1,900
Maharashtra,vajreshwari-temple,"Vajreshwari Temple",Maharashtra,spiritual,4.8,900
Maharashtra,karnala-bird-sanctuary,"Karnala Bird Sanctuary",Maharashtra,wildlife,4.6,2500
Maharashtra,jijamata-udyaan,"Jijamata Udyaan",Maharashtra,wildlife,4.7,2500
Maharashtra,rajiv-gandhi-zoological-park,"Rajiv Gandhi Zoological Park",Maharashtra,wildlife,4.6,2500
Maharashtra,rajmachi-fort,"Rajmachi Fort",Maharashtra,heritage,4.3,900
Maharashtra,alang-fort,"Alang Fort",Maharashtra,heritage,4.1,900
Maharashtra,ajinkyatara-fort,"Ajinkyatara Fort",Maharashtra,heritage,4.5,900
Maharashtra,riwa-fort,"Riwa Fort",Maharashtra,heritage,4.3,900
Maharashtra,udgir-fort,"Udgir Fort",Maharashtra,heritage,4.4,900
Maharashtra,purandar-fort,"Purandar Fort",Maharashtra,heritage,4.5,900
Maharashtra,afghan-church,"Afghan Church",Maharashtra,spiritual,4.8,900
Maharashtra,amruteshwar-temple,"Amruteshwar Temple",Maharashtra,spiritual,4.4,900
Maharashtra,madh-fort,"Madh Fort",Maharashtra,heritage,4.7,900
Maharashtra,naldurg-fort,"Naldurg Fort",Maharashtra,heritage,4.4,900
Maharashtra,ghodbunder-fort,"Ghodbunder Fort",Maharashtra,heritage,4.7,900
Maharashtra,akola-fort,"Akola Fort",Maharashtra,heritage,4.4,900
Maharashtra,asheri-fort,"Asheri Fort",Maharashtra,heritage,4.4,900
Maharashtra,kaldurg-fort,"Kaldurg Fort",Maharashtra,heritage,4.1,900
Maharashtra,vijaydurg-fort,"Vijaydurg Fort",Maharashtra,heritage,4.7,900
Maharashtra,st-patrick-s-cathedral-pune,"St. Patrick's Cathedral, Pune",Maharashtra,heritage,4.2,900
Maharashtra,saptashrungi,"Saptashrungi",Maharashtra,spiritual,4.4,900
Maharashtra,siddhivinayak-temple-siddhatek,"Siddhivinayak Temple, Siddhatek",Maharashtra,spiritual,4.6,900
Maharashtra,bhimashankar-wildlife-sanctuary,"Bhimashankar Wildlife Sanctuary",Maharashtra,wildlife,4.2,2500
Maharashtra,koyna-wildlife-sanctuary,"Koyna Wildlife Sanctuary",Maharashtra,wildlife,4.1,2500
Maharashtra,phansad-wildlife-sanctuary,"Phansad Wildlife Sanctuary",Maharashtra,wildlife,4.8,2500
Maharashtra,nandur-madhmeshwar-bird-sanctuary,"Nandur Madhmeshwar Bird Sanctuary",Maharashtra,wildlife,4.5,2500
Maharashtra,dabhosa-waterfalls,"Dabhosa Waterfalls",Maharashtra,heritage,4.4,900
Maharashtra,tikona,"Tikona",Maharashtra,heritage,4.3,900
Maharashtra,laling-fort,"Laling Fort",Maharashtra,heritage,4.5,900
Maharashtra,kavnai-fort,"Kavnai Fort",Maharashtra,heritage,4.5,900
Maharashtra,ghosalegad-fort,"Ghosalegad Fort",Maharashtra,heritage,4.4,900
Maharashtra,ballarpur-fort,"Ballarpur Fort",Maharashtra,heritage,4.2,900
Maharashtra,jaigad-fort,"Jaigad Fort",Maharashtra,heritage,4.3,900
Maharashtra,paranda-fort,"Paranda Fort",Maharashtra,heritage,4.5,900
Maharashtra,achala-fort,"Achala Fort",Maharashtra,heritage,4.4,900
Maharashtra,mahuli-fort,"Mahuli Fort",Maharashtra,heritage,4.2,900
Maharashtra,prabalgad,"Prabalgad",Maharashtra,heritage,4.2,900
Maharashtra,narnala-fort,"Narnala Fort",Maharashtra,heritage,4.4,900
Maharashtra,korlai-fort,"Korlai Fort",Maharashtra,heritage,4.5,900
Maharashtra,mangi-tungi,"Mangi-Tungi",Maharashtra,spiritual,4.6,900
Maharashtra,shiv-mandir-ambarnath,"Shiv Mandir, Ambarnath",Maharashtra,spiritual,4.6,900
Maharashtra,chaturshringi-temple,"Chaturshringi Temple",Maharashtra,spiritual,4.6,900
Maharashtra,tulja-bhavani-temple,"Tulja Bhavani Temple",Maharashtra,spiritual,4.8,900
Maharashtra,vigneshwara-temple-ozar,"Vigneshwara Temple, Ozar",Maharashtra,spiritual,4.6,900
Maharashtra,yamai-temple,"Yamai Temple",Maharashtra,spiritual,4.3,900
Maharashtra,bor-wildlife-sanctuary,"Bor Wildlife Sanctuary",Maharashtra,wildlife,4.2,2500
Maharashtra,dugarwadi-waterfall,"Dugarwadi waterfall",Maharashtra,heritage,4.6,900
Maharashtra,yawal-wildlife-sanctuary,"Yawal Wildlife Sanctuary",Maharashtra,wildlife,4.4,2500
Maharashtra,pandavkada-falls,"Pandavkada Falls",Maharashtra,heritage,4.6,900
Maharashtra,avchitgad,"Avchitgad",Maharashtra,heritage,4.5,900
Maharashtra,kandhar-fort,"Kandhar Fort",Maharashtra,heritage,4.6,900
Maharashtra,antur-fort,"Antur Fort",Maharashtra,heritage,4.2,900
Maharashtra,ankai-fort,"Ankai Fort",Maharashtra,heritage,4.6,900
Maharashtra,ghangad,"Ghangad",Maharashtra,heritage,4.2,900
Maharashtra,hadsar,"Hadsar",Maharashtra,heritage,4.4,900
Maharashtra,dhodap-fort,"Dhodap Fort",Maharashtra,heritage,4.4,900
Maharashtra,kamalgad,"Kamalgad",Maharashtra,heritage,4.2,900
Maharashtra,malanggad,"Malanggad",Maharashtra,heritage,4.2,900
Maharashtra,sajjangad,"Sajjangad",Maharashtra,heritage,4.7,900
Maharashtra,indrai-fort,"Indrai Fort",Maharashtra,heritage,4.3,900
Maharashtra,kamandurg,"Kamandurg",Maharashtra,heritage,4.7,900
Maharashtra,malegaon-fort,"Malegaon Fort",Maharashtra,heritage,4.7,900
Maharashtra,anjanvel-fort,"Anjanvel Fort",Maharashtra,heritage,4.6,900
Maharashtra,bankot-fort,"Bankot Fort",Maharashtra,heritage,4.5,900
Maharashtra,akluj-fort,"Akluj Fort",Maharashtra,heritage,4.7,900
Maharashtra,mahur-fort,"Mahur Fort",Maharashtra,heritage,4.7,900
Maharashtra,jivdhan,"Jivdhan",Maharashtra,heritage,4.4,900
Maharashtra,kothaligad,"Kothaligad",Maharashtra,heritage,4.7,900
Maharashtra,tung-fort,"Tung Fort",Maharashtra,heritage,4.5,900
Maharashtra,irshalgad,"Irshalgad",Maharashtra,heritage,4.2,900
Maharashtra,talagad,"Talagad",Maharashtra,heritage,4.1,900
Maharashtra,galna-fort,"Galna Fort",Maharashtra,heritage,4.5,900
Maharashtra,siddheshwar-temple-solapur,"Siddheshwar Temple, Solapur",Maharashtra,spiritual,4.8,900
Maharashtra,chintamani-temple-theur,"Chintamani Temple, Theur",Maharashtra,spiritual,4.7,900
Maharashtra,shri-dev-rameshwar-temple,"Shri Dev Rameshwar Temple",Maharashtra,spiritual,4.6,900
Maharashtra,mahalakshmi-temple-dahanu,"Mahalakshmi Temple, Dahanu",Maharashtra,spiritual,4.6,900
Maharashtra,shri-vaijnath-temple,"Shri Vaijnath Temple",Maharashtra,spiritual,4.2,900
Maharashtra,khandoba-temple-jejuri,"Khandoba Temple, Jejuri",Maharashtra,spiritual,4.6,900
Maharashtra,aundha-nagnath-temple,"Aundha Nagnath Temple",Maharashtra,spiritual,4.7,900
Maharashtra,mayureshwar-wildlife-sanctuary,"Mayureshwar Wildlife Sanctuary",Maharashtra,wildlife,4.2,2500
Maharashtra,sahasrakund-waterfall,"Sahasrakund Waterfall",Maharashtra,heritage,4.2,900
Maharashtra,hazara-falls,"Hazara Falls",Maharashtra,heritage,4.7,900
Maharashtra,devkund-waterfall,"Devkund Waterfall",Maharashtra,heritage,4.5,900
Maharashtra,kanchana-fort,"Kanchana Fort",Maharashtra,heritage,4.7,900
Maharashtra,korigad,"Korigad",Maharashtra,heritage,4.6,900
Maharashtra,fort-mangad,"Fort Mangad",Maharashtra,heritage,4.5,900
Maharashtra,hatgadh-fort,"Hatgadh Fort",Maharashtra,heritage,4.2,900
Maharashtra,birwadi-fort,"Birwadi Fort",Maharashtra,heritage,4.5,900
Maharashtra,kankrala,"Kankrala",Maharashtra,heritage,4.2,900
Maharashtra,dronagiri-fort,"Dronagiri Fort द्रौणपुर रियासत",Maharashtra,heritage,4.6,900
Maharashtra,mora-fort,"Mora fort",Maharashtra,heritage,4.6,900
Maharashtra,bhaskargad,"Bhaskargad",Maharashtra,heritage,4.5,900
Maharashtra,bhushangad,"Bhushangad",Maharashtra,heritage,4.3,900
Maharashtra,shirgaon-fort,"Shirgaon Fort",Maharashtra,heritage,4.7,900
Maharashtra,dategad,"Dategad",Maharashtra,heritage,4.8,900
Maharashtra,kelve-fort,"Kelve Fort",Maharashtra,heritage,4.1,900
Maharashtra,gorakhgad,"Gorakhgad",Maharashtra,heritage,4.1,900
Maharashtra,chandwad-fort,"Chandwad Fort",Maharashtra,heritage,4.2,900
Maharashtra,ahivant-fort,"Ahivant Fort",Maharashtra,heritage,4.2,900
Maharashtra,avandha-fort,"Avandha Fort",Maharashtra,heritage,4.2,900
Maharashtra,bharatgad,"Bharatgad",Maharashtra,heritage,4.2,900
Maharashtra,bahadur-fort,"Bahadur Fort",Maharashtra,heritage,4.2,900
Maharashtra,devgad-fort,"Devgad Fort",Maharashtra,heritage,4.5,900
Maharashtra,kohoj,"Kohoj",Maharashtra,heritage,4.5,900
Maharashtra,gambhirgad,"Gambhirgad",Maharashtra,heritage,4.7,900
Maharashtra,dativare-fort,"Dativare Fort",Maharashtra,heritage,4.3,900
Maharashtra,bhavangad-fort,"Bhavangad Fort",Maharashtra,heritage,4.3,900
Maharashtra,manikgad,"Manikgad",Maharashtra,heritage,4.8,900
Maharashtra,yeshwantgad,"Yeshwantgad",Maharashtra,heritage,4.5,900
Maharashtra,balapur-fort,"Balapur Fort",Maharashtra,heritage,4.2,900
Maharashtra,padmadurg,"Padmadurg",Maharashtra,heritage,4.2,900
Maharashtra,st-john-the-baptist-church-mumbai,"St. John the Baptist Church, Mumbai",Maharashtra,spiritual,4.6,900
Maharashtra,markanda-group-of-temples-gadchiroli,"Markanda Group of Temples, Gadchiroli",Maharashtra,spiritual,4.7,900
Maharashtra,baneshwar-temple-nasrapur,"Baneshwar temple, Nasrapur",Maharashtra,spiritual,4.2,900
Maharashtra,dashabhuja-temple,"Dashabhuja Temple",Maharashtra,spiritual,4.3,900
Maharashtra,mandhardevi-kalubai-temple,"Mandhardevi Kalubai temple",Maharashtra,spiritual,4.5,900
Maharashtra,shri-kaleshwar-mandir,"Shri Kaleshwar Mandir",Maharashtra,spiritual,4.3,900
Maharashtra,siddhivinayak-mahaganapati-temple,"Siddhivinayak Mahaganapati Temple",Maharashtra,spiritual,4.2,900
Maharashtra,gondeshwar-temple,"Gondeshwar Temple",Maharashtra,spiritual,4.7,900
Maharashtra,trivikrama-temple,"Trivikrama Temple",Maharashtra,spiritual,4.7,900
Maharashtra,balaji-mandir-ketkawla,"Balaji Mandir Ketkawla",Maharashtra,spiritual,4.4,900
Maharashtra,gajpanth,"Gajpanth",Maharashtra,spiritual,4.4,900
Maharashtra,great-indian-bustard-sanctuary,"Great Indian Bustard Sanctuary",Maharashtra,wildlife,4.2,2500
Maharashtra,sagareshwar-wildlife-sanctuary,"Sagareshwar Wildlife Sanctuary",Maharashtra,wildlife,4.3,2500
Maharashtra,vajrai-waterfall,"Vajrai Waterfall",Maharashtra,heritage,4.6,900
Maharashtra,nagzira-wildlife-sanctuary,"Nagzira Wildlife Sanctuary",Maharashtra,wildlife,4.7,2500
Maharashtra,aner-dam-wildlife-sanctuary,"Aner Dam Wildlife Sanctuary",Maharashtra,wildlife,4.6,2500
Maharashtra,tansa-wildlife-sanctuary,"Tansa Wildlife Sanctuary",Maharashtra,wildlife,4.7,2500
Maharashtra,ghodazari-wildlife-sanctuary,"Ghodazari Wildlife Sanctuary",Maharashtra,wildlife,4.4,2500
Maharashtra,umred-karhandla-wildlife-sanctuary,"Umred Karhandla Wildlife Sanctuary",Maharashtra,wildlife,4.7,2500
Maharashtra,maharajbagh-zoo,"Maharajbagh zoo",Maharashtra,wildlife,4.4,2500
Maharashtra,kalamb-beach,"Kalamb Beach",Maharashtra,beach,4.1,1200
Maharashtra,kirkee-war-cemetery,"Kirkee War Cemetery",Maharashtra,heritage,4.4,900
Maharashtra,rangana-fort,"Rangana Fort",Maharashtra,heritage,4.4,900
Maharashtra,rohida-fort,"Rohida Fort",Maharashtra,heritage,4.6,900
Maharashtra,sagargad,"Sagargad",Maharashtra,heritage,4.4,900
Maharashtra,surgad,"Surgad",Maharashtra,heritage,4.1,900
Maharashtra,mrugagad,"Mrugagad",Maharashtra,heritage,4.4,900
Maharashtra,tandulwadi-fort,"Tandulwadi Fort",Maharashtra,heritage,4.3,900
Maharashtra,jangali-jayagad,"Jangali Jayagad",Maharashtra,heritage,4.5,900
Maharashtra,mahipatgad,"Mahipatgad",Maharashtra,heritage,4.4,900
Maharashtra,rasalgad,"Rasalgad",Maharashtra,heritage,4.7,900
Maharashtra,nhavigad,"Nhavigad",Maharashtra,heritage,4.1,900
Maharashtra,chandan-fort,"Chandan Fort",Maharashtra,heritage,4.7,900
Maharashtra,salota-fort,"Salota fort",Maharashtra,heritage,4.4,900
Maharashtra,vairagad-fort,"Vairagad Fort",Maharashtra,heritage,4.2,900
Maharashtra,indori-fort,"Indori Fort",Maharashtra,heritage,4.6,900
Maharashtra,gowalkot,"Gowalkot",Maharashtra,heritage,4.3,900
Maharashtra,mangalgad,"Mangalgad",Maharashtra,heritage,4.7,900
Maharashtra,vasota-fort,"Vasota Fort",Maharashtra,heritage,4.4,900
Maharashtra,bitangad,"Bitangad",Maharashtra,heritage,4.4,900
Maharashtra,vairatgad-fort,"Vairatgad Fort",Maharashtra,heritage,4.3,900
Maharashtra,patta-fort,"Patta Fort",Maharashtra,heritage,4.6,900
Maharashtra,kalyangad,"Kalyangad",Maharashtra,heritage,4.4,900
Maharashtra,purnagad-fort,"Purnagad Fort",Maharashtra,heritage,4.1,900
Maharashtra,vardhangad-fort,"Vardhangad Fort",Maharashtra,heritage,4.2,900
Maharashtra,yashwantgad-fort,"Yashwantgad Fort",Maharashtra,heritage,4.3,900
Maharashtra,kunjargad,"Kunjargad",Maharashtra,heritage,4.5,900
Maharashtra,ghargad,"Ghargad",Maharashtra,heritage,4.3,900
Maharashtra,tringalwadi,"Tringalwadi",Maharashtra,heritage,4.2,900
Maharashtra,rajdher-fort,"Rajdher fort",Maharashtra,heritage,4.3,900
Maharashtra,pisola-fort,"Pisola fort",Maharashtra,heritage,4.2,900
Maharashtra,narayangad,"Narayangad",Maharashtra,heritage,4.2,900
Maharashtra,chandragad,"Chandragad",Maharashtra,heritage,4.3,900
Maharashtra,vikatgad,"Vikatgad",Maharashtra,heritage,4.6,900
Maharashtra,kurdugad,"Kurdugad",Maharashtra,heritage,4.5,900
Maharashtra,chavand,"Chavand",Maharashtra,heritage,4.2,900
Maharashtra,bhorgiri-fort,"Bhorgiri Fort",Maharashtra,heritage,4.4,900
Maharashtra,malhargad,"Malhargad",Maharashtra,heritage,4.5,900
Maharashtra,sandor,"Sandor",Maharashtra,spiritual,4.3,900
Maharashtra,gurdwara-guru-nanak-punjabi-sabha-chakala,"Gurdwara Guru Nanak Punjabi Sabha Chakala",Maharashtra,heritage,4.3,900
Maharashtra,siddhanath-temple-mhaswad,"Siddhanath Temple, Mhaswad",Maharashtra,spiritual,4.2,900
Maharashtra,wagheshwari-temple,"Wagheshwari Temple",Maharashtra,spiritual,4.2,900
Maharashtra,madhe-ghat,"Madhe Ghat",Maharashtra,spiritual,4.3,900
Maharashtra,gautala-autramghat-sanctuary,"Gautala Autramghat Sanctuary",Maharashtra,wildlife,4.5,2500
Maharashtra,banoti-waterfall,"Banoti waterfall",Maharashtra,heritage,4.1,900
Maharashtra,kalsubai-harishchandragad-wildlife-sanctuary,"Kalsubai Harishchandragad Wildlife Sanctuary",Maharashtra,wildlife,4.3,2500
Maharashtra,lonar-wildlife-sanctuary,"Lonar Wildlife Sanctuary",Maharashtra,wildlife,4.3,2500
Maharashtra,karanja-sohol-wildlife-sanctuary,"Karanja Sohol Wildlife Sanctuary",Maharashtra,wildlife,4.8,2500
Maharashtra,gagangad,"Gagangad",Maharashtra,heritage,4.2,900
Maharashtra,mohangad,"Mohangad",Maharashtra,heritage,4.5,900
Maharashtra,konkan-diva-fort,"Konkan Diva Fort",Maharashtra,heritage,4.3,900
Maharashtra,pandavgad,"Pandavgad",Maharashtra,heritage,4.4,900
Maharashtra,pabargad,"Pabargad",Maharashtra,heritage,4.1,900
Maharashtra,mansantoshgad,"Mansantoshgad",Maharashtra,heritage,4.6,900
Maharashtra,santoshgad,"Santoshgad",Maharashtra,heritage,4.3,900
Maharashtra,samangad,"Samangad",Maharashtra,heritage,4.5,900
Maharashtra,prachitgad,"Prachitgad",Maharashtra,heritage,4.1,900
Maharashtra,machindragad,"Machindragad",Maharashtra,heritage,4.1,900
Maharashtra,suamargad,"Suamargad",Maharashtra,heritage,4.6,900
Maharashtra,javlya-fort,"Javlya Fort",Maharashtra,heritage,4.6,900
Maharashtra,tungi-fort,"Tungi fort",Maharashtra,heritage,4.7,900
Maharashtra,shantinatha-temple-ramtek,"Shantinatha temple, Ramtek",Maharashtra,spiritual,4.2,900
Maharashtra,dhandai-devi,"Dhandai Devi",Maharashtra,spiritual,4.6,900
Maharashtra,sacred-heart-church-santacruz,"Sacred Heart Church, Santacruz",Maharashtra,spiritual,4.5,900
Maharashtra,holy-trinity-church-powai,"Holy Trinity Church, Powai",Maharashtra,spiritual,4.5,900
Maharashtra,patnadevi,"Patnadevi",Maharashtra,spiritual,4.8,900
Maharashtra,shree-dev-vyadeshar,"Shree Dev Vyadeshar",Maharashtra,spiritual,4.3,900
Maharashtra,kankaleshwar-temple,"Kankaleshwar Temple",Maharashtra,spiritual,4.5,900
Maharashtra,birla-mandir-shahad,"Birla Mandir, Shahad",Maharashtra,spiritual,4.3,900
Maharashtra,siddheshwar-and-ratneshwar-temple,"Siddheshwar & Ratneshwar Temple",Maharashtra,spiritual,4.7,900
Maharashtra,dnyanganga-wildlife-sanctuary,"Dnyanganga Wildlife Sanctuary",Maharashtra,wildlife,4.1,2500
Maharashtra,wan-wildlife-sanctuary,"Wan Wildlife Sanctuary",Maharashtra,wildlife,4.3,2500
Maharashtra,kidzania-mumbai,"KidZania Mumbai",Maharashtra,heritage,4.3,900
Maharashtra,mahipalgad,"Mahipalgad",Maharashtra,heritage,4.7,900
Maharashtra,mohandar-fort,"Mohandar fort",Maharashtra,heritage,4.4,900
Maharashtra,mandangad-fort,"Mandangad fort",Maharashtra,heritage,4.8,900
Maharashtra,makrandgad,"Makrandgad",Maharashtra,heritage,4.5,900
Maharashtra,st-joseph-s-church-juhu,"St. Joseph's Church, Juhu",Maharashtra,spiritual,4.7,900
Maharashtra,our-lady-of-immaculate-conception-church-mt-poinsur,"Our Lady of Immaculate Conception Church, Mt. Poinsur",Maharashtra,spiritual,4.3,900
Maharashtra,gajanan-maharaj-temple-kanhor,"Gajanan Maharaj Temple, Kanhor",Maharashtra,spiritual,4.4,900
Maharashtra,khidkaleshwar-mandir,"Khidkaleshwar Mandir",Maharashtra,spiritual,4.6,900
Maharashtra,revansiddha-temple,"Revansiddha Temple",Maharashtra,spiritual,4.2,900
Maharashtra,sidhhanath-temple-kharsundi,"Sidhhanath Temple, Kharsundi",Maharashtra,spiritual,4.2,900
Maharashtra,bhawani-waghjai-temple-terav,"Bhawani Waghjai Temple, Terav",Maharashtra,spiritual,4.7,900
Maharashtra,ganpati-temple,"Ganpati Temple",Maharashtra,spiritual,4.3,900
Maharashtra,vithal-dayaji-temple-sulewadi,"Vithal Dayaji Temple, Sulewadi",Maharashtra,spiritual,4.8,900
Maharashtra,sri-sai-janmasthan-temple-pathri,"Sri Sai Janmasthan Temple, Pathri",Maharashtra,spiritual,4.5,900
Maharashtra,mudhai-devi-temple,"Mudhai Devi temple",Maharashtra,spiritual,4.4,900
Maikal Hills,kanha,"Kanha",Madhya Pradesh,wildlife,4.6,3000
Malabar Coast,kochi,"Kochi",Kerala,heritage,4.5,1200
Malwa,ujjain,"Ujjain",Madhya Pradesh,spiritual,4.6,900
Manipur,keibul-lamjao-national-park,"Keibul Lamjao National Park",Manipur,wildlife,4.5,2500
Manipur,kangla-fort,"Kangla Fort",Manipur,heritage,4.3,900
Manipur,shirui-national-park,"Shirui National Park",Manipur,wildlife,4.7,2500
Manipur,sanamahi-lainingkol,"Sanamahi Lainingkol",Manipur,spiritual,4.5,900
Manipur,st-joseph-s-cathedral-imphal,"St. Joseph's Cathedral, Imphal",Manipur,heritage,4.8,900
Manipur,yangoupokpi-lokchao-wildlife-sanctuary,"Yangoupokpi-Lokchao Wildlife Sanctuary",Manipur,wildlife,4.6,2500
Manipur,bihu-loukon,"Bihu Loukon",Manipur,heritage,4.2,900
Manipur,menjor-multipurpose-research-centre-and-unity-park,"Menjor Multipurpose Research Centre and Unity Park",Manipur,wildlife,4.3,2500
Marwar,jodhpur,"Jodhpur",Rajasthan,heritage,4.6,900
Mayiladuthurai District,tranquebar,"Tranquebar (Tharangambadi)",Tamil Nadu,beach,4.8,3200
Meghalaya,nohsngithiang-falls,"Nohsngithiang Falls",Meghalaya,heritage,4.5,900
Meghalaya,nohkalikai-falls,"Nohkalikai Falls",Meghalaya,heritage,4.8,900
Meghalaya,langshiang-falls,"Langshiang Falls",Meghalaya,heritage,4.7,900
Meghalaya,kynrem-falls,"Kynrem Falls",Meghalaya,heritage,4.6,900
Meghalaya,wah-kaba-falls,"Wah Kaba Falls",Meghalaya,heritage,4.2,900
Meghalaya,nartiang-durga-temple,"Nartiang Durga Temple",Meghalaya,spiritual,4.4,900
Meghalaya,baghmara-pitcher-plant-wildlife-sanctuary,"Baghmara Pitcher Plant Wildlife Sanctuary",Meghalaya,wildlife,4.2,2500
Mewar,udaipur,"Udaipur",Rajasthan,heritage,4.7,400
Mizoram,vantawng-falls,"Vantawng Falls",Mizoram,heritage,4.5,900
Mizoram,phawngpui-national-park,"Phawngpui National Park",Mizoram,wildlife,4.5,2500
Mizoram,lengteng-wildlife-sanctuary,"Lengteng Wildlife Sanctuary",Mizoram,wildlife,4.7,2500
Mizoram,solomon-s-temple-aizawl-mizoram-india,"Solomon's Temple, Aizawl Mizoram, India",Mizoram,spiritual,4.6,900
Mizoram,pualreng-wildlife-sanctuary,"Pualreng Wildlife Sanctuary",Mizoram,wildlife,4.6,2500
Mizoram,tokalo-wildlife-sanctuary,"Tokalo Wildlife Sanctuary",Mizoram,wildlife,4.3,2500
Naga Hills,kohima,"Kohima",Nagaland,hill_station,4.4,1400
Nagaland,ntangki-national-park,"Ntangki National Park",Nagaland,wildlife,4.4,2500
Nagaland,dimapur-kalibari,"Dimapur Kalibari",Nagaland,spiritual,4.2,900
Nagaland,nagaland-zoological-park,"Nagaland Zoological Park",Nagaland,wildlife,4.2,2500
Nagaland,jain-temple-kohima,"Jain Temple Kohima",Nagaland,spiritual,4.3,900
Nagaland,sumi-baptist-church,"Sumi Baptist Church",Nagaland,spiritual,4.6,900
Nagaland,pulie-badze-wildlife-sanctuary,"Pulie Badze Wildlife Sanctuary",Nagaland,wildlife,4.5,2500
Nagaland,sanctuary-falls,"Sanctuary Falls",Nagaland,wildlife,4.8,2500
Nagaland,fakim-wildlife-sanctuary,"Fakim Wildlife Sanctuary",Nagaland,wildlife,4.1,2500
Nainital,jim-corbett,"Jim Corbett",Uttarakhand,wildlife,4.5,2500
Narmada,statue-of-unity,"Statue of Unity",Gujarat,heritage,4.5,1500
Nilgiri Hills,ooty,"Ooty",Tamil Nadu,hill_station,4.4,400
North India,new-delhi,"New Delhi",Delhi,heritage,4.8,2200
North India,gurugram,"Gurugram",Haryana,city,4.7,2800
North India,noida,"Noida & Greater Noida",Uttar Pradesh,city,4.6,2400
North India,faridabad,"Faridabad & Surajkund",Haryana,heritage,4.5,2400
North India,neemrana,"Neemrana",Rajasthan,heritage,4.8,3800
North India,manesar,"Manesar & Damdama Lake",Haryana,nature,4.6,2800
North Sikkim,lachung,"Lachung",Sikkim,hill_station,4.6,2000
North Sikkim,gurudongmar-lake,"Gurudongmar Lake",Sikkim,adventure,4.9,3500
Northern Karnataka,hampi,"Hampi",Karnataka,heritage,4.7,400
Odisha,lingaraja-temple,"Lingaraja Temple",Odisha,spiritual,4.3,900
Odisha,bhitarkanika-national-park,"Bhitarkanika National Park",Odisha,wildlife,4.7,2500
Odisha,udayagiri-and-khandagiri-caves,"Udayagiri and Khandagiri Caves",Odisha,spiritual,4.3,900
Odisha,chausath-yogini-temple-hirapur,"Chausath Yogini Temple, Hirapur",Odisha,spiritual,4.7,900
Odisha,barehipani-falls,"Barehipani Falls",Odisha,heritage,4.5,900
Odisha,sanaghagara-waterfall,"Sanaghagara Waterfall",Odisha,heritage,4.8,900
Odisha,talasari-beach,"Talasari beach",Odisha,beach,4.6,1200
Odisha,tara-tarini-temple,"Tara Tarini Temple",Odisha,spiritual,4.5,900
Odisha,alarnatha-temple,"Alarnatha Temple",Odisha,spiritual,4.8,900
Odisha,chandaka-elephant-sanctuary,"Chandaka Elephant Sanctuary",Odisha,wildlife,4.6,2500
Odisha,barabati-fort,"Barabati Fort",Odisha,heritage,4.4,900
Odisha,jagannath-temple-koraput,"Jagannath Temple, Koraput",Odisha,spiritual,4.3,900
Odisha,biraja-temple,"Biraja Temple",Odisha,spiritual,4.2,900
Odisha,chandrasekhara-mahadeva-temple,"Chandrasekhara Mahadeva Temple",Odisha,spiritual,4.3,900
Odisha,khirachora-gopinatha-temple,"Khirachora Gopinatha Temple",Odisha,spiritual,4.2,900
Odisha,kichakeshwari-temple,"Kichakeshwari Temple",Odisha,spiritual,4.6,900
Odisha,raibania-fort,"Raibania Fort",Odisha,heritage,4.8,900
Odisha,maa-tarini-temple-ghatgaon,"Maa Tarini Temple, Ghatgaon",Odisha,spiritual,4.7,900
Odisha,bhattarika-temple,"Bhattarika Temple",Odisha,spiritual,4.1,900
Odisha,varahi-deula,"Varahi Deula",Odisha,spiritual,4.4,900
Odisha,harishankar-temple,"Harishankar Temple",Odisha,spiritual,4.2,900
Odisha,nilamadhav-temple,"Nilamadhav Temple",Odisha,spiritual,4.5,900
Odisha,gandhi-temple-bhatara,"Gandhi Temple, Bhatara",Odisha,spiritual,4.4,900
Odisha,satkosia-tiger-reserve,"Satkosia Tiger Reserve",Odisha,wildlife,4.7,2500
Odisha,sarala-temple,"Sarala Temple",Odisha,spiritual,4.6,900
Odisha,sacred-heart-cathedral-rourkela,"Sacred Heart Cathedral, Rourkela",Odisha,spiritual,4.3,900
Odisha,shri-shri-hari-baladev-jew-bije-baripada,"Shri Shri Hari Baladev Jew Bije, Baripada",Odisha,spiritual,4.4,900
Odisha,majhighariani-temple,"Majhighariani Temple",Odisha,spiritual,4.6,900
Odisha,biranchinarayan-temple-buguda,"Biranchinarayan Temple, Buguda",Odisha,spiritual,4.3,900
Odisha,kakatpur-mangala-temple,"Kakatpur Mangala Temple",Odisha,spiritual,4.2,900
Odisha,baladevjew-temple,"Baladevjew Temple",Odisha,spiritual,4.3,900
Odisha,odogaon-raghunath-temple,"Odogaon Raghunath Temple",Odisha,spiritual,4.2,900
Odisha,nalbana-bird-sanctuary,"Nalbana Bird Sanctuary",Odisha,wildlife,4.3,2500
Odisha,chandrabhaga-beach,"Chandrabhaga beach",Odisha,beach,4.6,1200
Odisha,gajlaxmi-palace,"Gajlaxmi palace",Odisha,heritage,4.7,900
Odisha,kanika-palace,"Kanika Palace",Odisha,heritage,4.2,900
Odisha,manikeshwari-temple,"Manikeshwari Temple",Odisha,spiritual,4.3,900
Odisha,marichi-temple,"Marichi Temple",Odisha,spiritual,4.6,900
Odisha,dishisvara-siva-temple,"Dishisvara Siva Temple",Odisha,spiritual,4.4,900
Odisha,ghanteswari-temple,"Ghanteswari Temple",Odisha,spiritual,4.4,900
Odisha,leaning-temple-of-huma,"Leaning Temple of Huma",Odisha,spiritual,4.5,900
Odisha,nilakantheswar-temple,"Nilakantheswar Temple",Odisha,spiritual,4.7,900
Odisha,laxminarayan-temple-therubali,"Laxminarayan temple, Therubali",Odisha,spiritual,4.5,900
Odisha,akhandalamani-temple,"Akhandalamani Temple",Odisha,spiritual,4.7,900
Odisha,sakhigopal-temple,"Sakhigopal Temple",Odisha,spiritual,4.3,900
Odisha,lokanatha-temple,"Lokanatha Temple",Odisha,spiritual,4.5,900
Odisha,varahanatha-temple,"Varahanatha Temple",Odisha,spiritual,4.2,900
Odisha,jagannath-temple-gunupur,"Jagannath Temple, Gunupur",Odisha,spiritual,4.7,900
Odisha,kapilasa-wildlife-sanctuary,"Kapilasa Wildlife Sanctuary",Odisha,wildlife,4.2,2500
Odisha,lakhari-valley-wildlife-sanctuary,"Lakhari Valley Wildlife Sanctuary",Odisha,wildlife,4.5,2500
Odisha,gandahati-waterfall,"Gandahati Waterfall",Odisha,heritage,4.6,900
Odisha,asurgarh,"Asurgarh",Odisha,heritage,4.6,900
Odisha,konark-beach,"Konark Beach",Odisha,beach,4.3,1200
Odisha,dhabaleswar,"Dhabaleswar",Odisha,spiritual,4.2,900
Odisha,kalijai,"Kalijai",Odisha,spiritual,4.2,900
Odisha,khajuresvara-temple-complex,"Khajuresvara temple complex",Odisha,spiritual,4.4,900
Odisha,ghanteswara-siva-temple,"Ghanteswara Siva Temple",Odisha,spiritual,4.5,900
Odisha,buddhanath-temple,"Buddhanath Temple",Odisha,spiritual,4.3,900
Odisha,brahmani-temple,"Brahmani temple",Odisha,spiritual,4.3,900
Odisha,chari-sambhu-temple,"Chari sambhu temple",Odisha,spiritual,4.7,900
Odisha,maa-baulasuni-temple,"Maa Baulasuni Temple",Odisha,spiritual,4.5,900
Odisha,maa-samleswari-temple,"Maa Samleswari Temple",Odisha,spiritual,4.6,900
Odisha,siddha-bhairavi,"Siddha Bhairavi",Odisha,spiritual,4.2,900
Odisha,bhadrakali-temple,"Bhadrakali Temple",Odisha,spiritual,4.5,900
Odisha,lakhmi-varaha-temple,"Lakhmi Varaha Temple",Odisha,spiritual,4.6,900
Odisha,kukutesvara-siva-temple,"Kukutesvara Siva Temple",Odisha,spiritual,4.1,900
Odisha,lakhesvara-siva-temple,"Lakhesvara Siva temple",Odisha,spiritual,4.4,900
Odisha,subai-jain-temples,"Subai Jain temples",Odisha,spiritual,4.1,900
Odisha,baneswara-temple-balasore,"Baneswara Temple, Balasore",Odisha,spiritual,4.7,900
Odisha,nrusinghanath-temple,"Nrusinghanath Temple",Odisha,spiritual,4.3,900
Odisha,ladoo-baba-temple,"Ladoo Baba Temple",Odisha,spiritual,4.6,900
Odisha,hadgarh-wildlife-sanctuary,"Hadgarh Wildlife Sanctuary",Odisha,wildlife,4.3,2500
Odisha,gajapati-palace,"Gajapati Palace",Odisha,heritage,4.3,900
Odisha,sekhareswar-temple,"Sekhareswar Temple",Odisha,spiritual,4.7,900
Odisha,maa-jhanjiri-mangala-temple,"Maa Jhanjiri Mangala Temple",Odisha,spiritual,4.3,900
Odisha,jagannath-temple-angul,"Jagannath Temple, Angul",Odisha,spiritual,4.2,900
Odisha,jagannath-temple-nayagarh,"Jagannath Temple, Nayagarh",Odisha,spiritual,4.6,900
Palani Hills,kodaikanal,"Kodaikanal",Tamil Nadu,hill_station,4.5,1300
Pamban Island,rameshwaram,"Rameshwaram",Tamil Nadu,spiritual,4.6,900
Pamban Island,dhanushkodi,"Dhanushkodi",Tamil Nadu,beach,4.9,2500
Parvati Valley,kasol,"Kasol",Himachal Pradesh,adventure,4.5,900
Pithoragarh,munsiyari,"Munsiyari",Uttarakhand,hill_station,4.5,1300
Puducherry,tirunallar-saniswaran-temple,"Tirunallar Saniswaran Temple",Puducherry,spiritual,4.2,900
Puducherry,vadukeeswarar-temple,"Vadukeeswarar temple",Puducherry,spiritual,4.5,900
Puducherry,promenade-beach,"Promenade Beach",Puducherry,beach,4.4,1200
Puducherry,our-lady-of-lourdes-shrine,"Our Lady of Lourdes Shrine",Puducherry,spiritual,4.2,900
Puducherry,karaikal-ammayar-temple,"Karaikal Ammayar Temple",Puducherry,spiritual,4.2,900
Puducherry,oussudu-bird-sanctuary,"Oussudu Bird Sanctuary",Puducherry,wildlife,4.3,2500
Pune & Raigad District,tamhini-ghat,"Tamhini Ghat",Maharashtra,nature,4.8,2200
Punjab,harmandir-sahib,"Harmandir Sahib",Punjab,heritage,4.3,900
Punjab,qila-mubarak,"Qila Mubarak",Punjab,heritage,4.2,900
Punjab,qila-mubarak-patiala,"Qila Mubarak, Patiala",Punjab,heritage,4.5,900
Punjab,takht-sri-damdama-sahib,"Takht Sri Damdama Sahib",Punjab,heritage,4.6,900
Punjab,gurdwara-fatehgarh-sahib,"Gurdwara Fatehgarh Sahib",Punjab,heritage,4.5,900
Punjab,gurdwara-sri-tarn-taran-sahib,"Gurdwara Sri Tarn Taran Sahib",Punjab,heritage,4.5,900
Punjab,ram-teerath,"Ram Teerath",Punjab,spiritual,4.4,900
Punjab,shri-devi-talab-mandir,"Shri Devi Talab Mandir",Punjab,spiritual,4.1,900
Punjab,manauli-fort,"Manauli Fort",Punjab,heritage,4.1,900
Punjab,gurdwara-manji-sahib,"Gurdwara Manji Sahib",Punjab,heritage,4.7,900
Punjab,st-mary-s-cathedral-jalandhar,"St. Mary's Cathedral, Jalandhar",Punjab,heritage,4.4,900
Punjab,mughal-serai,"Mughal Serai",Punjab,heritage,4.1,900
Punjab,gurdwara-karamsar-rara-sahib,"Gurdwara Karamsar Rara Sahib",Punjab,heritage,4.3,900
Punjab,gurudwara-naulakha-sahib,"Gurudwara Naulakha Sahib",Punjab,spiritual,4.5,900
Punjab,phillaur-fort,"Phillaur Fort",Punjab,heritage,4.7,900
Punjab,gurudwara-guptsar-sahib,"Gurudwara Guptsar Sahib",Punjab,spiritual,4.3,900
Punjab,mukteshwar-temple-punjab,"Mukteshwar Temple, Punjab",Punjab,spiritual,4.6,900
Punjab,gurdwara-sri-ber-sahib,"Gurdwara Sri Ber Sahib",Punjab,heritage,4.7,900
Punjab,gurdwara-patalpuri-sahib,"Gurdwara Patalpuri Sahib",Punjab,heritage,4.5,900
Punjab,gurdwara-baba-bakala-sahib,"Gurdwara Baba Bakala Sahib",Punjab,heritage,4.1,900
Punjab,shanaleshwara-swayambhu-temple,"Shanaleshwara Swayambhu Temple",Punjab,spiritual,4.2,900
Punjab,nangal-wildlife-sanctuary,"Nangal Wildlife Sanctuary",Punjab,wildlife,4.4,2500
Punjab,addhi-khuyi,"Addhi Khuyi",Punjab,heritage,4.6,900
Punjab,keshgarh-qila,"Keshgarh Qila",Punjab,heritage,4.7,900
Punjab,sainik-school-kapurthala,"Sainik School, Kapurthala",Punjab,heritage,4.6,900
Punjab,gurdwara-jyoti-sarup,"Gurdwara Jyoti Sarup",Punjab,heritage,4.3,900
Punjab,gurdwara-jand-sahib,"Gurdwara Jand Sahib",Punjab,heritage,4.2,900
Punjab,bir-aishvan-wildlife-sanctuary,"Bir Aishvan Wildlife Sanctuary",Punjab,wildlife,4.5,2500
Punjab,bir-bunerheri-wildlife-sanctuary,"Bir Bunerheri Wildlife Sanctuary",Punjab,wildlife,4.4,2500
Punjab,bajwara-fort,"Bajwara Fort",Punjab,heritage,4.3,900
Punjab,qila-mubarak-faridkot,"Qila Mubarak, Faridkot",Punjab,heritage,4.2,900
Rajasthan,hawa-mahal,"Hawa Mahal",Rajasthan,heritage,4.7,900
Rajasthan,kevladev-national-park,"Kevladev National Park",Rajasthan,wildlife,4.2,2500
Rajasthan,hill-forts-of-rajasthan,"Hill Forts of Rajasthan",Rajasthan,heritage,4.5,900
Rajasthan,amber-fort,"Amber Fort",Rajasthan,heritage,4.8,900
Rajasthan,kumbhalgarh,"Kumbhalgarh",Rajasthan,heritage,4.2,900
Rajasthan,mehrangarh-fort,"Mehrangarh Fort",Rajasthan,heritage,4.3,900
Rajasthan,ranthambore-fort,"Ranthambore Fort",Rajasthan,heritage,4.4,900
Rajasthan,lake-palace,"Lake Palace",Rajasthan,heritage,4.4,900
Rajasthan,jal-mahal,"Jal Mahal",Rajasthan,heritage,4.6,900
Rajasthan,gagron-fort,"Gagron Fort",Rajasthan,heritage,4.3,900
Rajasthan,karni-mata-temple,"Karni Mata Temple",Rajasthan,spiritual,4.2,900
Rajasthan,sariska-tiger-reserve,"Sariska Tiger Reserve",Rajasthan,wildlife,4.8,2500
Rajasthan,bhangarh-fort,"Bhangarh Fort",Rajasthan,heritage,4.7,900
Rajasthan,rishabhdeo,"Rishabhdeo",Rajasthan,spiritual,4.2,900
Rajasthan,om-banna,"Om Banna",Rajasthan,spiritual,4.4,900
Rajasthan,monsoon-palace,"Monsoon Palace",Rajasthan,heritage,4.7,900
Rajasthan,taragarh-fort,"Taragarh Fort",Rajasthan,heritage,4.3,900
Rajasthan,ranakpur-jain-temple,"Ranakpur Jain Temple",Rajasthan,spiritual,4.6,900
Rajasthan,lohagarh-fort,"Lohagarh Fort",Rajasthan,heritage,4.6,900
Rajasthan,birla-mandir,"Birla Mandir",Rajasthan,heritage,4.4,900
Rajasthan,galtaji,"Galtaji",Rajasthan,spiritual,4.2,900
Rajasthan,harshnath-temple,"Harshnath Temple",Rajasthan,spiritual,4.3,900
Rajasthan,sita-mata-wildlife-sanctuary,"Sita Mata Wildlife Sanctuary",Rajasthan,wildlife,4.6,2500
Rajasthan,nakoda,"Nakoda",Rajasthan,spiritual,4.7,900
Rajasthan,kiradu-temples,"Kiradu temples",Rajasthan,spiritual,4.4,900
Rajasthan,sahastra-bahu-temples,"Sahastra Bahu Temples",Rajasthan,spiritual,4.2,900
Rajasthan,binnayaga-caves,"Binnayaga caves",Rajasthan,spiritual,4.5,900
Rajasthan,bhatner-fort,"Bhatner Fort",Rajasthan,heritage,4.2,900
Rajasthan,shrinathji-temple,"Shrinathji Temple",Rajasthan,spiritual,4.7,900
Rajasthan,harshat-mata-temple,"Harshat Mata Temple",Rajasthan,spiritual,4.8,900
Rajasthan,bisaldeo-temple,"Bisaldeo temple",Rajasthan,spiritual,4.5,900
Rajasthan,bhand-deva-temple,"Bhand Deva Temple",Rajasthan,spiritual,4.5,900
Rajasthan,hill-fort-kesroli,"Hill Fort Kesroli",Rajasthan,heritage,4.3,900
Rajasthan,deeg-palace,"Deeg Palace",Rajasthan,heritage,4.4,900
Rajasthan,baroli-temple-complex,"Baroli Temple Complex",Rajasthan,spiritual,4.2,900
Rajasthan,mehandipur-balaji-temple,"Mehandipur Balaji Temple",Rajasthan,spiritual,4.7,900
Rajasthan,madan-mohan-temple,"Madan Mohan Temple",Rajasthan,spiritual,4.7,900
Rajasthan,tal-chhapar-sanctuary,"Tal Chhapar Sanctuary",Rajasthan,wildlife,4.5,2500
Rajasthan,fort-madhogarh,"Fort Madhogarh",Rajasthan,heritage,4.8,900
Rajasthan,alwar-fort,"Alwar Fort",Rajasthan,heritage,4.6,900
Rajasthan,jagannath-temple,"Jagannath Temple",Rajasthan,spiritual,4.7,900
Rajasthan,jirawala-tirth,"Jirawala Tirth",Rajasthan,spiritual,4.8,900
Rajasthan,sundha-mata-temple,"Sundha Mata Temple",Rajasthan,spiritual,4.6,900
Rajasthan,kaila-devi,"Kaila devi",Rajasthan,spiritual,4.1,900
Rajasthan,mirpur-jain-temple,"Mirpur Jain Temple",Rajasthan,spiritual,4.4,900
Rajasthan,sanwariaji-temple,"Sanwariaji Temple",Rajasthan,spiritual,4.2,900
Rajasthan,salasar-balaji,"Salasar Balaji",Rajasthan,spiritual,4.6,900
Rajasthan,sachiya-mata-temple,"Sachiya Mata Temple",Rajasthan,spiritual,4.3,900
Rajasthan,rani-sati-temple,"Rani Sati Temple",Rajasthan,spiritual,4.2,900
Rajasthan,jalore-fort,"Jalore Fort",Rajasthan,heritage,4.4,900
Rajasthan,laxmangarh-fort,"Laxmangarh Fort",Rajasthan,heritage,4.2,900
Rajasthan,umed-bhawan-palace,"Umed Bhawan Palace",Rajasthan,heritage,4.4,900
Rajasthan,hindaun-fort,"Hindaun Fort",Rajasthan,heritage,4.6,900
Rajasthan,juna-mahal-dungarpur,"Juna Mahal, Dungarpur",Rajasthan,heritage,4.1,900
Rajasthan,kunjal-mata-temple,"Kunjal Mata Temple",Rajasthan,spiritual,4.7,900
Rajasthan,shri-mahavirji,"Shri Mahavirji",Rajasthan,spiritual,4.6,900
Rajasthan,tijara-jain-temple,"Tijara Jain Temple",Rajasthan,spiritual,4.3,900
Rajasthan,sanghiji,"Sanghiji",Rajasthan,spiritual,4.2,900
Rajasthan,gupteshwar-mahadev-udaipur,"Gupteshwar Mahadev, Udaipur",Rajasthan,spiritual,4.8,900
Rajasthan,mahavira-jain-temple,"Mahavira Jain temple",Rajasthan,spiritual,4.2,900
Rajasthan,naugaza-digambar-jain-temple,"Naugaza Digambar Jain temple",Rajasthan,spiritual,4.3,900
Rajasthan,todgarh-raoli-sanctuary,"Todgarh-Raoli Sanctuary",Rajasthan,wildlife,4.8,2500
Rajasthan,bhensrodgarh-wildlife-sanctuary,"Bhensrodgarh Wildlife Sanctuary",Rajasthan,wildlife,4.6,2500
Rajasthan,bijai-garh,"Bijai Garh",Rajasthan,heritage,4.2,900
Rajasthan,rajgarh-fort,"Rajgarh Fort",Rajasthan,heritage,4.6,900
Rajasthan,bhainsrorgarh,"Bhainsrorgarh",Rajasthan,heritage,4.4,900
Rajasthan,jahaj-mandir,"Jahaj Mandir",Rajasthan,spiritual,4.4,900
Rajasthan,muchhal-mahavir-temple,"Muchhal Mahavir Temple",Rajasthan,spiritual,4.2,900
Rajasthan,bhomiaji-maharaj-temple-sopra-bhopalgarh,"Bhomiaji Maharaj Temple, Sopra, Bhopalgarh",Rajasthan,spiritual,4.2,900
Rajasthan,ladnu-jain-temple,"Ladnu Jain temple",Rajasthan,spiritual,4.8,900
Rajasthan,shri-kalyan-temple,"Shri Kalyan Temple",Rajasthan,spiritual,4.5,900
Rajasthan,keshav-rai-temple,"Keshav Rai Temple",Rajasthan,spiritual,4.3,900
Rajasthan,chamatkarji-jain-temple,"Chamatkarji Jain Temple",Rajasthan,spiritual,4.8,900
Rajasthan,kailadevi-wildlife-sanctuary,"Kailadevi Wildlife Sanctuary",Rajasthan,wildlife,4.2,2500
Rajasthan,jamwa-ramgarh-wildlife-sanctuary,"Jamwa Ramgarh Wildlife Sanctuary",Rajasthan,wildlife,4.2,2500
Rajasthan,bandh-baretha,"Bandh Baretha",Rajasthan,heritage,4.5,900
Rajasthan,sawai-man-singh-wildlife-sanctuary,"Sawai Man Singh Wildlife Sanctuary",Rajasthan,wildlife,4.3,2500
Rajasthan,van-vihar-wildlife-sanctuary,"Van Vihar Wildlife Sanctuary",Rajasthan,wildlife,4.3,2500
Rajasthan,ramsagar-wildlife-sanctuary,"Ramsagar Wildlife Sanctuary",Rajasthan,wildlife,4.2,2500
Rajasthan,darrah-wildlife-sanctuary,"Darrah Wildlife Sanctuary",Rajasthan,wildlife,4.6,2500
Rajasthan,kesarbagh-wildlife-sanctuary,"Kesarbagh Wildlife Sanctuary",Rajasthan,wildlife,4.2,2500
Rajasthan,jawahar-sagar-wildlife-sanctuary,"Jawahar Sagar Wildlife Sanctuary",Rajasthan,wildlife,4.3,2500
Rajasthan,sawariya-seth-temple,"Sawariya Seth Temple",Rajasthan,spiritual,4.4,900
Rajasthan,shri-mansa-mata-mandir-hasampur,"Shri Mansa Mata Mandir Hasampur",Rajasthan,spiritual,4.1,900
Rajasthan,atishaya-kshetra-lunwa-jain-temple,"Atishaya Kshetra Lunwa Jain Temple",Rajasthan,spiritual,4.4,900
Rajasthan,manibandh-shaktipeeth,"Manibandh Shaktipeeth",Rajasthan,spiritual,4.7,900
Ritchie's Archipelago,havelock-island,"Havelock Island (Swaraj Dweep)",Andaman & Nicobar,beach,4.9,3500
Sabarkantha District,polo-forest,"Polo Forest",Gujarat,nature,4.7,2200
Sabarmati,ahmedabad,"Ahmedabad",Gujarat,heritage,4.4,1000
Sahyadri,lonavala,"Lonavala",Maharashtra,hill_station,4.3,1200
Sahyadri,mahabaleshwar,"Mahabaleshwar",Maharashtra,hill_station,4.4,1300
Sahyadri,matheran,"Matheran",Maharashtra,hill_station,4.3,1300
Satpura,pachmarhi,"Pachmarhi",Madhya Pradesh,hill_station,4.4,1100
Saurashtra,gir,"Gir National Park",Gujarat,wildlife,4.6,2500
Saurashtra,dwarka,"Dwarka",Gujarat,spiritual,4.5,900
Saurashtra,somnath,"Somnath",Gujarat,spiritual,4.6,900
Sawai Madhopur,ranthambore,"Ranthambore",Rajasthan,wildlife,4.6,2500
Shimla,kufri,"Kufri",Himachal Pradesh,hill_station,4.1,1300
Sikkim,khangchendzonga-national-park,"Khangchendzonga National Park",Sikkim,wildlife,4.2,2500
Sikkim,varsey-rhododendron-sanctuary,"Varsey Rhododendron Sanctuary",Sikkim,wildlife,4.2,2500
Sikkim,shingba-rhododendron-sanctuary,"Shingba Rhododendron Sanctuary",Sikkim,wildlife,4.7,2500
Sikkim,kirateshwar-mahadev-temple,"Kirateshwar Mahadev Temple",Sikkim,spiritual,4.3,900
Sikkim,kyongnosla-alpine-sanctuary,"Kyongnosla Alpine Sanctuary",Sikkim,wildlife,4.5,2500
Sikkim,pangolakha-wildlife-sanctuary,"Pangolakha Wildlife Sanctuary",Sikkim,wildlife,4.4,2500
Sikkim,maenam-wildlife-sanctuary,"Maenam Wildlife Sanctuary",Sikkim,wildlife,4.7,2500
Sikkim,dubdi-monastery,"Dubdi Monastery",Sikkim,spiritual,4.7,900
Sikkim,gurdwara-nanaklama,"Gurdwara Nanaklama",Sikkim,heritage,4.3,900
Sikkim,kitam-bird-sanctuary,"Kitam bird sanctuary",Sikkim,wildlife,4.4,2500
Sikkim,tendong-gumpa,"Tendong Gumpa",Sikkim,heritage,4.1,900
Sikkim,shri-viswa-vinayaka-mandir-rhenock,"Shri Viswa Vinayaka Mandir Rhenock",Sikkim,spiritual,4.5,900
Tamil Nadu,prahadisvarar-temple,"Prahadisvarar Temple",Tamil Nadu,spiritual,4.5,900
Tamil Nadu,san-thome-basilica,"San Thome Basilica",Tamil Nadu,heritage,4.3,900
Tamil Nadu,ranganathaswamy-temple-srirangam,"Ranganathaswamy Temple, Srirangam",Tamil Nadu,spiritual,4.2,900
Tamil Nadu,mudumalai-national-park,"Mudumalai National Park",Tamil Nadu,wildlife,4.2,2500
Tamil Nadu,fort-st-george,"Fort St. George",Tamil Nadu,heritage,4.4,900
Tamil Nadu,airavatesvara-temple,"Airavatesvara Temple",Tamil Nadu,spiritual,4.6,900
Tamil Nadu,hogenakkal-falls,"Hogenakkal Falls",Tamil Nadu,heritage,4.3,900
Tamil Nadu,basilica-of-our-lady-of-good-health,"Basilica of Our Lady of Good Health",Tamil Nadu,spiritual,4.4,900
Tamil Nadu,kailasanathar-temple-kanchipuram,"Kailasanathar Temple, Kanchipuram",Tamil Nadu,spiritual,4.5,900
Tamil Nadu,mukurthi-national-park,"Mukurthi National Park",Tamil Nadu,wildlife,4.4,2500
Tamil Nadu,gangaikonda-cholapuram-temple,"Gangaikonda Cholapuram Temple",Tamil Nadu,spiritual,4.1,900
Tamil Nadu,agaya-gangai,"Agaya Gangai",Tamil Nadu,heritage,4.3,900
Tamil Nadu,nataraja-temple,"Nataraja Temple",Tamil Nadu,spiritual,4.3,900
Tamil Nadu,anaimalai-tiger-reserve,"Anaimalai Tiger Reserve",Tamil Nadu,wildlife,4.5,2500
Tamil Nadu,gingee-fort,"Gingee Fort",Tamil Nadu,heritage,4.1,900
Tamil Nadu,varadharaja-perumal-temple,"Varadharaja Perumal Temple",Tamil Nadu,spiritual,4.1,900
Tamil Nadu,pykara,"Pykara",Tamil Nadu,heritage,4.6,900
Tamil Nadu,thalaiyar-falls,"Thalaiyar Falls",Tamil Nadu,heritage,4.7,900
Tamil Nadu,vellore-fort,"Vellore Fort",Tamil Nadu,heritage,4.4,900
Tamil Nadu,lakshmi-narayani-golden-temple,"Lakshmi Narayani Golden Temple",Tamil Nadu,spiritual,4.5,900
Tamil Nadu,varaha-cave-temple,"Varaha Cave Temple",Tamil Nadu,spiritual,4.2,900
Tamil Nadu,gulf-of-mannar-marine-national-park,"Gulf of Mannar Marine National Park",Tamil Nadu,wildlife,4.7,2500
Tamil Nadu,nellaiappar-temple,"Nellaiappar Temple",Tamil Nadu,spiritual,4.5,900
Tamil Nadu,siruvani-waterfalls,"Siruvani Waterfalls",Tamil Nadu,heritage,4.1,900
Tamil Nadu,suruli-falls,"Suruli Falls",Tamil Nadu,heritage,4.1,900
Tamil Nadu,kiliyur-falls,"Kiliyur Falls",Tamil Nadu,heritage,4.3,900
Tamil Nadu,thirparappu-waterfalls,"Thirparappu Waterfalls",Tamil Nadu,heritage,4.6,900
Tamil Nadu,fort-dansborg,"Fort Dansborg",Tamil Nadu,heritage,4.7,900
Tamil Nadu,subramaniya-swamy-temple-tiruttani,"Subramaniya Swamy Temple, Tiruttani",Tamil Nadu,spiritual,4.4,900
Tamil Nadu,ucchi-pillayar-temple-rockfort,"Ucchi Pillayar Temple, Rockfort",Tamil Nadu,spiritual,4.5,900
Tamil Nadu,masani-amman,"Masānī Ammān",Tamil Nadu,spiritual,4.3,900
Tamil Nadu,kutladampatti-falls,"Kutladampatti Falls",Tamil Nadu,heritage,4.2,900
Tamil Nadu,dindigul-fort,"Dindigul Fort",Tamil Nadu,heritage,4.4,900
Tamil Nadu,padmanabhapuram-palace,"Padmanabhapuram Palace",Tamil Nadu,heritage,4.8,900
Tamil Nadu,karpaka-vinayakar-temple,"Karpaka Vinayakar Temple",Tamil Nadu,spiritual,4.7,900
Tamil Nadu,maruthamalai-marudhachalamurthy-temple,"Maruthamalai Marudhachalamurthy Temple",Tamil Nadu,spiritual,4.1,900
Tamil Nadu,dhandayuthapani-swamy-temple,"Dhandayuthapani Swamy Temple",Tamil Nadu,spiritual,4.5,900
Tamil Nadu,tirumalai-tamil-nadu,"Tirumalai (Tamil Nadu)",Tamil Nadu,spiritual,4.4,900
Tamil Nadu,chitharal-jain-monuments,"Chitharal Jain Monuments",Tamil Nadu,spiritual,4.2,900
Tamil Nadu,tiger-cave,"Tiger Cave",Tamil Nadu,spiritual,4.4,900
Tamil Nadu,vedanthangal-bird-sanctuary,"Vedanthangal Bird Sanctuary",Tamil Nadu,wildlife,4.1,2500
Tamil Nadu,kumbakkarai-falls,"Kumbakkarai Falls",Tamil Nadu,heritage,4.6,900
Tamil Nadu,grizzled-squirrel-wildlife-sanctuary,"Grizzled Squirrel Wildlife Sanctuary",Tamil Nadu,wildlife,4.3,2500
Tamil Nadu,fort-st-david,"Fort St. David",Tamil Nadu,heritage,4.6,900
Tamil Nadu,yathothkari-perumal-temple,"Yathothkari Perumal Temple",Tamil Nadu,spiritual,4.6,900
Tamil Nadu,marundeeswarar-temple,"Marundeeswarar Temple",Tamil Nadu,spiritual,4.6,900
Tamil Nadu,thirunadhikkara-cave-temple,"Thirunadhikkara Cave Temple",Tamil Nadu,spiritual,4.5,900
Tamil Nadu,atcheeswarar-temple,"Atcheeswarar Temple",Tamil Nadu,spiritual,4.5,900
Tamil Nadu,kodumudi-magudeswarar-temple,"Kodumudi Magudeswarar temple",Tamil Nadu,spiritual,4.2,900
Tamil Nadu,swamimalai-murugan-temple,"Swamimalai Murugan Temple",Tamil Nadu,spiritual,4.1,900
Tamil Nadu,adikesava-perumal-temple,"Adikesava Perumal Temple",Tamil Nadu,spiritual,4.7,900
Tamil Nadu,iskcon-temple-chennai,"ISKCON Temple Chennai",Tamil Nadu,spiritual,4.5,900
Tamil Nadu,pataleeswarar-temple,"Pataleeswarar Temple",Tamil Nadu,spiritual,4.6,900
Tamil Nadu,basilica-of-our-lady-of-snows-thoothukudi,"Basilica of Our Lady of Snows, Thoothukudi",Tamil Nadu,hill_station,4.4,1200
Tamil Nadu,vijayalaya-cholesvaram,"Vijayalaya Cholesvaram",Tamil Nadu,spiritual,4.2,900
Tamil Nadu,sri-appakkudathaan-perumal-temple,"Sri Appakkudathaan Perumal Temple",Tamil Nadu,spiritual,4.8,900
Tamil Nadu,koothankulam-bird-sanctuary,"Koothankulam Bird Sanctuary",Tamil Nadu,wildlife,4.8,2500
Tamil Nadu,kalakkad-mundanthurai-tiger-reserve,"Kalakkad Mundanthurai Tiger Reserve",Tamil Nadu,wildlife,4.3,2500
Tamil Nadu,karaivetti-bird-sanctuary,"Karaivetti Bird Sanctuary",Tamil Nadu,wildlife,4.4,2500
Tamil Nadu,arignar-anna-zoological-park,"Arignar Anna Zoological Park",Tamil Nadu,wildlife,4.6,2500
Tamil Nadu,vattakottai-fort,"Vattakottai Fort",Tamil Nadu,heritage,4.6,900
Tamil Nadu,attur-fort,"Attur Fort",Tamil Nadu,heritage,4.8,900
Tamil Nadu,thenkurangaduthurai-temple,"Thenkurangaduthurai Temple",Tamil Nadu,spiritual,4.7,900
Tamil Nadu,thiruarimeya-vinnagaram,"Thiruarimeya Vinnagaram",Tamil Nadu,spiritual,4.2,900
Tamil Nadu,vayalur-murugan-temple,"Vayalur Murugan Temple",Tamil Nadu,spiritual,4.6,900
Tamil Nadu,samayapuram-mariamman-temple,"Samayapuram Mariamman Temple",Tamil Nadu,spiritual,4.5,900
Tamil Nadu,tiruvalithayam,"Tiruvalithayam",Tamil Nadu,spiritual,4.4,900
Tamil Nadu,adhi-ratneswarar-temple,"Adhi Ratneswarar Temple",Tamil Nadu,spiritual,4.2,900
Tamil Nadu,tiruvetkalam-pasupatheswarar-temple,"Tiruvetkalam Pasupatheswarar Temple",Tamil Nadu,spiritual,4.2,900
Tamil Nadu,vadapalani-andavar-temple,"Vadapalani Andavar Temple",Tamil Nadu,spiritual,4.2,900
Tamil Nadu,ulagalantha-perumal-temple-tirukoyilur,"Ulagalantha Perumal Temple, Tirukoyilur",Tamil Nadu,spiritual,4.1,900
Tamil Nadu,mahalingeswarar-temple-thiruvidaimarudur,"Mahalingeswarar Temple, Thiruvidaimarudur",Tamil Nadu,spiritual,4.2,900
Tamil Nadu,neyyadiappar-temple,"Neyyadiappar Temple",Tamil Nadu,spiritual,4.6,900
Tamil Nadu,perur-pateeswarar-temple,"Perur Pateeswarar Temple",Tamil Nadu,spiritual,4.2,900
Tamil Nadu,pazhamudircholai-murugan-temple,"Pazhamudircholai Murugan Temple",Tamil Nadu,spiritual,4.6,900
Tamil Nadu,papanasanathar-temple,"Papanasanathar Temple",Tamil Nadu,spiritual,4.7,900
Tamil Nadu,srivilliputhur-andal-temple,"Srivilliputhur Andal Temple",Tamil Nadu,spiritual,4.5,900
Tamil Nadu,thyagaraja-temple-tiruvottiyur,"Thyagaraja Temple, Tiruvottiyur",Tamil Nadu,spiritual,4.3,900
Tamil Nadu,moovar-koil,"Moovar Koil",Tamil Nadu,spiritual,4.2,900
Tamil Nadu,sri-devaadi-raja-perumal-temple,"Sri Devaadi Raja Perumal Temple",Tamil Nadu,spiritual,4.1,900
Tamil Nadu,sundaravarada-perumal-temple,"Sundaravarada Perumal Temple",Tamil Nadu,spiritual,4.3,900
Tamil Nadu,odhanavaneswarar-temple-tiruchotruturai,"Odhanavaneswarar Temple, Tiruchotruturai",Tamil Nadu,spiritual,4.5,900
Tamil Nadu,agniswarar-temple-kanjanur,"Agniswarar Temple, Kanjanur",Tamil Nadu,spiritual,4.3,900
Tamil Nadu,vettuvan-koil,"Vettuvan Koil",Tamil Nadu,spiritual,4.3,900
Tamil Nadu,bhaktavatsala-perumal-temple-thirunindravur,"Bhaktavatsala Perumal Temple, Thirunindravur",Tamil Nadu,spiritual,4.6,900
Tamil Nadu,panchavarnaswamy-temple,"Panchavarnaswamy Temple",Tamil Nadu,spiritual,4.7,900
Tamil Nadu,veeraraghava-swamy-temple,"Veeraraghava Swamy Temple",Tamil Nadu,spiritual,4.8,900
Tamil Nadu,eri-katha-ramar-temple,"Eri-Katha Ramar Temple",Tamil Nadu,spiritual,4.6,900
Tamil Nadu,tirumaanturai,"Tirumaanturai",Tamil Nadu,spiritual,4.3,900
Tamil Nadu,thiruvadigai-temple-panruti,"Thiruvadigai Temple, Panruti",Tamil Nadu,spiritual,4.3,900
Tamil Nadu,atulya-nadheswarar-temple,"Atulya Nadheswarar Temple",Tamil Nadu,spiritual,4.8,900
Tamil Nadu,poondi-madha-basilica,"Poondi Madha Basilica",Tamil Nadu,spiritual,4.2,900
Tamil Nadu,thenupuriswarar-temple,"Thenupuriswarar Temple",Tamil Nadu,spiritual,4.2,900
Tamil Nadu,subramaniya-swamy-temple-tiruchendur,"Subramaniya Swamy Temple, Tiruchendur",Tamil Nadu,spiritual,4.3,900
Tamil Nadu,thyagaraja-temple-tiruvarur,"Thyagaraja Temple, Tiruvarur",Tamil Nadu,spiritual,4.4,900
Tamil Nadu,jalantheeswarar-temple,"Jalantheeswarar Temple",Tamil Nadu,spiritual,4.3,900
Tamil Nadu,thalagireeshwarar-temple,"Thalagireeshwarar Temple",Tamil Nadu,spiritual,4.7,900
Tamil Nadu,kasi-viswanathar-temple-tenkasi,"Kasi Viswanathar temple, Tenkasi",Tamil Nadu,spiritual,4.1,900
Tamil Nadu,arulmigu-koniamman-temple,"Arulmigu Koniamman Temple",Tamil Nadu,spiritual,4.2,900
Tamil Nadu,st-francis-xavier-s-cathedral-kottar,"St. Francis Xavier's Cathedral, Kottar",Tamil Nadu,heritage,4.7,900
Tamil Nadu,st-george-s-cathedral,"St. George's Cathedral",Tamil Nadu,heritage,4.4,900
Tamil Nadu,patalathri-narasimhar-temple,"Patalathri Narasimhar Temple",Tamil Nadu,spiritual,4.5,900
Tamil Nadu,pundarikakshan-perumal-temple,"Pundarikakshan Perumal Temple",Tamil Nadu,spiritual,4.2,900
Tamil Nadu,point-calimere-wildlife-and-bird-sanctuary,"Point Calimere Wildlife and Bird Sanctuary",Tamil Nadu,wildlife,4.7,2500
Tamil Nadu,vaduvoor-bird-sanctuary,"Vaduvoor Bird Sanctuary",Tamil Nadu,wildlife,4.7,2500
Tamil Nadu,agasthiyar-falls,"Agasthiyar Falls",Tamil Nadu,heritage,4.5,900
Tamil Nadu,namakkal-fort,"Namakkal Fort",Tamil Nadu,heritage,4.4,900
Tamil Nadu,alamparai-fort,"Alamparai Fort",Tamil Nadu,heritage,4.4,900
Tamil Nadu,thirumayam-fort,"Thirumayam Fort",Tamil Nadu,heritage,4.5,900
Tamil Nadu,thirukkadigai,"Thirukkadigai",Tamil Nadu,spiritual,4.7,900
Tamil Nadu,thiruppathisaram,"Thiruppathisaram",Tamil Nadu,spiritual,4.5,900
Tamil Nadu,thiruppullani,"Thiruppullani",Tamil Nadu,spiritual,4.5,900
Tamil Nadu,mahendrapalli-tirumeni-azhagar-temple,"Mahendrapalli Tirumeni Azhagar Temple",Tamil Nadu,spiritual,4.6,900
Tamil Nadu,vedapureeswarar-temple,"Vedapureeswarar Temple",Tamil Nadu,spiritual,4.6,900
Tamil Nadu,chandra-choodeswarar-temple-hosur,"Chandra Choodeswarar Temple, Hosur",Tamil Nadu,spiritual,4.4,900
Tamil Nadu,anna-nagar-ayyappan-koil-chennai,"Anna Nagar Ayyappan Koil, Chennai",Tamil Nadu,spiritual,4.8,900
Tamil Nadu,tiruvaikavur-temple,"Tiruvaikavur Temple",Tamil Nadu,spiritual,4.2,900
Tamil Nadu,uthirakosamangai,"Uthirakosamangai",Tamil Nadu,spiritual,4.4,900
Tamil Nadu,vaithamanidhi-perumal-temple,"Vaithamanidhi Perumal Temple",Tamil Nadu,spiritual,4.1,900
Tamil Nadu,eachanari-vinayagar-temple,"Eachanari Vinayagar Temple",Tamil Nadu,spiritual,4.3,900
Tamil Nadu,rahu-stalam,"Rahu Stalam",Tamil Nadu,spiritual,4.8,900
Tamil Nadu,kasi-viswanathar-temple-sivakasi,"Kasi Viswanathar temple, Sivakasi",Tamil Nadu,spiritual,4.5,900
Tamil Nadu,thiruporur-kandaswamy-temple,"Thiruporur Kandaswamy temple",Tamil Nadu,spiritual,4.7,900
Tamil Nadu,sattainathar-temple-sirkazhi,"Sattainathar Temple, Sirkazhi",Tamil Nadu,spiritual,4.5,900
Tamil Nadu,sikkal-singaravelan-temple,"Sikkal Singaravelan Temple",Tamil Nadu,spiritual,4.2,900
Tamil Nadu,sri-sivalokanathar-temple-tirupunkur,"Sri Sivalokanathar Temple, Tirupunkur",Tamil Nadu,spiritual,4.4,900
Tamil Nadu,sri-srinivasa-perumal-temple-tirukulandhai,"Sri Srinivasa Perumal Temple, Tirukulandhai",Tamil Nadu,spiritual,4.6,900
Tamil Nadu,srivaikuntanathan-permual-temple,"Srivaikuntanathan Permual Temple",Tamil Nadu,spiritual,4.8,900
Tamil Nadu,pasupateeswarar-temple-karur,"Pasupateeswarar Temple, Karur",Tamil Nadu,spiritual,4.5,900
Tamil Nadu,thirumuruganatheeswar-temple,"Thirumuruganatheeswar Temple",Tamil Nadu,spiritual,4.7,900
Tamil Nadu,avudaiyarkoil,"Avudaiyarkoil",Tamil Nadu,spiritual,4.5,900
Tamil Nadu,brahmapureeswarar-temple-thirukkuvalai,"Brahmapureeswarar Temple, Thirukkuvalai",Tamil Nadu,spiritual,4.3,900
Tamil Nadu,mayuranathaswami-temple-mayiladuthurai,"Mayuranathaswami Temple, Mayiladuthurai",Tamil Nadu,spiritual,4.4,900
Tamil Nadu,ponsei-natrunaiyappar-temple,"Ponsei Natrunaiyappar Temple",Tamil Nadu,spiritual,4.8,900
Tamil Nadu,thindal-murugan-temple,"Thindal Murugan Temple",Tamil Nadu,spiritual,4.6,900
Tamil Nadu,thirumakaraleeswarar-temple,"Thirumakaraleeswarar Temple",Tamil Nadu,spiritual,4.3,900
Tamil Nadu,shanmughanathar-temple-kunnakudi,"Shanmughanathar Temple, Kunnakudi",Tamil Nadu,spiritual,4.4,900
Tamil Nadu,pushpavaneswarar-temple,"Pushpavaneswarar temple",Tamil Nadu,spiritual,4.3,900
Tamil Nadu,amirthakadeswarar-temple-sakkottai,"Amirthakadeswarar Temple, Sakkottai",Tamil Nadu,spiritual,4.1,900
Tamil Nadu,pushpavananathar-temple-tiruppoonturutti,"Pushpavananathar Temple, Tiruppoonturutti",Tamil Nadu,spiritual,4.5,900
Tamil Nadu,koneswarar-temple-kudavasal,"Koneswarar Temple, Kudavasal",Tamil Nadu,spiritual,4.5,900
Tamil Nadu,nadutariappar-temple,"Nadutariappar Temple",Tamil Nadu,spiritual,4.3,900
Tamil Nadu,rajagopalaswamy-temple-mannargudi,"Rajagopalaswamy Temple, Mannargudi",Tamil Nadu,spiritual,4.7,900
Tamil Nadu,thirukutralam,"Thirukutralam",Tamil Nadu,spiritual,4.4,900
Tamil Nadu,prananadeswarar-temple,"Prananadeswarar Temple",Tamil Nadu,spiritual,4.6,900
Tamil Nadu,erumbeeswarar-temple,"Erumbeeswarar Temple",Tamil Nadu,spiritual,4.3,900
Tamil Nadu,vekkali-amman-temple,"Vekkali Amman Temple",Tamil Nadu,spiritual,4.4,900
Tamil Nadu,vaseeswarar-temple,"Vaseeswarar Temple",Tamil Nadu,spiritual,4.5,900
Tamil Nadu,tiruppukkozhiyur,"Tiruppukkozhiyur",Tamil Nadu,spiritual,4.5,900
Tamil Nadu,vedapureeswarar-temple-thiruverkadu,"Vedapureeswarar Temple, Thiruverkadu",Tamil Nadu,spiritual,4.2,900
Tamil Nadu,vedagiriswarar-temple,"Vedagiriswarar temple",Tamil Nadu,spiritual,4.5,900
Tamil Nadu,apatsahayesvarar-temple-alangudi,"Apatsahayesvarar Temple, Alangudi",Tamil Nadu,spiritual,4.8,900
Tamil Nadu,chenraya-perumal-temple,"Chenraya Perumal Temple",Tamil Nadu,spiritual,4.6,900
Tamil Nadu,padikasu-nathar-temple,"Padikasu Nathar Temple",Tamil Nadu,spiritual,4.7,900
Tamil Nadu,pasupatiswarar-temple,"Pasupatiswarar Temple",Tamil Nadu,spiritual,4.6,900
Tamil Nadu,thiruvali-thirunagari,"Thiruvali-Thirunagari",Tamil Nadu,spiritual,4.8,900
Tamil Nadu,thiruvanthipuram-temple,"Thiruvanthipuram temple",Tamil Nadu,spiritual,4.2,900
Tamil Nadu,thirukumaresar-temple,"Thirukumaresar temple",Tamil Nadu,spiritual,4.6,900
Tamil Nadu,tirutalinathar-temple,"Tirutalinathar Temple",Tamil Nadu,spiritual,4.8,900
Tamil Nadu,sudarkozhundeeswarar-temple-pennadam,"Sudarkozhundeeswarar Temple, Pennadam",Tamil Nadu,spiritual,4.2,900
Tamil Nadu,avanibhajana-pallaveshwaram-temple,"Avanibhajana Pallaveshwaram temple",Tamil Nadu,spiritual,4.2,900
Tamil Nadu,nithyakalyana-perumal-temple,"Nithyakalyana Perumal temple",Tamil Nadu,spiritual,4.2,900
Tamil Nadu,arasaleeswarar-temple,"Arasaleeswarar temple",Tamil Nadu,spiritual,4.2,900
Tamil Nadu,nehanurpatti,"Nehanurpatti",Tamil Nadu,spiritual,4.6,900
Tamil Nadu,vilwanatheswarar-temple,"Vilwanatheswarar temple",Tamil Nadu,spiritual,4.4,900
Tamil Nadu,innambur-ezhutharinathar-temple,"Innambur Ezhutharinathar Temple",Tamil Nadu,spiritual,4.3,900
Tamil Nadu,sakshinatheswarar-temple-thiruppurambiyam,"Sakshinatheswarar Temple, Thiruppurambiyam.",Tamil Nadu,spiritual,4.5,900
Tamil Nadu,amirthakadeswarar-temple,"Amirthakadeswarar Temple",Tamil Nadu,spiritual,4.5,900
Tamil Nadu,thirumalapadi-siva-temple,"Thirumalapadi Siva Temple",Tamil Nadu,spiritual,4.7,900
Tamil Nadu,abirameswarar-temple,"Abirameswarar temple",Tamil Nadu,spiritual,4.5,900
Tamil Nadu,marundeeswarar-temple-t-edayar,"Marundeeswarar Temple, T. Edayar",Tamil Nadu,spiritual,4.3,900
Tamil Nadu,sivalokanathar-temple-gramam,"Sivalokanathar temple, Gramam",Tamil Nadu,spiritual,4.6,900
Tamil Nadu,chandramouleeswar-temple-thiruvakkarai,"Chandramouleeswar temple, Thiruvakkarai",Tamil Nadu,spiritual,4.3,900
Tamil Nadu,bhaktajaneswarar-temple,"Bhaktajaneswarar temple",Tamil Nadu,spiritual,4.2,900
Tamil Nadu,kasi-viswanathar-temple-kumbakonam,"Kasi Viswanathar Temple, Kumbakonam",Tamil Nadu,spiritual,4.4,900
Tamil Nadu,sangameswarar-temple,"Sangameswarar Temple",Tamil Nadu,spiritual,4.3,900
Tamil Nadu,sri-vadaranyeswarar-temple,"Sri Vadaranyeswarar Temple",Tamil Nadu,spiritual,4.1,900
Tamil Nadu,ninra-narayana-perumal-temple,"Ninra Narayana Perumal temple",Tamil Nadu,spiritual,4.6,900
Tamil Nadu,kazheesirama-vinnagaram,"Kazheesirama Vinnagaram",Tamil Nadu,spiritual,4.2,900
Tamil Nadu,bhu-varaha-swamy-temple,"Bhu Varaha Swamy temple",Tamil Nadu,spiritual,4.2,900
Tamil Nadu,makara-nedunkuzhai-kannan-temple,"Makara Nedunkuzhai Kannan Temple",Tamil Nadu,spiritual,4.5,900
Tamil Nadu,adhirangam-ranganathaswamy-temple,"Adhirangam Ranganathaswamy temple",Tamil Nadu,spiritual,4.2,900
Tamil Nadu,katary-falls,"Katary Falls",Tamil Nadu,heritage,4.8,900
Tamil Nadu,chitrangudi-bird-sanctuary,"Chitrangudi Bird Sanctuary",Tamil Nadu,wildlife,4.4,2500
Tamil Nadu,vallanadu-wildlife-sanctuary,"Vallanadu Wildlife Sanctuary",Tamil Nadu,wildlife,4.7,2500
Tamil Nadu,vellode-birds-sanctuary,"Vellode Birds Sanctuary",Tamil Nadu,wildlife,4.5,2500
Tamil Nadu,fort-vijf-sinnen,"Fort Vijf Sinnen",Tamil Nadu,heritage,4.5,900
Tamil Nadu,sankagiri-fort,"Sankagiri Fort",Tamil Nadu,heritage,4.3,900
Tamil Nadu,thiruppunavayil,"Thiruppunavayil",Tamil Nadu,spiritual,4.5,900
Tamil Nadu,vriddhagiriswarar-temple-vriddhachalam,"Vriddhagiriswarar Temple, Vriddhachalam",Tamil Nadu,spiritual,4.4,900
Tamil Nadu,thiruchuzhial,"Thiruchuzhial",Tamil Nadu,spiritual,4.4,900
Tamil Nadu,achalpuram-shivalokathyagar-temple,"Achalpuram Shivalokathyagar Temple",Tamil Nadu,spiritual,4.5,900
Tamil Nadu,tirunellikka-nellivananathar-temple,"Tirunellikka Nellivananathar Temple",Tamil Nadu,spiritual,4.2,900
Tamil Nadu,tiruppaatrurai-adhimooleswarar-temple,"Tiruppaatrurai Adhimooleswarar Temple",Tamil Nadu,spiritual,4.5,900
Tamil Nadu,dandeeswarar-temple,"Dandeeswarar Temple",Tamil Nadu,spiritual,4.8,900
Tamil Nadu,koothanur-maha-saraswathi-temple,"Koothanur Maha Saraswathi Temple",Tamil Nadu,spiritual,4.1,900
Tamil Nadu,mondaicaud-bhagavathi-temple,"Mondaicaud Bhagavathi Temple",Tamil Nadu,spiritual,4.4,900
Tamil Nadu,mudikondan-kothandaramar-temple,"Mudikondan Kothandaramar Temple",Tamil Nadu,spiritual,4.5,900
Tamil Nadu,nagannathaswamy-temple-keezhaperumpallam,"Nagannathaswamy Temple, Keezhaperumpallam",Tamil Nadu,spiritual,4.3,900
Tamil Nadu,narasingam-yoga-narasimha-perumal-temple,"Narasingam Yoga Narasimha Perumal Temple",Tamil Nadu,spiritual,4.3,900
Tamil Nadu,paampuranathar-temple-thirupampuram,"Paampuranathar Temple, Thirupampuram",Tamil Nadu,spiritual,4.4,900
Tamil Nadu,edaganathar-temple,"Edaganathar temple",Tamil Nadu,spiritual,4.6,900
Tamil Nadu,vandiyur-mariamman-temple,"Vandiyur Mariamman Temple",Tamil Nadu,spiritual,4.1,900
Tamil Nadu,agnipureeswarar-temple-thirupugalur,"Agnipureeswarar Temple, Thirupugalur",Tamil Nadu,spiritual,4.3,900
Tamil Nadu,someswarar-temple-pazhayarai,"Someswarar Temple, Pazhayarai",Tamil Nadu,spiritual,4.1,900
Tamil Nadu,sri-venkatesa-perumal-temple-melathiruppathi-mondipalayam,"Sri Venkatesa Perumal Temple (Melathiruppathi) – Mondipalayam",Tamil Nadu,spiritual,4.4,900
Tamil Nadu,keezhvelur-kediliappar-temple,"Keezhvelur Kediliappar Temple",Tamil Nadu,spiritual,4.4,900
Tamil Nadu,swamithope-pathi,"Swamithope Pathi",Tamil Nadu,spiritual,4.7,900
Tamil Nadu,ithiyapuram-kaavu,"Ithiyapuram kaavu",Tamil Nadu,spiritual,4.4,900
Tamil Nadu,thanthondreeswarar-temple,"Thanthondreeswarar Temple",Tamil Nadu,spiritual,4.2,900
Tamil Nadu,amritaghateswarar-abirami-temple-thirukkadaiyur,"Amritaghateswarar-Abirami Temple,Thirukkadaiyur",Tamil Nadu,spiritual,4.3,900
Tamil Nadu,swetharanyeswarar-temple,"Swetharanyeswarar Temple",Tamil Nadu,spiritual,4.6,900
Tamil Nadu,agastheeswarar-temple,"Agastheeswarar Temple",Tamil Nadu,spiritual,4.7,900
Tamil Nadu,soundararajaperumal-temple-thadikombu,"Soundararajaperumal Temple, Thadikombu",Tamil Nadu,spiritual,4.8,900
Tamil Nadu,vallakottai-subramaniyaswami-temple,"Vallakottai Subramaniyaswami temple",Tamil Nadu,spiritual,4.2,900
Tamil Nadu,adikesava-perumal-temple-sriperumpudur,"Adikesava Perumal temple, Sriperumpudur",Tamil Nadu,spiritual,4.4,900
Tamil Nadu,sowmya-narayana-perumal-temple,"Sowmya Narayana Perumal temple",Tamil Nadu,spiritual,4.1,900
Tamil Nadu,chakravageswarar-temple,"Chakravageswarar Temple",Tamil Nadu,spiritual,4.5,900
Tamil Nadu,piranmalai-kodunkundreeswar-temple,"Piranmalai Kodunkundreeswar Temple",Tamil Nadu,spiritual,4.7,900
Tamil Nadu,punnainallur-mariamman,"Punnainallur Mariamman",Tamil Nadu,spiritual,4.6,900
Tamil Nadu,bhaktavatsala-perumal-temple,"Bhaktavatsala Perumal Temple",Tamil Nadu,spiritual,4.5,900
Tamil Nadu,tirucherai-saranathan-temple,"Tirucherai Saranathan Temple",Tamil Nadu,spiritual,4.7,900
Tamil Nadu,valisvara-temple,"Valisvara Temple",Tamil Nadu,spiritual,4.7,900
Tamil Nadu,suyambulingaswamy-temple-uvari,"Suyambulingaswamy Temple, Uvari",Tamil Nadu,spiritual,4.6,900
Tamil Nadu,anjaneya-temple-nanganallur,"Anjaneya Temple, Nanganallur",Tamil Nadu,spiritual,4.7,900
Tamil Nadu,jakath-rakshaka-perumal-temple-thirukkoodaloor,"Jakath Rakshaka Perumal Temple, Thirukkoodaloor.",Tamil Nadu,spiritual,4.5,900
Tamil Nadu,mel-sithamur-jain-math,"Mel Sithamur Jain Math",Tamil Nadu,spiritual,4.6,900
Tamil Nadu,oondreswarar-temple,"Oondreswarar Temple",Tamil Nadu,spiritual,4.2,900
Tamil Nadu,choleesvarar-temple-mulanur,"Choleesvarar Temple, Mulanur",Tamil Nadu,spiritual,4.3,900
Tamil Nadu,uthanda-velayudhasamy-temple-uthiyur,"Uthanda VelayudhaSamy Temple, Uthiyur",Tamil Nadu,spiritual,4.5,900
Tamil Nadu,bannari-amman-temple,"Bannari Amman Temple",Tamil Nadu,spiritual,4.2,900
Tamil Nadu,kaliyuga-varadaraja-perumal-temple,"Kaliyuga Varadaraja Perumal Temple",Tamil Nadu,spiritual,4.5,900
Tamil Nadu,palaivananathar-temple,"Palaivananathar Temple",Tamil Nadu,spiritual,4.1,900
Tamil Nadu,parimala-ranganatha-perumal-temple,"Parimala Ranganatha Perumal Temple",Tamil Nadu,spiritual,4.7,900
Tamil Nadu,venjamakoodal,"Venjamakoodal",Tamil Nadu,spiritual,4.7,900
Tamil Nadu,kolanjiappar-temple,"Kolanjiappar Temple",Tamil Nadu,spiritual,4.4,900
Tamil Nadu,akshayapureeswarar-temple,"Akshayapureeswarar Temple",Tamil Nadu,spiritual,4.8,900
Tamil Nadu,ranganathaswamy-temple-karamadai,"Ranganathaswamy Temple, Karamadai",Tamil Nadu,spiritual,4.2,900
Tamil Nadu,narthana-vallabeswarar-temple,"Narthana Vallabeswarar temple",Tamil Nadu,spiritual,4.7,900
Tamil Nadu,basilica-of-our-lady-of-the-holy-rosary-karumathampatti,"Basilica of Our Lady of the Holy Rosary, Karumathampatti",Tamil Nadu,spiritual,4.3,900
Tamil Nadu,dalavanur,"Dalavanur",Tamil Nadu,spiritual,4.7,900
Tamil Nadu,thirumarperu,"Thirumarperu",Tamil Nadu,spiritual,4.5,900
Tamil Nadu,ardhanareeswarar-temple,"Ardhanareeswarar Temple",Tamil Nadu,spiritual,4.6,900
Tamil Nadu,navapashanam-temple,"Navapashanam temple",Tamil Nadu,spiritual,4.7,900
Tamil Nadu,sivasailam-temple,"Sivasailam Temple",Tamil Nadu,spiritual,4.8,900
Tamil Nadu,kripapureeswarar-temple,"Kripapureeswarar Temple",Tamil Nadu,spiritual,4.6,900
Tamil Nadu,netroddharakaswami-temple,"Netroddharakaswami Temple",Tamil Nadu,spiritual,4.4,900
Tamil Nadu,kola-valvill-ramar-temple-tiruvelliyangudi,"Kola Valvill Ramar Temple, Tiruvelliyangudi",Tamil Nadu,spiritual,4.3,900
Tamil Nadu,prasanna-venkatachalapathy-temple,"Prasanna Venkatachalapathy Temple",Tamil Nadu,spiritual,4.3,900
Tamil Nadu,jagannath-temple-chennai,"Jagannath Temple, Chennai",Tamil Nadu,spiritual,4.8,900
Tamil Nadu,udayamarthandapuram-bird-sanctuary,"Udayamarthandapuram Bird Sanctuary",Tamil Nadu,wildlife,4.7,2500
Tamil Nadu,kodaikanal-wildlife-sanctuary,"Kodaikanal Wildlife Sanctuary",Tamil Nadu,wildlife,4.8,2500
Tamil Nadu,vettangudi-bird-sanctuary,"Vettangudi Bird Sanctuary",Tamil Nadu,wildlife,4.3,2500
Tamil Nadu,kalhatty-falls,"Kalhatty Falls",Tamil Nadu,heritage,4.3,900
Tamil Nadu,dash-n-splash,"Dash n Splash",Tamil Nadu,heritage,4.3,900
Tamil Nadu,kurumbapatti-zoological-park,"Kurumbapatti Zoological Park",Tamil Nadu,wildlife,4.6,2500
Tamil Nadu,ranjankudi-fort,"Ranjankudi Fort",Tamil Nadu,heritage,4.7,900
Tamil Nadu,kokarneswarar-temple-thirukokarnam,"Kokarneswarar Temple, Thirukokarnam",Tamil Nadu,spiritual,4.4,900
Tamil Nadu,thiruppudaimarudur,"Thiruppudaimarudur",Tamil Nadu,spiritual,4.3,900
Tamil Nadu,anniyur-agnipureeswarar-temple,"Anniyur Agnipureeswarar Temple",Tamil Nadu,spiritual,4.4,900
Tamil Nadu,aakkoor-thanthondreeswarar-temple,"Aakkoor Thanthondreeswarar Temple",Tamil Nadu,spiritual,4.2,900
Tamil Nadu,anniyur-abathsahayeswarar-temple,"Anniyur Abathsahayeswarar Temple",Tamil Nadu,spiritual,4.5,900
Tamil Nadu,korukkai-veeratteswarar-temple,"Korukkai Veeratteswarar Temple",Tamil Nadu,spiritual,4.6,900
Tamil Nadu,tirundudevankudi-karkadeswarar-temple,"Tirundudevankudi Karkadeswarar Temple",Tamil Nadu,spiritual,4.3,900
Tamil Nadu,tirunedunkulam-nedungalanathar-temple,"Tirunedunkulam Nedungalanathar Temple",Tamil Nadu,spiritual,4.4,900
Tamil Nadu,tirupandurai-sivanandeswarar-temple,"Tirupandurai Sivanandeswarar Temple",Tamil Nadu,spiritual,4.6,900
Tamil Nadu,tirupalli-mukkudal-tirunethranathar-temple,"Tirupalli Mukkudal Tirunethranathar Temple",Tamil Nadu,spiritual,4.5,900
Tamil Nadu,tirumanancheri-udhvaganathar-temple,"Tirumanancheri Udhvaganathar Temple",Tamil Nadu,spiritual,4.8,900
Tamil Nadu,thiruvattathurai-theerthapureeswarar-temple,"Thiruvattathurai Theerthapureeswarar Temple",Tamil Nadu,spiritual,4.4,900
Tamil Nadu,tiruvalaputhur-manickavannar-temple,"Tiruvalaputhur Manickavannar Temple",Tamil Nadu,spiritual,4.3,900
Tamil Nadu,tiruvirkudi-veerataneswarar-temple,"Tiruvirkudi Veerataneswarar Temple",Tamil Nadu,spiritual,4.1,900
Tamil Nadu,uchira-vaneswarar-temple,"Uchira Vaneswarar Temple",Tamil Nadu,spiritual,4.2,900
Tamil Nadu,arulmigu-prasanna-venkatesa-perumal-temple,"Arulmigu Prasanna Venkatesa Perumal Temple",Tamil Nadu,spiritual,4.5,900
Tamil Nadu,kuzhanthai-velappar-temple,"Kuzhanthai Velappar temple",Tamil Nadu,spiritual,4.3,900
Tamil Nadu,twin-temples-keezhaiyur,"Twin Temples, Keezhaiyur",Tamil Nadu,spiritual,4.8,900
Tamil Nadu,masilamaniswara-temple-thirumullaivoyal,"Masilamaniswara Temple, Thirumullaivoyal",Tamil Nadu,spiritual,4.2,900
Tamil Nadu,venni-karumbeswarar-temple,"Venni Karumbeswarar Temple",Tamil Nadu,spiritual,4.4,900
Tamil Nadu,piramanoor-kailasha-nathar-temple,"Piramanoor Kailasha Nathar Temple",Tamil Nadu,spiritual,4.7,900
Tamil Nadu,shri-pathirakali-mariamman-temple,"Shri Pathirakali Mariamman Temple",Tamil Nadu,spiritual,4.3,900
Tamil Nadu,chennai-om-sri-skandhashramam,"Chennai Om Sri Skandhashramam",Tamil Nadu,spiritual,4.4,900
Tamil Nadu,betrayaswamy-temple,"Betrayaswamy Temple",Tamil Nadu,spiritual,4.3,900
Tamil Nadu,ashtamsa-varadha-anjaneyar-temple,"Ashtamsa Varadha Anjaneyar Temple",Tamil Nadu,spiritual,4.5,900
Tamil Nadu,pratyangira-temple-hosur,"Pratyangira temple, Hosur",Tamil Nadu,spiritual,4.4,900
Tamil Nadu,kamakshi-amman-temple-mangadu,"Kamakshi Amman Temple, Mangadu",Tamil Nadu,spiritual,4.5,900
Tamil Nadu,kamakshi-amman-temple-saidapet,"Kamakshi Amman Temple, Saidapet",Tamil Nadu,spiritual,4.3,900
Tamil Nadu,rathnagiriswarar-temple-thirumarugal,"Rathnagiriswarar Temple,Thirumarugal",Tamil Nadu,spiritual,4.7,900
Tamil Nadu,ravishwarar-temple,"Ravishwarar Temple",Tamil Nadu,spiritual,4.3,900
Tamil Nadu,sri-navaladi-karuppannaswami-temple-mohanur,"Sri Navaladi Karuppannaswami Temple – Mohanur",Tamil Nadu,spiritual,4.7,900
Tamil Nadu,kaichinam-kaichineswarar-temple,"Kaichinam Kaichineswarar Temple",Tamil Nadu,spiritual,4.3,900
Tamil Nadu,kodi-kuzhagar-temple,"Kodi Kuzhagar Temple",Tamil Nadu,spiritual,4.5,900
Tamil Nadu,varadaraja-perumal-temple-shoolagiri,"Varadaraja Perumal Temple, Shoolagiri",Tamil Nadu,spiritual,4.3,900
Tamil Nadu,pallikonda-perumal-temple-malayadippatti,"Pallikonda Perumal Temple, Malayadippatti",Tamil Nadu,spiritual,4.3,900
Tamil Nadu,ekambaranathar-temple-tiruvekambathur,"Ekambaranathar Temple, Tiruvekambathur",Tamil Nadu,spiritual,4.7,900
Tamil Nadu,kundrathur-murugan-temple,"Kundrathur Murugan Temple",Tamil Nadu,spiritual,4.7,900
Tamil Nadu,pachaimalai-subramanya-swamy-temple,"Pachaimalai Subramanya Swamy Temple",Tamil Nadu,spiritual,4.2,900
Tamil Nadu,kanthaswamy-temple-cheyyur,"Kanthaswamy Temple, Cheyyur",Tamil Nadu,spiritual,4.3,900
Tamil Nadu,vijayaraghava-perumal-temple,"Vijayaraghava Perumal temple",Tamil Nadu,spiritual,4.4,900
Tamil Nadu,cherugudi-sukshmapureeswarar-temple,"Cherugudi Sukshmapureeswarar Temple",Tamil Nadu,spiritual,4.4,900
Tamil Nadu,tirumeeyachur-mehanadhar-temple,"Tirumeeyachur Mehanadhar Temple",Tamil Nadu,spiritual,4.7,900
Tamil Nadu,sathya-vageeswarar-temple-kalakkad,"Sathya Vageeswarar Temple, Kalakkad",Tamil Nadu,spiritual,4.7,900
Tamil Nadu,vaithya-lingam-temple,"Vaithya lingam temple",Tamil Nadu,spiritual,4.7,900
Tamil Nadu,vanniappar-temple,"Vanniappar Temple",Tamil Nadu,spiritual,4.2,900
Tamil Nadu,our-lady-of-snows,"Our Lady of Snows",Tamil Nadu,hill_station,4.2,1200
Tamil Nadu,arjuneswarar,"Arjuneswarar",Tamil Nadu,spiritual,4.3,900
Tamil Nadu,vishamangalesvarar-temple-thudaiyur,"Vishamangalesvarar Temple, Thudaiyur",Tamil Nadu,spiritual,4.3,900
Tamil Nadu,sukreeswarar-temple,"Sukreeswarar temple",Tamil Nadu,spiritual,4.5,900
Tamil Nadu,agasteeswarar-temple-kolapakkam,"Agasteeswarar Temple, Kolapakkam",Tamil Nadu,spiritual,4.7,900
Tamil Nadu,badhri-narayanan-temple,"Badhri Narayanan temple",Tamil Nadu,spiritual,4.2,900
Tamil Nadu,brahmapureeswarar-temple,"Brahmapureeswarar Temple",Tamil Nadu,spiritual,4.8,900
Tamil Nadu,ganga-jadadisvarar-temple,"Ganga Jadadisvarar Temple",Tamil Nadu,spiritual,4.5,900
Tamil Nadu,garbharakshambigai-temple,"Garbharakshambigai temple",Tamil Nadu,spiritual,4.4,900
Tamil Nadu,kalahastiswamy-temple-uthamapalayam,"Kalahastiswamy Temple, Uthamapalayam",Tamil Nadu,spiritual,4.7,900
Tamil Nadu,tirusoolanathar-temple,"Tirusoolanathar Temple",Tamil Nadu,spiritual,4.1,900
Tamil Nadu,semponarkoil-swarnapureeswarar-temple,"Semponarkoil Swarnapureeswarar Temple",Tamil Nadu,spiritual,4.1,900
Tamil Nadu,vilamal-pathanchali-manoharar-temple,"Vilamal Pathanchali Manoharar Temple",Tamil Nadu,spiritual,4.3,900
Tamil Nadu,tirunaarayur-soundaryeswarar-temple,"Tirunaarayur Soundaryeswarar Temple",Tamil Nadu,spiritual,4.6,900
Tamil Nadu,egowri-amman-temple-vallam,"Egowri Amman Temple, Vallam",Tamil Nadu,spiritual,4.6,900
Tamil Nadu,st-antony-s-church-chemmanvilai,"St. Antony's Church, Chemmanvilai",Tamil Nadu,spiritual,4.6,900
Tamil Nadu,christ-church-salem,"Christ Church, Salem",Tamil Nadu,spiritual,4.3,900
Tamil Nadu,ringeltaube-vethamonikam-memorial-church-mylaudy,"Ringeltaube Vethamonikam Memorial Church, Mylaudy",Tamil Nadu,spiritual,4.2,900
Tamil Nadu,st-mary-s-basilica,"St. Mary's Basilica",Tamil Nadu,spiritual,4.7,900
Tamil Nadu,balasubramaniyaswamy-temple,"Balasubramaniyaswamy Temple",Tamil Nadu,spiritual,4.2,900
Tamil Nadu,st-joseph-shrine-panagudi,"St. Joseph Shrine, Panagudi",Tamil Nadu,spiritual,4.5,900
Tamil Nadu,jain-temple-mettupudur,"Jain temple, Mettupudur",Tamil Nadu,spiritual,4.1,900
Tamil Nadu,poondi-arugar-temple,"Poondi Arugar Temple",Tamil Nadu,spiritual,4.3,900
Tamil Nadu,irumbai-mahaleswarar-temple,"Irumbai Mahaleswarar Temple",Tamil Nadu,spiritual,4.6,900
Tamil Nadu,kothandaramaswami-temple-nandambakkam,"Kothandaramaswami Temple, Nandambakkam",Tamil Nadu,spiritual,4.5,900
Tamil Nadu,holy-trinity-cathedral-palayamkottai,"Holy Trinity Cathedral, Palayamkottai",Tamil Nadu,spiritual,4.3,900
Tamil Nadu,koranganatha-temple,"Koranganatha Temple",Tamil Nadu,spiritual,4.3,900
Tamil Nadu,rajagopala-perumal-temple,"Rajagopala Perumal Temple",Tamil Nadu,spiritual,4.2,900
Tamil Nadu,othandeeswarar-temple,"Othandeeswarar temple",Tamil Nadu,spiritual,4.7,900
Tamil Nadu,parthasarathy-temple-parthivapuram,"Parthasarathy temple, Parthivapuram",Tamil Nadu,spiritual,4.1,900
Tamil Nadu,kodandaramaswamy-temple-ayodhyapatinam,"Kodandaramaswamy Temple, Ayodhyapatinam",Tamil Nadu,spiritual,4.2,900
Tamil Nadu,cauvery-north-wildlife-sanctuary,"Cauvery North Wildlife Sanctuary",Tamil Nadu,wildlife,4.7,2500
Tamil Nadu,kallaperambur-lake-bird-sanctuary,"Kallaperambur Lake Bird Sanctuary",Tamil Nadu,wildlife,4.4,2500
Tamil Nadu,melaselvanur-kilaselvanur-bird-sanctuary,"Melaselvanur-Kilaselvanur Bird Sanctuary",Tamil Nadu,wildlife,4.3,2500
Tamil Nadu,gangaikondan-spotted-deer-sanctuary,"Gangaikondan Spotted Deer Sanctuary",Tamil Nadu,wildlife,4.5,2500
Tamil Nadu,kazhuveli-bird-sanctuary,"Kazhuveli Bird Sanctuary",Tamil Nadu,wildlife,4.6,2500
Tamil Nadu,nanjarayan-tank-bird-sanctuary,"Nanjarayan Tank Bird Sanctuary",Tamil Nadu,wildlife,4.5,2500
Tamil Nadu,sakkarakottai-bird-sanctuary,"Sakkarakottai Bird Sanctuary",Tamil Nadu,wildlife,4.3,2500
Tamil Nadu,frog-hill-view-point,"Frog Hill View Point",Tamil Nadu,heritage,4.4,900
Tamil Nadu,droog-fort,"Droog Fort",Tamil Nadu,heritage,4.4,900
Tamil Nadu,anchettidurgam,"Anchettidurgam",Tamil Nadu,heritage,4.4,900
Tamil Nadu,tangrakottai,"Tangrakottai",Tamil Nadu,heritage,4.1,900
Tamil Nadu,sivaganga-palace,"Sivaganga Palace",Tamil Nadu,heritage,4.5,900
Tamil Nadu,vanmeekanathar-temple-tiruvetriyur,"Vanmeekanathar Temple, Tiruvetriyur",Tamil Nadu,spiritual,4.8,900
Tamil Nadu,thiruthaleeshwarar-temple,"Thiruthaleeshwarar Temple",Tamil Nadu,spiritual,4.2,900
Tamil Nadu,velveeswarar-temple,"Velveeswarar Temple",Tamil Nadu,spiritual,4.3,900
Tamil Nadu,aridwaramangalam-padaleswarar-temple,"Aridwaramangalam Padaleswarar Temple",Tamil Nadu,spiritual,4.3,900
Tamil Nadu,pereyil-jagadeeswarar-temple,"Pereyil Jagadeeswarar Temple",Tamil Nadu,spiritual,4.5,900
Tamil Nadu,omampuliyur-thuyartheertanathar-temple,"Omampuliyur Thuyartheertanathar Temple",Tamil Nadu,spiritual,4.7,900
Tamil Nadu,thiruengoimalai-maragadachaleswarar-temple,"Thiruengoimalai Maragadachaleswarar Temple",Tamil Nadu,spiritual,4.5,900
Tamil Nadu,siruvapuri-sri-balasubrahmanyam-temple,"Siruvapuri Sri Balasubrahmanyam temple",Tamil Nadu,spiritual,4.5,900
Tamil Nadu,kosavalasu-bhagavan-temple,"Kosavalasu Bhagavan Temple",Tamil Nadu,spiritual,4.5,900
Tamil Nadu,manikarnikeswarar-temple,"Manikarnikeswarar Temple",Tamil Nadu,spiritual,4.2,900
Tamil Nadu,kothandarama-temple-thillaivilagam,"Kothandarama Temple, Thillaivilagam",Tamil Nadu,spiritual,4.2,900
Tamil Nadu,natadreeswarar-temple,"Natadreeswarar Temple",Tamil Nadu,spiritual,4.2,900
Tamil Nadu,agastheesvarar-temple-kuzhaiyur,"Agastheesvarar Temple, Kuzhaiyur",Tamil Nadu,spiritual,4.2,900
Tamil Nadu,soundareswararswamy-temple-thiruppanaiyur,"Soundareswararswamy Temple, Thiruppanaiyur",Tamil Nadu,spiritual,4.2,900
Tamil Nadu,karpaganatharkulam-karpaganathar-temple,"Karpaganatharkulam Karpaganathar Temple",Tamil Nadu,spiritual,4.5,900
Tamil Nadu,kottur-kozhundeeswarar-temple,"Kottur Kozhundeeswarar Temple",Tamil Nadu,spiritual,4.2,900
Tamil Nadu,kanattampuliyur-pathanchalinathar-temple,"Kanattampuliyur Pathanchalinathar Temple",Tamil Nadu,spiritual,4.6,900
Tamil Nadu,sivankoil-raja-raja-choleshwar-mahadevar-temple,"Sivankoil (Raja Raja Choleshwar Mahadevar Temple)",Tamil Nadu,spiritual,4.2,900
Tamil Nadu,sri-perungaraiyadi-meenda-ayyanar-temple,"Sri Perungaraiyadi Meenda Ayyanar Temple",Tamil Nadu,spiritual,4.2,900
Tamil Nadu,alavaimalai-subrayar-murugan-temple,"Alavaimalai Subrayar Murugan Temple",Tamil Nadu,spiritual,4.4,900
Tamil Nadu,thandayuthapani-temples-chettikulam,"Thandayuthapani Temples, Chettikulam",Tamil Nadu,spiritual,4.2,900
Tamil Nadu,therazhundur-vedapureeswarar-temple,"Therazhundur Vedapureeswarar Temple",Tamil Nadu,spiritual,4.1,900
Tamil Nadu,pariyur-kondathu-kaliamman,"Pariyur Kondathu Kaliamman",Tamil Nadu,spiritual,4.5,900
Tamil Nadu,ambal-brahmapureeswarar-temple,"Ambal Brahmapureeswarar Temple",Tamil Nadu,spiritual,4.7,900
Tamil Nadu,karapuranathar-temple,"Karapuranathar Temple",Tamil Nadu,spiritual,4.6,900
Tamil Nadu,prasanna-venkatachalapathi-temple-thuraiyur,"Prasanna Venkatachalapathi Temple, Thuraiyur",Tamil Nadu,spiritual,4.6,900
Tamil Nadu,singamadai-ayyanar-temple-nalli,"Singamadai Ayyanar Temple, Nalli",Tamil Nadu,spiritual,4.2,900
Tamil Nadu,paridiniyamam-parithiappar-temple,"Paridiniyamam Parithiappar Temple",Tamil Nadu,spiritual,4.5,900
Tamil Nadu,tirukkollikkadu-agneeswarar-temple,"Tirukkollikkadu Agneeswarar Temple",Tamil Nadu,spiritual,4.6,900
Tamil Nadu,patcheeswarar-temple,"Patcheeswarar temple",Tamil Nadu,spiritual,4.4,900
Tamil Nadu,veeramakaliamman-temple-arantangi,"Veeramakaliamman Temple, Arantangi",Tamil Nadu,spiritual,4.5,900
Tamil Nadu,peravallur-sundararaja-perumal-temple,"Peravallur Sundararaja Perumal Temple",Tamil Nadu,spiritual,4.2,900
Tamil Nadu,virundeeswarar-temple,"Virundeeswarar Temple",Tamil Nadu,spiritual,4.2,900
Tamil Nadu,st-peter-s-church-royapuram,"St. Peter's Church, Royapuram",Tamil Nadu,spiritual,4.6,900
Tamil Nadu,wesley-church-egmore,"Wesley Church, Egmore",Tamil Nadu,spiritual,4.6,900
Tamil Nadu,brough-memorial-church,"Brough Memorial Church",Tamil Nadu,spiritual,4.5,900
Tamil Nadu,rudrakodisvarar-temple-sempankudi,"Rudrakodisvarar Temple, Sempankudi",Tamil Nadu,spiritual,4.8,900
Tamil Nadu,thinthirineesvarar-temple-tindivanam,"Thinthirineesvarar Temple, Tindivanam",Tamil Nadu,spiritual,4.4,900
Tamil Nadu,saint-paul-church-mela-ilandaikulam,"Saint Paul Church, Mela Ilandaikulam",Tamil Nadu,spiritual,4.6,900
Tamil Nadu,st-stephen-s-church-kombuthurai,"St. Stephen's Church, Kombuthurai",Tamil Nadu,spiritual,4.3,900
Tamil Nadu,deepanayakaswamy-jain-temple-deepankudi,"Deepanayakaswamy Jain Temple, Deepankudi",Tamil Nadu,spiritual,4.2,900
Tamil Nadu,abaya-hastha-swayambu-sri-lakshmi-narasimha-swamy-temple-agaram-village-hosur,"Abaya Hastha Swayambu Sri Lakshmi Narasimha Swamy Temple, Agaram Village, Hosur",Tamil Nadu,spiritual,4.7,900
Tamil Nadu,karaikandeswarar-temple-kanji,"Karaikandeswarar temple, Kanji",Tamil Nadu,spiritual,4.1,900
Tamil Nadu,nallur-sundara-varadharaja-perumal-temple,"Nallur Sundara Varadharaja Perumal Temple",Tamil Nadu,spiritual,4.4,900
Tamil Nadu,tholudur-madhurantaka-choleswarar,"Tholudur Madhurantaka Choleswarar",Tamil Nadu,spiritual,4.6,900
Tamil Nadu,saccidananda-ashram,"Saccidananda Ashram",Tamil Nadu,heritage,4.2,900
Tamil Nadu,basilica-of-st-john-de-britto,"Basilica of St. John de Britto",Tamil Nadu,spiritual,4.6,900
Tamil Nadu,sri-varadharaja-perumal-kovil,"Sri Varadharaja Perumal Kovil",Tamil Nadu,spiritual,4.8,900
Tamil Nadu,subrahmanya-temple-perambur,"Subrahmanya Temple, Perambur",Tamil Nadu,spiritual,4.1,900
Tamil Nadu,therthangal-bird-sanctuary,"Therthangal Bird Sanctuary",Tamil Nadu,wildlife,4.4,2500
Tamil Nadu,venugopalaswami-temple-kaliappettai,"Venugopalaswami Temple, Kaliappettai",Tamil Nadu,spiritual,4.2,900
Tamil Nadu,vishahareswara-temple,"Vishahareswara Temple",Tamil Nadu,spiritual,4.4,900
Tamil Nadu,sri-rajagopala-swamy-temple,"Sri Rajagopala Swamy temple",Tamil Nadu,spiritual,4.8,900
Tamil Nadu,pathrakaliamman-temple,"Pathrakaliamman Temple",Tamil Nadu,spiritual,4.5,900
Tamil Nadu,mavoothu-vellappar-temple,"Mavoothu Vellappar Temple",Tamil Nadu,spiritual,4.2,900
Tamil Nadu,mariamman-temple-irukkankudi,"Mariamman Temple, Irukkankudi",Tamil Nadu,spiritual,4.6,900
Tamil Nadu,sri-sengazhuneer-amman-temple,"Sri Sengazhuneer Amman Temple",Tamil Nadu,spiritual,4.4,900
Tamil Nadu,alappancode-easwara-kala-bhoothathan-temple,"Alappancode Easwara Kala Bhoothathan Temple",Tamil Nadu,spiritual,4.2,900
Tamil Nadu,st-francis-xavier-church-kethanahalli,"St. Francis Xavier Church, Kethanahalli",Tamil Nadu,spiritual,4.3,900
Tamil Nadu,our-lady-of-mount-carmel-church-b-pallipatti,"Our Lady of Mount Carmel Church, B Pallipatti",Tamil Nadu,spiritual,4.7,900
Tamil Nadu,vinnarasi-madha-church-gopasandiram,"Vinnarasi Madha Church, Gopasandiram",Tamil Nadu,spiritual,4.6,900
Tamil Nadu,st-joseph-church-kathanpallam,"St. Joseph Church, Kathanpallam",Tamil Nadu,spiritual,4.7,900
Tamil Nadu,thirumanangeeswarar-temple,"Thirumanangeeswarar Temple",Tamil Nadu,spiritual,4.2,900
Tamil Nadu,elai-kaatha-amman-temple,"Elai Kaatha Amman Temple",Tamil Nadu,spiritual,4.6,900
Tamil Nadu,podhu-aavudayar-temple,"Podhu Aavudayar Temple",Tamil Nadu,spiritual,4.8,900
Tamil Nadu,c-s-i-ellis-memorial-church,"C.S.I Ellis Memorial Church",Tamil Nadu,spiritual,4.5,900
Tamil Nadu,our-lady-of-rosary-church-kallakurichi,"Our Lady of Rosary Church, Kallakurichi",Tamil Nadu,spiritual,4.6,900
Tamil Nadu,our-lady-of-fatima-church-krishnagiri,"Our Lady of Fatima Church, Krishnagiri",Tamil Nadu,spiritual,4.6,900
Tamil Nadu,our-lady-of-presentation-church-mathapuram,"Our Lady of Presentation Church, Mathapuram",Tamil Nadu,spiritual,4.3,900
Tamil Nadu,our-lady-of-good-health-church-mathigiri,"Our Lady of Good Health Church, Mathigiri",Tamil Nadu,spiritual,4.5,900
Tamil Nadu,queen-of-angels-church-kadagathur,"Queen of Angels Church, Kadagathur",Tamil Nadu,spiritual,4.8,900
Tamil Nadu,somanatha-pashana-lingeswarar-temple-timiri,"Somanatha Pashana Lingeswarar Temple, Timiri",Tamil Nadu,spiritual,4.4,900
Tamil Nadu,st-john-s-cathedral-nazareth,"St. John's Cathedral, Nazareth",Tamil Nadu,heritage,4.7,900
Tamil Nadu,adaikkala-madha-shrine-elakurichi,"Adaikkala Madha Shrine, Elakurichi",Tamil Nadu,spiritual,4.4,900
Tehri Garhwal,dhanaulti,"Dhanaulti",Uttarakhand,hillstation,4.7,2200
Telangana,ramappa-temple,"Ramappa Temple",Telangana,spiritual,4.6,900
Telangana,ramoji-film-city,"Ramoji Film City",Telangana,heritage,4.2,900
Telangana,falaknuma-palace,"Falaknuma Palace",Telangana,heritage,4.4,900
Telangana,chowmahalla-palace,"Chowmahalla Palace",Telangana,heritage,4.5,900
Telangana,mahavir-harina-vanasthali-national-park,"Mahavir Harina Vanasthali National Park",Telangana,wildlife,4.3,2500
Telangana,kasu-brahmananda-reddy-national-park,"Kasu Brahmananda Reddy National Park",Telangana,wildlife,4.2,2500
Telangana,birla-mandir-hyderabad,"Birla Mandir, Hyderabad",Telangana,spiritual,4.2,900
Telangana,basilica-of-our-lady-of-the-assumption-secunderabad,"Basilica of Our Lady of the Assumption, Secunderabad",Telangana,spiritual,4.7,900
Telangana,thousand-pillar-temple,"Thousand Pillar Temple",Telangana,spiritual,4.4,900
Telangana,warangal-fort,"Warangal Fort",Telangana,heritage,4.5,900
Telangana,gnana-saraswati-temple,"Gnana Saraswati Temple",Telangana,spiritual,4.5,900
Telangana,bhadrachalam-temple,"Bhadrachalam Temple",Telangana,spiritual,4.8,900
Telangana,yadagirigutta-temple,"Yadagirigutta Temple",Telangana,spiritual,4.5,900
Telangana,karmanghat-hanuman-temple,"Karmanghat Hanuman Temple",Telangana,spiritual,4.2,900
Telangana,nizamia-observatory,"Nizamia observatory",Telangana,heritage,4.5,900
Telangana,chaya-someswara-swamy-temple,"Chaya Someswara Swamy temple",Telangana,spiritual,4.6,900
Telangana,wargal-saraswati-temple,"Wargal Saraswati Temple",Telangana,spiritual,4.4,900
Telangana,chilkur-balaji-temple,"Chilkur Balaji Temple",Telangana,spiritual,4.8,900
Telangana,hyderabad-kalibari,"Hyderabad Kalibari",Telangana,spiritual,4.2,900
Telangana,pranahita-wildlife-sanctuary,"Pranahita Wildlife Sanctuary",Telangana,wildlife,4.3,2500
Telangana,kawal-wildlife-sanctuary,"Kawal Wildlife Sanctuary",Telangana,wildlife,4.6,2500
Telangana,asman-garh-palace,"Asman Garh Palace",Telangana,heritage,4.2,900
Telangana,bhongir-fort,"Bhongir Fort",Telangana,heritage,4.7,900
Telangana,medak-fort,"Medak Fort",Telangana,heritage,4.4,900
Telangana,alampur-navabrahma-temples,"Alampur Navabrahma Temples",Telangana,spiritual,4.3,900
Telangana,kulpakji,"Kulpakji",Telangana,spiritual,4.7,900
Telangana,ashtalakshmi-temple-hyderabad,"Ashtalakshmi Temple, Hyderabad",Telangana,spiritual,4.1,900
Telangana,sitaram-bagh-temple,"Sitaram Bagh temple",Telangana,spiritual,4.7,900
Telangana,khammam-fort,"Khammam Fort",Telangana,heritage,4.6,900
Telangana,sri-dubba-rajeshwara-swamy-temple,"Sri Dubba Rajeshwara Swamy Temple",Telangana,spiritual,4.4,900
Telangana,kaleshwara-mukteswara-swamy-temple,"Kaleshwara Mukteswara Swamy Temple",Telangana,spiritual,4.3,900
Telangana,erakeswara-temple-pillalamarri,"Erakeswara Temple, Pillalamarri",Telangana,spiritual,4.5,900
Telangana,ananthagiri-temple,"Ananthagiri Temple",Telangana,spiritual,4.6,900
Telangana,shivaram-wildlife-sanctuary,"Shivaram Wildlife Sanctuary",Telangana,wildlife,4.4,2500
Telangana,pakhal-wildlife-sanctuary,"Pakhal Wildlife Sanctuary",Telangana,wildlife,4.5,2500
Telangana,gayatri-waterfalls,"Gayatri Waterfalls",Telangana,heritage,4.7,900
Telangana,buddhavanam,"Buddhavanam",Telangana,heritage,4.5,900
Telangana,elgandal-fort,"Elgandal Fort",Telangana,heritage,4.3,900
Telangana,gandhari-khilla,"Gandhari khilla",Telangana,heritage,4.7,900
Telangana,ramagiri-fort,"Ramagiri Fort",Telangana,heritage,4.7,900
Telangana,ramalingeswara-temple-nandikandi,"Ramalingeswara Temple, Nandikandi",Telangana,spiritual,4.3,900
Telangana,holy-trinity-church-bolarum,"Holy Trinity Church, Bolarum",Telangana,spiritual,4.4,900
Telangana,komrelly-mallanna-temple,"Komrelly Mallanna Temple",Telangana,spiritual,4.5,900
Telangana,neelakanteshwara-temple,"Neelakanteshwara temple",Telangana,spiritual,4.2,900
Telangana,saraswathi-kshetramu-ananthasagar,"Saraswathi Kshetramu, Ananthasagar",Telangana,spiritual,4.3,900
Telangana,sri-raja-rajeshwara-temple,"Sri Raja Rajeshwara temple",Telangana,spiritual,4.5,900
Telangana,sri-trilinga-sanghameshwara-swamy-temple,"Sri Trilinga Sanghameshwara swamy temple",Telangana,spiritual,4.2,900
Telangana,jamalapuram-temple,"Jamalapuram Temple",Telangana,spiritual,4.8,900
Telangana,sri-ranganayaka-swamy-temple,"Sri Ranganayaka Swamy Temple",Telangana,spiritual,4.6,900
Telangana,kota-gullu,"Kota Gullu",Telangana,spiritual,4.5,900
Telangana,dichpally-ramalayam,"Dichpally Ramalayam",Telangana,spiritual,4.3,900
Telangana,katta-maisamma-temple,"Katta Maisamma temple",Telangana,spiritual,4.4,900
Telangana,national-fisheries-development-board-building,"National Fisheries Development Board building",Telangana,heritage,4.5,900
Telangana,osmania-arts-college,"Osmania Arts College",Telangana,heritage,4.2,900
Thar Desert,jaisalmer,"Jaisalmer",Rajasthan,heritage,4.6,500
Thar Desert,bikaner,"Bikaner",Rajasthan,heritage,4.3,900
Thiruvananthapuram,kovalam,"Kovalam",Kerala,beach,4.4,1200
Tirumala Hills,tirupati,"Tirupati",Andhra Pradesh,spiritual,4.6,900
Trans-Himalayas,ladakh,"Ladakh",Ladakh,adventure,4.9,400
Trans-Himalayas,spiti,"Spiti Valley",Himachal Pradesh,adventure,4.8,700
Tripura,tripura-sundari-temple,"Tripura Sundari Temple",Tripura,spiritual,4.7,900
Tripura,sepahijala-wildlife-sanctuary,"Sepahijala Wildlife Sanctuary",Tripura,wildlife,4.8,2500
Tripura,st-francis-xavier-cathedral-agartala,"St. Francis Xavier Cathedral, Agartala",Tripura,heritage,4.3,900
Tripura,rajbari-national-park,"Rajbari National Park",Tripura,wildlife,4.7,2500
Tripura,trishna-wildlife-sanctuary,"Trishna Wildlife Sanctuary",Tripura,wildlife,4.7,2500
Tripura,lakshmi-narayan-temple-agartala,"Lakshmi Narayan Temple, Agartala",Tripura,spiritual,4.6,900
Tripura,bhubaneswari-temple,"Bhubaneswari Temple",Tripura,spiritual,4.8,900
Tripura,rowa-wildlife-sanctuary,"Rowa Wildlife Sanctuary",Tripura,wildlife,4.6,2500
Tripura,chaturdasha-temple,"Chaturdasha Temple",Tripura,spiritual,4.6,900
Tripura,kasbeswari-kali-mata,"Kasbeswari Kali Mata",Tripura,spiritual,4.3,900
Udhampur,patnitop,"Patnitop",Jammu & Kashmir,hill_station,4.2,1300
Umaria,bandhavgarh,"Bandhavgarh",Madhya Pradesh,wildlife,4.6,3000
Unakoti District,unakoti,"Unakoti",Tripura,heritage,4.8,1600
Uttar Pradesh,fatehpur-sikri,"Fatehpur Sikri",Uttar Pradesh,heritage,4.4,900
Uttar Pradesh,agra-fort,"Agra Fort",Uttar Pradesh,heritage,4.3,900
Uttar Pradesh,ram-mandir,"Ram Mandir",Uttar Pradesh,spiritual,4.7,900
Uttar Pradesh,kashi-vishwanath-temple,"Kashi Vishwanath Temple",Uttar Pradesh,spiritual,4.2,900
Uttar Pradesh,pilibhit-tiger-reserve,"Pilibhit Tiger Reserve",Uttar Pradesh,wildlife,4.4,2500
Uttar Pradesh,dudhwa-national-park,"Dudhwa National Park",Uttar Pradesh,wildlife,4.7,2500
Uttar Pradesh,dashavatara-temple-deogarh,"Dashavatara Temple, Deogarh",Uttar Pradesh,spiritual,4.8,900
Uttar Pradesh,khusro-bagh,"Khusro Bagh",Uttar Pradesh,heritage,4.6,900
Uttar Pradesh,allahabad-fort,"Allahabad Fort",Uttar Pradesh,heritage,4.8,900
Uttar Pradesh,krishna-janmasthan-temple-complex,"Krishna Janmasthan Temple Complex",Uttar Pradesh,spiritual,4.5,900
Uttar Pradesh,banke-bihari-temple,"Banke Bihari Temple",Uttar Pradesh,spiritual,4.4,900
Uttar Pradesh,new-vishwanath-temple,"New Vishwanath Temple",Uttar Pradesh,spiritual,4.7,900
Uttar Pradesh,basilica-of-our-lady-of-graces,"Basilica of Our Lady of Graces",Uttar Pradesh,spiritual,4.8,900
Uttar Pradesh,sikandar-bagh,"Sikandar Bagh",Uttar Pradesh,heritage,4.3,900
Uttar Pradesh,bakhira-sanctuary,"Bakhira Sanctuary",Uttar Pradesh,wildlife,4.3,2500
Uttar Pradesh,nawabganj-bird-sanctuary,"Nawabganj Bird Sanctuary",Uttar Pradesh,wildlife,4.6,2500
Uttar Pradesh,gorakhnath-math,"Gorakhnath Math",Uttar Pradesh,spiritual,4.8,900
Uttar Pradesh,radha-raman-temple,"Radha Raman Temple",Uttar Pradesh,spiritual,4.8,900
Uttar Pradesh,shri-naimishnath-vishnu-temple,"Shri Naimishnath Vishnu Temple",Uttar Pradesh,spiritual,4.5,900
Uttar Pradesh,sri-radha-rani-temple,"Śrī Rādhā Rānī Temple",Uttar Pradesh,spiritual,4.3,900
Uttar Pradesh,jhansi-fort,"Jhansi Fort",Uttar Pradesh,heritage,4.7,900
Uttar Pradesh,chunar-fort,"Chunar Fort",Uttar Pradesh,heritage,4.6,900
Uttar Pradesh,garhwa-fort,"Garhwa Fort",Uttar Pradesh,heritage,4.7,900
Uttar Pradesh,samaspur-sanctuary,"Samaspur Sanctuary",Uttar Pradesh,wildlife,4.4,2500
Uttar Pradesh,etawah-safari-park,"Etawah Safari Park",Uttar Pradesh,heritage,4.2,900
Uttar Pradesh,baba-gangeshwarnath-dham,"Baba Gangeshwarnath Dham",Uttar Pradesh,spiritual,4.3,900
Uttar Pradesh,guru-ka-tal,"Guru ka Tal",Uttar Pradesh,heritage,4.4,900
Uttar Pradesh,lodheshwar-mahadev-mandir,"Lodheshwar Mahadev Mandir",Uttar Pradesh,spiritual,4.7,900
Uttar Pradesh,tiruvaaippadi,"Tiruvaaippadi",Uttar Pradesh,spiritual,4.2,900
Uttar Pradesh,chandrawati-jain-temple,"Chandrawati Jain temple",Uttar Pradesh,spiritual,4.8,900
Uttar Pradesh,swarved-mahamandir,"Swarved Mahamandir",Uttar Pradesh,spiritual,4.2,900
Uttar Pradesh,hastinapur-sanctuary,"Hastinapur Sanctuary",Uttar Pradesh,wildlife,4.2,2500
Uttar Pradesh,okhla-sanctuary,"Okhla Sanctuary",Uttar Pradesh,wildlife,4.8,2500
Uttar Pradesh,kaimoor-sanctuary,"Kaimoor Sanctuary",Uttar Pradesh,wildlife,4.3,2500
Uttar Pradesh,shaheed-ashfaq-ullah-khan-prani-udyan,"Shaheed Ashfaq Ullah Khan Prani Udyan",Uttar Pradesh,wildlife,4.5,2500
Uttar Pradesh,shahi-qila,"Shahi Qila",Uttar Pradesh,heritage,4.3,900
Uttar Pradesh,vijaygarh-fort,"Vijaygarh Fort",Uttar Pradesh,heritage,4.5,900
Uttar Pradesh,sita-samahit-sthal,"Sita Samahit Sthal",Uttar Pradesh,spiritual,4.2,900
Uttar Pradesh,kanpur-memorial-church,"Kanpur Memorial Church",Uttar Pradesh,spiritual,4.5,900
Uttar Pradesh,all-saints-garrison-church-lucknow,"All Saints Garrison Church, Lucknow",Uttar Pradesh,spiritual,4.7,900
Uttar Pradesh,chandrika-devi-temple-lucknow,"Chandrika Devi Temple, Lucknow",Uttar Pradesh,spiritual,4.3,900
Uttar Pradesh,jambudweep,"Jambudweep",Uttar Pradesh,spiritual,4.5,900
Uttar Pradesh,ramrekha-mandir,"Ramrekha Mandir",Uttar Pradesh,spiritual,4.6,900
Uttar Pradesh,bada-gaon-temple,"Bada Gaon temple",Uttar Pradesh,spiritual,4.4,900
Uttar Pradesh,sheetala-chaukia-dham-mandir-jaunpur,"Sheetala Chaukia Dham Mandir Jaunpur",Uttar Pradesh,spiritual,4.4,900
Uttar Pradesh,parhul-devi-temple,"Parhul Devi Temple",Uttar Pradesh,spiritual,4.5,900
Uttar Pradesh,ved-mata-gaytri-mandir,"Ved Mata Gaytri Mandir",Uttar Pradesh,spiritual,4.3,900
Uttar Pradesh,valmiki-ashram,"Valmiki Ashram",Uttar Pradesh,spiritual,4.8,900
Uttar Pradesh,sandi-bird-sanctuary,"Sandi Bird Sanctuary",Uttar Pradesh,wildlife,4.2,2500
Uttar Pradesh,vijai-sagar-sanctuary,"Vijai Sagar Sanctuary",Uttar Pradesh,wildlife,4.6,2500
Uttar Pradesh,parvati-arga-bird-sanctuary,"Parvati Arga Bird Sanctuary",Uttar Pradesh,wildlife,4.1,2500
Uttar Pradesh,portuguese-cemetery,"Portuguese Cemetery",Uttar Pradesh,heritage,4.2,900
Uttar Pradesh,fort-ruhya,"Fort Ruhya",Uttar Pradesh,heritage,4.4,900
Uttar Pradesh,hathras-fort,"Hathras Fort",Uttar Pradesh,heritage,4.7,900
Uttar Pradesh,kuchesar-fort,"Kuchesar Fort",Uttar Pradesh,heritage,4.2,900
Uttar Pradesh,vahelna-jain-temple,"Vahelna Jain temple",Uttar Pradesh,spiritual,4.3,900
Uttar Pradesh,sarnath-jain-tirth,"Sarnath Jain Tirth",Uttar Pradesh,spiritual,4.4,900
Uttar Pradesh,shobhnath-temple,"Shobhnath temple",Uttar Pradesh,spiritual,4.4,900
Uttar Pradesh,daan-ghati,"Daan-Ghati",Uttar Pradesh,spiritual,4.3,900
Uttar Pradesh,st-john-s-church-meerut,"St. John's Church, Meerut",Uttar Pradesh,spiritual,4.7,900
Uttar Pradesh,sacred-heart-church,"Sacred Heart Church",Uttar Pradesh,spiritual,4.5,900
Uttar Pradesh,jarai-ka-math,"Jarai-ka-Math",Uttar Pradesh,spiritual,4.7,900
Uttar Pradesh,belha-devi-temple,"Belha Devi Temple",Uttar Pradesh,spiritual,4.4,900
Uttar Pradesh,neelkantheshwar,"Neelkantheshwar",Uttar Pradesh,spiritual,4.4,900
Uttar Pradesh,vandevi-temple,"Vandevi Temple",Uttar Pradesh,spiritual,4.5,900
Uttar Pradesh,patna-bird-sanctuary,"Patna Bird Sanctuary",Uttar Pradesh,wildlife,4.4,2500
Uttar Pradesh,shekha-bird-sanctuary,"Shekha Bird Sanctuary",Uttar Pradesh,wildlife,4.6,2500
Uttar Pradesh,surha-tal-bird-sanctuary,"Surha Tal Bird Sanctuary",Uttar Pradesh,wildlife,4.6,2500
Uttar Pradesh,saman-bird-sanctuary,"Saman Bird Sanctuary",Uttar Pradesh,wildlife,4.1,2500
Uttar Pradesh,fatehgarh-fort,"Fatehgarh Fort",Uttar Pradesh,heritage,4.6,900
Uttar Pradesh,st-mary-s-church-noida,"St. Mary's Church, Noida",Uttar Pradesh,spiritual,4.3,900
Uttar Pradesh,renukeshwar-mahadev-temple,"Renukeshwar Mahadev Temple",Uttar Pradesh,spiritual,4.7,900
Uttar Pradesh,chauharjan-devi-temple,"Chauharjan Devi Temple",Uttar Pradesh,spiritual,4.7,900
Uttar Pradesh,maa-kaali-and-bhagwan-shankar-temple,"Maa Kaali & Bhagwan Shankar Temple",Uttar Pradesh,spiritual,4.2,900
Uttar Pradesh,gomateshwar-mahadev-temple-kerakat,"Gomateshwar Mahadev Temple,Kerakat",Uttar Pradesh,spiritual,4.1,900
Uttar Pradesh,sri-aastik-swami-mandir-raebareli,"Sri Aastik Swami Mandir, Raebareli",Uttar Pradesh,spiritual,4.2,900
Uttarakhand,valley-of-flowers-national-park,"Valley of Flowers National Park",Uttarakhand,wildlife,4.4,2500
Uttarakhand,nanda-devi-national-park,"Nanda Devi National Park",Uttarakhand,wildlife,4.7,2500
Uttarakhand,kedarnath-temple,"Kedarnath Temple",Uttarakhand,spiritual,4.5,900
Uttarakhand,badrinath-temple,"Badrinath Temple",Uttarakhand,spiritual,4.7,900
Uttarakhand,nanda-devi-and-valley-of-flowers-national-parks,"Nanda Devi and Valley of Flowers National Parks",Uttarakhand,wildlife,4.3,2500
Uttarakhand,gauri-kund,"Gauri Kund",Uttarakhand,spiritual,4.3,900
Uttarakhand,rudranath,"Rudranath",Uttarakhand,spiritual,4.7,900
Uttarakhand,yamunotri-temple,"Yamunotri Temple",Uttarakhand,spiritual,4.1,900
Uttarakhand,kalpeshwar,"Kalpeshwar",Uttarakhand,spiritual,4.2,900
Uttarakhand,madhyamaheshwar,"Madhyamaheshwar",Uttarakhand,spiritual,4.3,900
Uttarakhand,kempty-falls,"Kempty Falls",Uttarakhand,heritage,4.2,900
Uttarakhand,patal-bhuvaneshwar,"Patal Bhuvaneshwar",Uttarakhand,heritage,4.7,900
Uttarakhand,baleshwar-temple,"Baleshwar Temple",Uttarakhand,spiritual,4.8,900
Uttarakhand,daksheswara-mahadev-temple,"Daksheswara Mahadev Temple",Uttarakhand,spiritual,4.2,900
Uttarakhand,bagnath-temple,"Bagnath Temple",Uttarakhand,spiritual,4.7,900
Uttarakhand,triyuginarayan-temple,"Triyuginarayan Temple",Uttarakhand,spiritual,4.3,900
Uttarakhand,tapkeshwar-temple,"Tapkeshwar Temple",Uttarakhand,spiritual,4.6,900
Uttarakhand,sapta-badri,"Sapta Badri",Uttarakhand,spiritual,4.5,900
Uttarakhand,gopinath-mandir,"Gopinath Mandir",Uttarakhand,spiritual,4.6,900
Uttarakhand,neelkanth-mahadev-temple,"Neelkanth Mahadev Temple",Uttarakhand,spiritual,4.8,900
Uttarakhand,lakhamandal-temple-ruins-and-images,"Lakhamandal temple, ruins and images",Uttarakhand,spiritual,4.8,900
Uttarakhand,kainchi-dham,"Kainchi Dham",Uttarakhand,spiritual,4.1,900
Uttarakhand,vasudhara-falls,"Vasudhara Falls",Uttarakhand,heritage,4.2,900
Uttarakhand,umra-narayan,"Umra Narayan",Uttarakhand,spiritual,4.1,900
Uttarakhand,raghunathji-temple-devprayag,"Raghunathji Temple, Devprayag",Uttarakhand,spiritual,4.4,900
Uttarakhand,adi-badri-temples,"Adi Badri temples",Uttarakhand,spiritual,4.5,900
Uttarakhand,kamanda-mahadev,"Kamanda Mahadev",Uttarakhand,spiritual,4.7,900
Uttarakhand,beatles-ashram,"Beatles Ashram",Uttarakhand,heritage,4.8,900
Uttarakhand,gurdwara-nanak-mata-sahib,"Gurdwara Nanak Mata Sahib",Uttarakhand,heritage,4.2,900
Uttarakhand,moteshwar-mahadev,"Moteshwar Mahadev",Uttarakhand,spiritual,4.2,900
Uttarakhand,kalinka-pauri-garhwal,"Kalinka, Pauri Garhwal",Uttarakhand,spiritual,4.8,900
Uttarakhand,st-john-in-the-wilderness-nainital,"St. John in the Wilderness (Nainital)",Uttarakhand,spiritual,4.3,900
Uttarakhand,mussoorie-wildlife-sanctuary,"Mussoorie Wildlife Sanctuary",Uttarakhand,wildlife,4.4,2500
Uttarakhand,sonanadi-wildlife-sanctuary,"Sonanadi Wildlife Sanctuary",Uttarakhand,wildlife,4.4,2500
Uttarakhand,gujrugarhi,"Gujrugarhi",Uttarakhand,spiritual,4.1,900
Uttarakhand,chandrabadani-devi,"Chandrabadani Devi",Uttarakhand,spiritual,4.1,900
Vaigai Plains,madurai,"Madurai",Tamil Nadu,spiritual,4.6,900
Vellore,yelagiri,"Yelagiri",Tamil Nadu,hill_station,4.1,1100
Wayanad,chembra-peak,"Chembra Peak",Kerala,adventure,4.9,2800
West Bengal,sundarbans-national-park,"Sundarbans National Park",West Bengal,wildlife,4.3,2500
West Bengal,dakshineswar-kali-temple,"Dakshineswar Kali Temple",West Bengal,spiritual,4.6,900
West Bengal,fort-william,"Fort William",West Bengal,heritage,4.3,900
West Bengal,kalighat-kali-temple,"Kalighat Kali Temple",West Bengal,spiritual,4.1,900
West Bengal,singalila-national-park,"Singalila National Park",West Bengal,wildlife,4.2,2500
West Bengal,raiganj-wildlife-sanctuary,"Raiganj Wildlife Sanctuary",West Bengal,wildlife,4.7,2500
West Bengal,cooch-behar-palace,"Cooch Behar Palace",West Bengal,heritage,4.8,900
West Bengal,basilica-of-the-holy-rosary,"Basilica of the Holy-Rosary",West Bengal,spiritual,4.4,900
West Bengal,hangseshwari-temple,"Hangseshwari Temple",West Bengal,spiritual,4.7,900
West Bengal,garh-panchkot,"Garh Panchkot",West Bengal,heritage,4.4,900
West Bengal,hazarduari-palace,"Hazarduari Palace",West Bengal,heritage,4.3,900
West Bengal,bethuadahari-wildlife-sanctuary,"Bethuadahari Wildlife Sanctuary",West Bengal,wildlife,4.6,2500
West Bengal,buxa-fort,"Buxa Fort",West Bengal,heritage,4.3,900
West Bengal,armenian-church-of-st-john-the-baptist,"Armenian Church of St. John the Baptist",West Bengal,spiritual,4.4,900
West Bengal,bibhutibhushan-wildlife-sanctuary,"Bibhutibhushan Wildlife Sanctuary",West Bengal,wildlife,4.7,2500
West Bengal,nava-kailasha-temple,"Nava-Kailasha Temple",West Bengal,spiritual,4.2,900
West Bengal,st-mary-armenian-church,"St. Mary Armenian Church",West Bengal,spiritual,4.1,900
West Bengal,chapramari-wildlife-sanctuary,"Chapramari Wildlife Sanctuary",West Bengal,wildlife,4.6,2500
West Bengal,mahananda-wildlife-sanctuary,"Mahananda Wildlife Sanctuary",West Bengal,wildlife,4.5,2500
West Bengal,rasmancha,"Rasmancha",West Bengal,heritage,4.5,900
West Bengal,temple-of-vedic-planetarium,"Temple of Vedic Planetarium",West Bengal,spiritual,4.5,900
West Bengal,madangopal-jiu-temple,"Madangopal-jiu Temple",West Bengal,spiritual,4.5,900
West Bengal,jatar-deul,"Jatar Deul",West Bengal,spiritual,4.2,900
West Bengal,siddheshwar-temple,"Siddheshwar temple",West Bengal,spiritual,4.4,900
West Bengal,bargabhima-temple,"Bargabhima temple",West Bengal,spiritual,4.5,900
West Bengal,attahas-shaktipeeth,"Attahas Shaktipeeth",West Bengal,spiritual,4.4,900
West Bengal,temple-of-ichai-ghosh,"Temple of Ichai Ghosh",West Bengal,spiritual,4.2,900
West Bengal,kalyaneshwari-temple,"Kalyaneshwari Temple",West Bengal,spiritual,4.7,900
West Bengal,kiriteswari-temple,"Kiriteswari Temple",West Bengal,spiritual,4.5,900
West Bengal,ramnabagan-wildlife-sanctuary,"Ramnabagan Wildlife Sanctuary",West Bengal,wildlife,4.1,2500
West Bengal,ballabhpur-wildlife-sanctuary,"Ballabhpur Wildlife Sanctuary",West Bengal,wildlife,4.4,2500
West Bengal,eco-park,"Eco Park",West Bengal,heritage,4.5,900
West Bengal,nicco-park,"Nicco Park",West Bengal,heritage,4.7,900
West Bengal,jungle-mahal-zoological-park,"Jungle Mahal Zoological Park",West Bengal,wildlife,4.6,2500
West Bengal,kurumbera-fort,"Kurumbera Fort",West Bengal,heritage,4.2,900
West Bengal,andul-rajbari,"Andul Rajbari",West Bengal,heritage,4.8,900
West Bengal,st-olav-s-church-serampore,"St. Olav's Church, Serampore",West Bengal,spiritual,4.3,900
West Bengal,gokulchand-temple,"Gokulchand Temple",West Bengal,spiritual,4.7,900
West Bengal,ekteshwar-temple,"Ekteshwar Temple",West Bengal,spiritual,4.2,900
West Bengal,temple-of-banda,"Temple of Banda",West Bengal,spiritual,4.4,900
West Bengal,char-bangla-temples,"Char Bangla Temples",West Bengal,spiritual,4.2,900
West Bengal,jalpeshwar-shiva-temple,"Jalpeshwar Shiva temple",West Bengal,spiritual,4.3,900
West Bengal,twin-temples,"Twin temples",West Bengal,spiritual,4.5,900
West Bengal,senchal-wildlife-sanctuary,"Senchal Wildlife Sanctuary",West Bengal,wildlife,4.6,2500
West Bengal,chintamoni-kar-bird-sanctuary,"Chintamoni Kar Bird Sanctuary",West Bengal,wildlife,4.3,2500
West Bengal,lothian-island-wildlife-sanctuary,"Lothian Island Wildlife Sanctuary",West Bengal,wildlife,4.3,2500
West Bengal,haliday-island-wildlife-sanctuary,"Haliday Island Wildlife Sanctuary",West Bengal,wildlife,4.2,2500
West Bengal,brindaban-chandra-s-math,"Brindaban Chandra's Math",West Bengal,spiritual,4.7,900
West Bengal,chapra-christ-church,"Chapra Christ Church",West Bengal,spiritual,4.7,900
West Bengal,sridhar-temple,"Sridhar Temple",West Bengal,spiritual,4.4,900
West Bengal,taraknath-temple,"Taraknath Temple",West Bengal,spiritual,4.6,900
West Bengal,kamteswari-temple,"Kamteswari temple",West Bengal,spiritual,4.1,900
West Bengal,ramkeli-madanmohan-jiu-temple,"Ramkeli Madanmohan Jiu temple",West Bengal,spiritual,4.8,900
West Bengal,rampara-kalibari,"Rampara Kalibari",West Bengal,spiritual,4.6,900
West Bengal,jagatnagar-kalibari,"Jagatnagar Kalibari",West Bengal,spiritual,4.6,900
West Bengal,sat-deul,"Sat Deul",West Bengal,spiritual,4.5,900
West Bengal,keshabeshwar-temple,"Keshabeshwar temple",West Bengal,spiritual,4.3,900
West Bengal,nrisingha-temple,"Nrisingha Temple",West Bengal,spiritual,4.5,900
West Bengal,santinath-siva-temple,"Santinath Siva temple",West Bengal,spiritual,4.5,900
West Bengal,ghaghar-burhi-temple,"Ghaghar Burhi temple",West Bengal,spiritual,4.3,900
West Bengal,jore-pokhri-wildlife-sanctuary,"Jore Pokhri Wildlife Sanctuary",West Bengal,wildlife,4.6,2500
West Bengal,sacred-heart-french-cemetery,"Sacred Heart French Cemetery",West Bengal,spiritual,4.3,900
West Bengal,rangamati-tea-estate-cemetery,"Rangamati Tea Estate Cemetery",West Bengal,heritage,4.8,900
West Bengal,kalikapur-zamindar-palace,"Kalikapur Zamindar palace",West Bengal,heritage,4.2,900
West Bengal,st-john-s-church,"St. John's Church",West Bengal,spiritual,4.5,900
West Bengal,kanak-durga-temple,"Kanak Durga Temple",West Bengal,spiritual,4.6,900
West Bengal,nandikeshwari-temple,"Nandikeshwari Temple",West Bengal,spiritual,4.7,900
West Bengal,begunbari-kali-temple,"Begunbari Kali Temple",West Bengal,spiritual,4.6,900
West Bengal,bhavatarini-shmashanpith-kali-temple,"Bhavatarini Shmashanpith Kali Temple",West Bengal,spiritual,4.2,900
West Bengal,baneshwar-shiva-temple,"Baneshwar Shiva temple",West Bengal,spiritual,4.7,900
West Bengal,mohanpur-jagannath-temple,"Mohanpur Jagannath temple",West Bengal,spiritual,4.4,900
West Bengal,jatileswar-siva-temple,"Jatileswar Siva temple",West Bengal,spiritual,4.3,900
West Bengal,chakbhabani-kalibari,"Chakbhabani Kalibari",West Bengal,spiritual,4.2,900
West Bengal,sangchhen-thong-delling-monastery,"Sangchhen Thong Delling monastery",West Bengal,spiritual,4.7,900
West Bengal,ghanteshwar-temple,"Ghanteshwar Temple",West Bengal,spiritual,4.7,900
West Jaintia Hills,dawki,"Dawki",Meghalaya,nature,4.8,2000
West Kameng,tawang,"Tawang",Arunachal Pradesh,hill_station,4.6,1600
West Sikkim,pelling,"Pelling",Sikkim,hill_station,4.5,1400
Western Ghats,coorg,"Coorg",Karnataka,hill_station,4.5,600
Western Ghats,munnar,"Munnar",Kerala,hill_station,4.6,600
Western Ghats,chikmagalur,"Chikmagalur",Karnataka,hill_station,4.5,1200
Western Ghats,wayanad,"Wayanad",Kerala,hill_station,4.5,1200